{"type":"FeatureCollection","features":[{"type":"Feature","properties":{"cd":"E05015674","nm":"Sarisbury & Whiteley"},"geometry":{"type":"MultiPolygon","coordinates":[[[[-1.3094,50.8688],[-1.3097,50.8685],[-1.3097,50.869],[-1.3094,50.8688]]],[[[-1.2898,50.8938],[-1.2903,50.8923],[-1.2911,50.8924],[-1.2898,50.8938]]],[[[-1.2547,50.887],[-1.2553,50.8749],[-1.2802,50.8804],[-1.2826,50.8755],[-1.2793,50.8733],[-1.2846,50.8697],[-1.2809,50.8683],[-1.2874,50.8672],[-1.2949,50.8645],[-1.3017,50.8611],[-1.3077,50.8631],[-1.3078,50.8634],[-1.3058,50.8744],[-1.3054,50.8746],[-1.2963,50.8793],[-1.302,50.8836],[-1.3001,50.8854],[-1.298,50.887],[-1.2877,50.8917],[-1.2871,50.8954],[-1.2655,50.8977],[-1.2652,50.8979],[-1.2547,50.887]]]]}},{"type":"Feature","properties":{"cd":"E05015675","nm":"Stubbington"},"geometry":{"type":"Polygon","coordinates":[[[-1.1817,50.8367],[-1.1817,50.8323],[-1.1891,50.8227],[-1.1863,50.8196],[-1.1788,50.8143],[-1.187,50.8114],[-1.1939,50.811],[-1.2142,50.8108],[-1.212,50.8206],[-1.219,50.8225],[-1.2191,50.8285],[-1.2246,50.8296],[-1.2217,50.8336],[-1.2196,50.8415],[-1.2237,50.8448],[-1.2111,50.8459],[-1.1865,50.8387],[-1.187,50.8358],[-1.1817,50.8367]]]}},{"type":"Feature","properties":{"cd":"E58000563","nm":"Hamble"},"geometry":{"type":"Polygon","coordinates":[[[-1.3134,50.8724],[-1.3126,50.8715],[-1.3097,50.869],[-1.3097,50.8685],[-1.3131,50.8651],[-1.3124,50.8548],[-1.3177,50.8542],[-1.3102,50.8507],[-1.3126,50.8489],[-1.3319,50.8571],[-1.364,50.8793],[-1.3494,50.8886],[-1.3494,50.8886],[-1.3379,50.8723],[-1.3284,50.8712],[-1.3285,50.8743],[-1.3134,50.8724]]]}},{"type":"Feature","properties":{"cd":"E05013950","nm":"Colney Heath"},"geometry":{"type":"Polygon","coordinates":[[[-0.2456,51.7518],[-0.242,51.7432],[-0.2465,51.7382],[-0.2444,51.7319],[-0.2503,51.7326],[-0.2551,51.7295],[-0.2661,51.7381],[-0.2853,51.7317],[-0.3011,51.7315],[-0.3037,51.7376],[-0.2922,51.7405],[-0.2852,51.7494],[-0.2727,51.7499],[-0.2751,51.7532],[-0.2816,51.7516],[-0.285,51.7602],[-0.267,51.768],[-0.2586,51.7602],[-0.2613,51.7585],[-0.2559,51.7493],[-0.2531,51.7477],[-0.2456,51.7518]]]}},{"type":"Feature","properties":{"cd":"E05013962","nm":"Sandridge & Wheathampstead"},"geometry":{"type":"Polygon","coordinates":[[[-0.2735,51.8354],[-0.2651,51.8338],[-0.2434,51.8128],[-0.2438,51.8094],[-0.2775,51.7978],[-0.2712,51.791],[-0.2774,51.7781],[-0.2758,51.7722],[-0.2911,51.765],[-0.2976,51.7746],[-0.3049,51.7727],[-0.3228,51.7718],[-0.3249,51.7789],[-0.3327,51.7769],[-0.3335,51.7801],[-0.3372,51.7879],[-0.3477,51.7923],[-0.3359,51.7938],[-0.3397,51.7987],[-0.3193,51.812],[-0.3358,51.8109],[-0.3265,51.824],[-0.3323,51.8254],[-0.3423,51.8366],[-0.3487,51.8316],[-0.3561,51.8306],[-0.3644,51.8399],[-0.3633,51.8421],[-0.356,51.8405],[-0.3395,51.8496],[-0.3232,51.8448],[-0.3194,51.8367],[-0.2735,51.8354]]]}},{"type":"Feature","properties":{"cd":"E05011487","nm":"Waddon"},"geometry":{"type":"Polygon","coordinates":[[[-0.0989,51.3645],[-0.0978,51.3577],[-0.1077,51.3574],[-0.1086,51.354],[-0.114,51.3457],[-0.1173,51.3457],[-0.1246,51.3584],[-0.1214,51.3623],[-0.1267,51.3771],[-0.108,51.3771],[-0.0989,51.3645]]]}},{"type":"Feature","properties":{"cd":"E05013060","nm":"Queen Edith's"},"geometry":{"type":"Polygon","coordinates":[[[0.1594,52.1843],[0.1677,52.181],[0.1637,52.1723],[0.1549,52.1646],[0.1418,52.171],[0.132,52.1682],[0.132,52.1856],[0.1326,52.187],[0.1413,52.1884],[0.1594,52.1843]]]}},{"type":"Feature","properties":{"cd":"E05011465","nm":"Broad Green"},"geometry":{"type":"Polygon","coordinates":[[[-0.1054,51.3879],[-0.1042,51.3839],[-0.0985,51.3828],[-0.108,51.3771],[-0.1267,51.3771],[-0.1326,51.3901],[-0.1211,51.3854],[-0.1054,51.3879]]]}},{"type":"Feature","properties":{"cd":"E05010833","nm":"Mersea & Pyefleet"},"geometry":{"type":"MultiPolygon","coordinates":[[[[0.9651,51.8088],[0.9748,51.8044],[0.9933,51.8035],[1.0058,51.7995],[0.9966,51.7912],[0.9458,51.7747],[0.9022,51.7744],[0.8981,51.7797],[0.9019,51.7862],[0.9195,51.7941],[0.9265,51.8016],[0.9436,51.8069],[0.9446,51.8058],[0.9454,51.8068],[0.9651,51.8088]]],[[[0.976,51.8464],[0.9776,51.8409],[0.9784,51.8382],[0.9744,51.8288],[0.9823,51.8174],[0.9664,51.8223],[0.9641,51.829],[0.9526,51.8333],[0.9629,51.8283],[0.9642,51.822],[0.9492,51.8247],[0.9435,51.8222],[0.9512,51.8234],[0.9666,51.8194],[0.9912,51.8072],[0.9696,51.8127],[0.9275,51.8076],[0.9253,51.8083],[0.9199,51.8079],[0.9233,51.8062],[0.9372,51.8059],[0.9254,51.8027],[0.8996,51.7888],[0.9013,51.7923],[0.8986,51.7901],[0.8972,51.789],[0.8948,51.791],[0.8947,51.7898],[0.89,51.7931],[0.8903,51.7984],[0.87,51.8056],[0.8614,51.8178],[0.8711,51.8215],[0.8681,51.8247],[0.8778,51.8299],[0.8804,51.841],[0.8861,51.8407],[0.8887,51.8462],[0.896,51.8461],[0.8989,51.8432],[0.9202,51.8453],[0.9278,51.8456],[0.9302,51.8429],[0.9377,51.8478],[0.9451,51.8466],[0.9527,51.8491],[0.9542,51.8542],[0.9576,51.8533],[0.976,51.8464]]]]}},{"type":"Feature","properties":{"cd":"E05013087","nm":"Norden"},"geometry":{"type":"Polygon","coordinates":[[[-1.0606,51.2824],[-1.0631,51.2747],[-1.0582,51.2718],[-1.0668,51.271],[-1.0803,51.2696],[-1.1093,51.2672],[-1.1129,51.2756],[-1.1016,51.2775],[-1.0842,51.2793],[-1.0757,51.2774],[-1.0696,51.2847],[-1.0614,51.2855],[-1.0606,51.2824]]]}},{"type":"Feature","properties":{"cd":"E05013089","nm":"Popley"},"geometry":{"type":"Polygon","coordinates":[[[-1.0699,51.2876],[-1.0696,51.2847],[-1.0757,51.2774],[-1.0842,51.2793],[-1.1016,51.2775],[-1.1058,51.2807],[-1.0847,51.286],[-1.0886,51.2903],[-1.0699,51.2876]]]}},{"type":"Feature","properties":{"cd":"E05010998","nm":"Central Meon Valley"},"geometry":{"type":"Polygon","coordinates":[[[-1.0634,50.9777],[-1.0555,50.9776],[-1.0537,50.971],[-1.0453,50.9687],[-1.0462,50.9546],[-1.0357,50.9515],[-1.038,50.9454],[-1.0366,50.9317],[-1.0776,50.9135],[-1.0883,50.9225],[-1.0926,50.9156],[-1.0987,50.9155],[-1.1157,50.9069],[-1.1159,50.9094],[-1.1248,50.9097],[-1.1224,50.9077],[-1.1286,50.901],[-1.1315,50.9035],[-1.1433,50.9033],[-1.1538,50.8974],[-1.1621,50.9],[-1.1586,50.9024],[-1.1725,50.9028],[-1.1771,50.9054],[-1.1725,50.9185],[-1.169,50.9228],[-1.1843,50.9308],[-1.1997,50.9279],[-1.2008,50.9246],[-1.2131,50.9277],[-1.223,50.9234],[-1.2143,50.9316],[-1.2123,50.9352],[-1.2153,50.9358],[-1.2035,50.9441],[-1.1907,50.9428],[-1.1759,50.9646],[-1.1789,50.9751],[-1.1593,50.9776],[-1.1522,50.9745],[-1.1293,50.9737],[-1.1301,50.9642],[-1.1001,50.9632],[-1.0983,50.9601],[-1.1039,50.9542],[-1.0912,50.9516],[-1.0874,50.9626],[-1.0913,50.9652],[-1.0757,50.978],[-1.068,50.9741],[-1.0634,50.9777]]]}},{"type":"Feature","properties":{"cd":"E05009365","nm":"Carterton North West"},"geometry":{"type":"Polygon","coordinates":[[[-1.5959,51.7732],[-1.5937,51.7688],[-1.5987,51.7675],[-1.5944,51.7592],[-1.6066,51.7552],[-1.609,51.7612],[-1.6045,51.7703],[-1.6018,51.7763],[-1.5953,51.7762],[-1.5959,51.7732]]]}},{"type":"Feature","properties":{"cd":"E05006653","nm":"Woodstock and Bladon"},"geometry":{"type":"Polygon","coordinates":[[[-1.3392,51.8562],[-1.337,51.8499],[-1.3414,51.8404],[-1.3367,51.8378],[-1.342,51.8302],[-1.3325,51.8311],[-1.3262,51.8255],[-1.3311,51.8205],[-1.3382,51.82],[-1.3494,51.8184],[-1.3577,51.8207],[-1.3628,51.8179],[-1.3657,51.8212],[-1.3615,51.8298],[-1.3726,51.8264],[-1.379,51.8325],[-1.3876,51.8443],[-1.3969,51.8489],[-1.3993,51.8613],[-1.395,51.8642],[-1.3832,51.867],[-1.3686,51.8638],[-1.3467,51.8678],[-1.3392,51.8562]]]}},{"type":"Feature","properties":{"cd":"E05010996","nm":"Badger Farm & Oliver's Battery"},"geometry":{"type":"Polygon","coordinates":[[[-1.3522,51.0579],[-1.356,51.0559],[-1.3489,51.0501],[-1.3308,51.0526],[-1.3264,51.0501],[-1.3269,51.0402],[-1.3198,51.0398],[-1.3195,51.0327],[-1.3279,51.0181],[-1.3253,51.0129],[-1.3304,51.0067],[-1.3242,51.001],[-1.3334,50.9993],[-1.3392,50.994],[-1.3328,50.9893],[-1.3355,50.9835],[-1.3441,50.9849],[-1.3466,50.9814],[-1.3428,50.9909],[-1.3571,50.9984],[-1.393,51.0044],[-1.3944,51.0097],[-1.3985,51.0083],[-1.4112,51.0141],[-1.421,51.0138],[-1.43,51.0241],[-1.4397,51.0244],[-1.4448,51.0275],[-1.4472,51.0346],[-1.4565,51.0411],[-1.4471,51.0522],[-1.436,51.0595],[-1.4155,51.0627],[-1.3735,51.0603],[-1.3693,51.0647],[-1.3581,51.0669],[-1.3522,51.0579]]]}},{"type":"Feature","properties":{"cd":"E05011000","nm":"Denmead"},"geometry":{"type":"Polygon","coordinates":[[[-1.0341,50.9042],[-1.0476,50.8906],[-1.0445,50.8833],[-1.0352,50.8809],[-1.0382,50.8795],[-1.0579,50.8815],[-1.0556,50.8832],[-1.0614,50.8846],[-1.0664,50.8818],[-1.077,50.8921],[-1.0854,50.8902],[-1.0965,50.8931],[-1.1026,50.8993],[-1.1252,50.8984],[-1.1286,50.901],[-1.1224,50.9077],[-1.1248,50.9097],[-1.1159,50.9094],[-1.1157,50.9069],[-1.0987,50.9155],[-1.0926,50.9156],[-1.0883,50.9225],[-1.0776,50.9135],[-1.0366,50.9317],[-1.0394,50.9278],[-1.0364,50.922],[-1.0448,50.9163],[-1.0485,50.9025],[-1.0341,50.9042]]]}},{"type":"Feature","properties":{"cd":"E05011006","nm":"Southwick & Wickham"},"geometry":{"type":"Polygon","coordinates":[[[-1.1725,50.9185],[-1.1771,50.9054],[-1.1725,50.9028],[-1.1586,50.9024],[-1.1621,50.9],[-1.1538,50.8974],[-1.1433,50.9033],[-1.1315,50.9035],[-1.1286,50.901],[-1.1252,50.8984],[-1.1026,50.8993],[-1.0965,50.8931],[-1.0854,50.8902],[-1.077,50.8921],[-1.0664,50.8818],[-1.0614,50.8846],[-1.0556,50.8832],[-1.0579,50.8815],[-1.0382,50.8795],[-1.0404,50.8778],[-1.0465,50.8741],[-1.0457,50.8706],[-1.0474,50.8657],[-1.0546,50.8674],[-1.0487,50.8646],[-1.0541,50.8565],[-1.0543,50.8551],[-1.0662,50.8585],[-1.0755,50.8564],[-1.0908,50.8586],[-1.1158,50.8583],[-1.1381,50.8588],[-1.1432,50.8584],[-1.1445,50.8666],[-1.1517,50.8703],[-1.1495,50.8782],[-1.1539,50.8823],[-1.1672,50.8894],[-1.1806,50.888],[-1.1883,50.888],[-1.1882,50.884],[-1.1959,50.885],[-1.198,50.8759],[-1.216,50.8751],[-1.2236,50.8676],[-1.229,50.8612],[-1.2366,50.8638],[-1.2327,50.8699],[-1.2358,50.8713],[-1.2165,50.8841],[-1.2163,50.8905],[-1.2299,50.902],[-1.238,50.9036],[-1.2332,50.9032],[-1.2331,50.9063],[-1.2174,50.9109],[-1.2065,50.9076],[-1.1994,50.9089],[-1.1823,50.9193],[-1.1725,50.9185]]]}},{"type":"Feature","properties":{"cd":"E05013634","nm":"Cricklewood"},"geometry":{"type":"Polygon","coordinates":[[[-0.2107,51.5719],[-0.2067,51.5671],[-0.2149,51.5629],[-0.206,51.5564],[-0.2135,51.5552],[-0.2207,51.5617],[-0.2322,51.571],[-0.2184,51.5768],[-0.2107,51.5719]]]}},{"type":"Feature","properties":{"cd":"E05013497","nm":"Barnhill"},"geometry":{"type":"Polygon","coordinates":[[[-0.2654,51.5589],[-0.279,51.5633],[-0.2881,51.5689],[-0.2901,51.5738],[-0.2814,51.5788],[-0.2778,51.5797],[-0.2718,51.5704],[-0.2614,51.5639],[-0.2654,51.5589]]]}},{"type":"Feature","properties":{"cd":"E05013499","nm":"Cricklewood & Mapesbury"},"geometry":{"type":"Polygon","coordinates":[[[-0.2135,51.5552],[-0.2037,51.547],[-0.2035,51.5468],[-0.2184,51.5487],[-0.2175,51.5527],[-0.2306,51.5548],[-0.2314,51.5576],[-0.2207,51.5617],[-0.2135,51.5552]]]}},{"type":"Feature","properties":{"cd":"E05013500","nm":"Dollis Hill"},"geometry":{"type":"Polygon","coordinates":[[[-0.2322,51.571],[-0.2207,51.5617],[-0.2314,51.5576],[-0.2471,51.5533],[-0.251,51.5509],[-0.2531,51.5546],[-0.247,51.5686],[-0.2442,51.5726],[-0.2322,51.571]]]}},{"type":"Feature","properties":{"cd":"E05013501","nm":"Harlesden & Kensal Green"},"geometry":{"type":"Polygon","coordinates":[[[-0.2305,51.5372],[-0.2268,51.5365],[-0.2256,51.5333],[-0.2338,51.5323],[-0.2463,51.5327],[-0.2556,51.534],[-0.2566,51.5411],[-0.2521,51.5394],[-0.2458,51.5434],[-0.2415,51.539],[-0.2305,51.5372]]]}},{"type":"Feature","properties":{"cd":"E05013502","nm":"Kenton"},"geometry":{"type":"Polygon","coordinates":[[[-0.2825,51.5851],[-0.2814,51.5788],[-0.2901,51.5738],[-0.2881,51.5689],[-0.3126,51.5776],[-0.3266,51.5786],[-0.317,51.5821],[-0.3068,51.5865],[-0.2825,51.5851]]]}},{"type":"Feature","properties":{"cd":"E05009325","nm":"Lansbury"},"geometry":{"type":"Polygon","coordinates":[[[0.0041,51.5147],[-0.021,51.5108],[-0.0245,51.5138],[-0.0216,51.5166],[-0.0081,51.5238],[-0.0057,51.5168],[-0.0022,51.518],[0.0041,51.5147]]]}},{"type":"Feature","properties":{"cd":"E05011476","nm":"Purley & Woodcote"},"geometry":{"type":"Polygon","coordinates":[[[-0.1173,51.3457],[-0.114,51.3457],[-0.1109,51.3453],[-0.1141,51.3402],[-0.1063,51.3373],[-0.1028,51.3288],[-0.1085,51.3301],[-0.1155,51.3268],[-0.1177,51.3287],[-0.1219,51.3275],[-0.1203,51.3238],[-0.1283,51.3223],[-0.1299,51.3281],[-0.1389,51.3326],[-0.1441,51.3307],[-0.1475,51.3388],[-0.1443,51.3402],[-0.1283,51.3475],[-0.1269,51.3449],[-0.1173,51.3457]]]}},{"type":"Feature","properties":{"cd":"NET:fawdon-and-west-gosforth","nm":"Fawdon & West Gosforth"},"geometry":{"type":"Polygon","coordinates":[[[-1.6208,55.0118],[-1.6198,55.0074],[-1.6387,55.0023],[-1.6449,55.0107],[-1.6604,55.0123],[-1.6585,55.014],[-1.6474,55.0234],[-1.6412,55.0228],[-1.6415,55.0176],[-1.6353,55.0143],[-1.6208,55.0118]]]}},{"type":"Feature","properties":{"cd":"E05013766","nm":"Sutton North"},"geometry":{"type":"Polygon","coordinates":[[[-0.1826,51.3768],[-0.1811,51.3698],[-0.2006,51.3684],[-0.2057,51.368],[-0.2086,51.3714],[-0.1971,51.3808],[-0.1873,51.3819],[-0.1826,51.3768]]]}},{"type":"Feature","properties":{"cd":"E05013963","nm":"Sopwell"},"geometry":{"type":"Polygon","coordinates":[[[-0.3264,51.7457],[-0.3193,51.7312],[-0.3298,51.7291],[-0.3445,51.7326],[-0.3491,51.7419],[-0.3414,51.7481],[-0.3264,51.7457]]]}},{"type":"Feature","properties":{"cd":"E05009395","nm":"Earl's Court"},"geometry":{"type":"Polygon","coordinates":[[[-0.1885,51.4916],[-0.1959,51.4874],[-0.1964,51.4872],[-0.2024,51.4917],[-0.2018,51.4918],[-0.1911,51.4947],[-0.1885,51.4916]]]}},{"type":"Feature","properties":{"cd":"E05009396","nm":"Golborne"},"geometry":{"type":"Polygon","coordinates":[[[-0.2073,51.5262],[-0.2016,51.5227],[-0.2037,51.5206],[-0.2102,51.5177],[-0.2129,51.5223],[-0.2155,51.5267],[-0.2073,51.5262]]]}},{"type":"Feature","properties":{"cd":"E05009398","nm":"Norland"},"geometry":{"type":"Polygon","coordinates":[[[-0.2052,51.5108],[-0.2031,51.5079],[-0.2038,51.5077],[-0.217,51.5045],[-0.2155,51.5084],[-0.2095,51.5105],[-0.209,51.516],[-0.2052,51.5108]]]}},{"type":"Feature","properties":{"cd":"E05009399","nm":"Notting Dale"},"geometry":{"type":"Polygon","coordinates":[[[-0.209,51.516],[-0.2095,51.5105],[-0.2155,51.5084],[-0.2202,51.5117],[-0.2225,51.5154],[-0.2102,51.5177],[-0.209,51.516]]]}},{"type":"Feature","properties":{"cd":"E05009400","nm":"Pembridge"},"geometry":{"type":"Polygon","coordinates":[[[-0.1921,51.5099],[-0.2031,51.5079],[-0.2052,51.5108],[-0.1992,51.5145],[-0.1951,51.515],[-0.1921,51.5099]]]}},{"type":"Feature","properties":{"cd":"E05009401","nm":"Queen's Gate"},"geometry":{"type":"Polygon","coordinates":[[[-0.1803,51.5015],[-0.1795,51.4978],[-0.179,51.4953],[-0.1895,51.4947],[-0.1931,51.501],[-0.1842,51.5018],[-0.1803,51.5015]]]}},{"type":"Feature","properties":{"cd":"E05009402","nm":"Redcliffe"},"geometry":{"type":"Polygon","coordinates":[[[-0.1791,51.4871],[-0.1883,51.481],[-0.1908,51.4832],[-0.1959,51.4874],[-0.1885,51.4916],[-0.1839,51.4922],[-0.1791,51.4871]]]}},{"type":"Feature","properties":{"cd":"E05011400","nm":"Killingbeck & Seacroft"},"geometry":{"type":"Polygon","coordinates":[[[-1.4521,53.8048],[-1.4858,53.8012],[-1.4877,53.8017],[-1.4841,53.8029],[-1.488,53.809],[-1.4811,53.8125],[-1.4804,53.8175],[-1.4906,53.8175],[-1.4953,53.8213],[-1.4769,53.8299],[-1.4725,53.837],[-1.4583,53.8268],[-1.4521,53.8048]]]}},{"type":"Feature","properties":{"cd":"E05013628","nm":"Barnet Vale"},"geometry":{"type":"Polygon","coordinates":[[[-0.1756,51.6606],[-0.1673,51.6389],[-0.1798,51.6343],[-0.1841,51.64],[-0.1899,51.6409],[-0.1903,51.6477],[-0.1962,51.6509],[-0.1898,51.6544],[-0.1885,51.6592],[-0.1929,51.6614],[-0.1854,51.6635],[-0.1756,51.6606]]]}},{"type":"Feature","properties":{"cd":"E05015869","nm":"Cullercoats & Whitley Bay South"},"geometry":{"type":"Polygon","coordinates":[[[-1.4363,55.0413],[-1.4307,55.0372],[-1.4306,55.0366],[-1.4305,55.0358],[-1.4307,55.0356],[-1.4305,55.0355],[-1.4303,55.0343],[-1.4306,55.0341],[-1.4303,55.034],[-1.4299,55.0305],[-1.4297,55.0303],[-1.4297,55.0303],[-1.456,55.0263],[-1.4612,55.0296],[-1.4538,55.0373],[-1.4557,55.0414],[-1.4415,55.0396],[-1.4363,55.0413]]]}},{"type":"Feature","properties":{"cd":"E05014650","nm":"Coldhurst"},"geometry":{"type":"Polygon","coordinates":[[[-2.1085,53.5516],[-2.1054,53.5459],[-2.1127,53.542],[-2.1072,53.5395],[-2.1151,53.538],[-2.1165,53.5379],[-2.1327,53.5395],[-2.1358,53.5459],[-2.1312,53.5522],[-2.1387,53.5563],[-2.1385,53.5568],[-2.1317,53.5571],[-2.1138,53.5505],[-2.1085,53.5516]]]}},{"type":"Feature","properties":{"cd":"E05013635","nm":"East Barnet"},"geometry":{"type":"Polygon","coordinates":[[[-0.1423,51.6393],[-0.1594,51.6323],[-0.1622,51.6336],[-0.1673,51.6389],[-0.1756,51.6606],[-0.1547,51.6555],[-0.1499,51.6488],[-0.1521,51.6458],[-0.1423,51.6393]]]}},{"type":"Feature","properties":{"cd":"E05013636","nm":"East Finchley"},"geometry":{"type":"Polygon","coordinates":[[[-0.1563,51.6054],[-0.1618,51.5975],[-0.1571,51.5862],[-0.1613,51.5853],[-0.168,51.5894],[-0.1688,51.5872],[-0.1805,51.588],[-0.1791,51.5919],[-0.1846,51.5944],[-0.1813,51.5961],[-0.1735,51.6014],[-0.1626,51.6055],[-0.1563,51.6054]]]}},{"type":"Feature","properties":{"cd":"E05011217","nm":"Barnehurst"},"geometry":{"type":"Polygon","coordinates":[[[0.1809,51.4708],[0.1779,51.4653],[0.182,51.4642],[0.1708,51.4582],[0.1605,51.4609],[0.1563,51.4641],[0.1574,51.4701],[0.1767,51.4741],[0.1809,51.4708]]]}},{"type":"Feature","properties":{"cd":"E05011218","nm":"Belvedere"},"geometry":{"type":"Polygon","coordinates":[[[0.1723,51.4941],[0.1631,51.492],[0.1686,51.4873],[0.1528,51.4854],[0.1537,51.4812],[0.1431,51.479],[0.1378,51.4826],[0.122,51.483],[0.1213,51.4911],[0.1492,51.4921],[0.1532,51.4963],[0.1488,51.4984],[0.152,51.5062],[0.1662,51.5037],[0.1694,51.4989],[0.1721,51.4948],[0.1721,51.4946],[0.1723,51.4941]]]}},{"type":"Feature","properties":{"cd":"E05011220","nm":"Blackfen & Lamorbey"},"geometry":{"type":"Polygon","coordinates":[[[0.1052,51.4517],[0.1016,51.4441],[0.1037,51.4413],[0.1076,51.4421],[0.105,51.4388],[0.1105,51.4387],[0.1031,51.4367],[0.1078,51.4339],[0.0998,51.4343],[0.0785,51.4371],[0.083,51.4434],[0.0874,51.4433],[0.0857,51.4565],[0.1052,51.4517]]]}},{"type":"Feature","properties":{"cd":"E05011480","nm":"Selsdon & Addington Village"},"geometry":{"type":"Polygon","coordinates":[[[-0.0198,51.3636],[-0.0183,51.3612],[-0.0286,51.3544],[-0.0331,51.3532],[-0.0314,51.3497],[-0.035,51.3479],[-0.0381,51.3519],[-0.0488,51.3478],[-0.0474,51.3452],[-0.0529,51.3422],[-0.0575,51.346],[-0.0691,51.34],[-0.0676,51.3441],[-0.0781,51.3484],[-0.0742,51.3498],[-0.0771,51.353],[-0.0633,51.3563],[-0.0613,51.3598],[-0.0557,51.3586],[-0.0499,51.3618],[-0.0422,51.3609],[-0.0236,51.3653],[-0.0198,51.3636]]]}},{"type":"Feature","properties":{"cd":"E05013524","nm":"Hanger Hill"},"geometry":{"type":"Polygon","coordinates":[[[-0.283,51.5288],[-0.2836,51.5235],[-0.2785,51.5198],[-0.2885,51.515],[-0.2991,51.5149],[-0.2988,51.5231],[-0.3084,51.5228],[-0.3127,51.5299],[-0.3027,51.532],[-0.2818,51.5381],[-0.279,51.5332],[-0.2894,51.5317],[-0.283,51.5288]]]}},{"type":"Feature","properties":{"cd":"E05013731","nm":"Sydenham"},"geometry":{"type":"Polygon","coordinates":[[[-0.0375,51.4307],[-0.0399,51.4243],[-0.0517,51.4225],[-0.0718,51.4263],[-0.0739,51.4262],[-0.0729,51.4321],[-0.0613,51.4306],[-0.0531,51.4337],[-0.0514,51.4291],[-0.0375,51.4307]]]}},{"type":"Feature","properties":{"cd":"COV:earlsdon","nm":"Earlsdon"},"geometry":{"type":"Polygon","coordinates":[[[-1.5257,52.4039],[-1.5158,52.4011],[-1.5155,52.3911],[-1.5004,52.3837],[-1.5094,52.3788],[-1.5161,52.3798],[-1.5197,52.3879],[-1.528,52.3839],[-1.5473,52.3905],[-1.5563,52.3968],[-1.5591,52.407],[-1.5526,52.4074],[-1.5411,52.4006],[-1.5257,52.4039]]]}},{"type":"Feature","properties":{"cd":"BRD:city","nm":"City"},"geometry":{"type":"Polygon","coordinates":[[[-1.7492,53.7903],[-1.7581,53.7822],[-1.7706,53.7843],[-1.7804,53.7807],[-1.7871,53.7851],[-1.7818,53.7908],[-1.7841,53.795],[-1.7919,53.7952],[-1.7929,53.7988],[-1.7848,53.7992],[-1.7669,53.7976],[-1.7561,53.8014],[-1.7516,53.8025],[-1.743,53.7942],[-1.7492,53.7903]]]}},{"type":"Feature","properties":{"cd":"E05013529","nm":"North Hanwell"},"geometry":{"type":"Polygon","coordinates":[[[-0.3358,51.5121],[-0.3438,51.511],[-0.3517,51.5122],[-0.3482,51.5157],[-0.3511,51.5216],[-0.3489,51.5272],[-0.3455,51.5275],[-0.3341,51.5284],[-0.3298,51.5146],[-0.3358,51.5121]]]}},{"type":"Feature","properties":{"cd":"E05013530","nm":"Northfield"},"geometry":{"type":"Polygon","coordinates":[[[-0.307,51.5029],[-0.3058,51.4983],[-0.3007,51.4993],[-0.2975,51.4949],[-0.3054,51.4945],[-0.3119,51.492],[-0.3158,51.4959],[-0.3273,51.496],[-0.3333,51.5001],[-0.3263,51.5042],[-0.3224,51.5053],[-0.3171,51.4995],[-0.307,51.5029]]]}},{"type":"Feature","properties":{"cd":"E05013531","nm":"Northolt Mandeville"},"geometry":{"type":"Polygon","coordinates":[[[-0.3558,51.5529],[-0.3576,51.548],[-0.3535,51.5477],[-0.3658,51.5398],[-0.3762,51.5424],[-0.395,51.548],[-0.3778,51.555],[-0.3759,51.5531],[-0.3623,51.5572],[-0.3558,51.5529]]]}},{"type":"Feature","properties":{"cd":"E05013533","nm":"Norwood Green"},"geometry":{"type":"Polygon","coordinates":[[[-0.3353,51.4962],[-0.3506,51.4991],[-0.367,51.4928],[-0.3719,51.4905],[-0.375,51.494],[-0.3779,51.4966],[-0.3845,51.4947],[-0.3833,51.4994],[-0.3767,51.4981],[-0.3787,51.5059],[-0.3787,51.5059],[-0.3548,51.5094],[-0.3438,51.511],[-0.3443,51.5028],[-0.3353,51.4962]]]}},{"type":"Feature","properties":{"cd":"E05013684","nm":"Jubilee"},"geometry":{"type":"Polygon","coordinates":[[[-0.0148,51.6367],[-0.0168,51.6335],[-0.0234,51.6253],[-0.024,51.6246],[-0.0433,51.6288],[-0.0429,51.6311],[-0.0646,51.6327],[-0.066,51.6376],[-0.066,51.6376],[-0.0605,51.6449],[-0.0512,51.6438],[-0.0518,51.6408],[-0.0312,51.6374],[-0.0269,51.6401],[-0.0148,51.6367]]]}},{"type":"Feature","properties":{"cd":"E05013685","nm":"Lower Edmonton"},"geometry":{"type":"Polygon","coordinates":[[[-0.024,51.6246],[-0.0259,51.6217],[-0.0314,51.619],[-0.0585,51.6226],[-0.0555,51.6269],[-0.0612,51.6252],[-0.0646,51.6327],[-0.0429,51.6311],[-0.0433,51.6288],[-0.024,51.6246]]]}},{"type":"Feature","properties":{"cd":"E05013686","nm":"New Southgate"},"geometry":{"type":"Polygon","coordinates":[[[-0.1156,51.6126],[-0.1138,51.6126],[-0.1145,51.6084],[-0.1156,51.6084],[-0.1387,51.6102],[-0.1445,51.6155],[-0.142,51.6163],[-0.1156,51.6126]]]}},{"type":"Feature","properties":{"cd":"E05013687","nm":"Oakwood"},"geometry":{"type":"Polygon","coordinates":[[[-0.1094,51.6455],[-0.1095,51.644],[-0.116,51.6443],[-0.1169,51.6395],[-0.1257,51.6392],[-0.1273,51.6433],[-0.133,51.6419],[-0.1353,51.6469],[-0.1251,51.6515],[-0.1135,51.6538],[-0.1126,51.6501],[-0.1084,51.6514],[-0.1035,51.6483],[-0.1094,51.6455]]]}},{"type":"Feature","properties":{"cd":"E05013506","nm":"Preston"},"geometry":{"type":"Polygon","coordinates":[[[-0.2881,51.5689],[-0.279,51.5633],[-0.2806,51.5623],[-0.2857,51.5646],[-0.2928,51.562],[-0.3039,51.563],[-0.3126,51.5776],[-0.2881,51.5689]]]}},{"type":"Feature","properties":{"cd":"E05014078","nm":"Eltham Park & Progress"},"geometry":{"type":"Polygon","coordinates":[[[0.0823,51.4666],[0.0829,51.4598],[0.0789,51.4591],[0.0511,51.4555],[0.0455,51.4641],[0.0549,51.4706],[0.0601,51.4703],[0.0611,51.4653],[0.0703,51.4666],[0.0736,51.4637],[0.0823,51.4666]]]}},{"type":"Feature","properties":{"cd":"E05011281","nm":"Yaxley"},"geometry":{"type":"Polygon","coordinates":[[[-0.1878,52.5419],[-0.1883,52.5371],[-0.1707,52.5313],[-0.1436,52.5112],[-0.1756,52.4959],[-0.2092,52.5103],[-0.2141,52.5042],[-0.2272,52.5015],[-0.2287,52.4978],[-0.2411,52.4938],[-0.2668,52.4992],[-0.2794,52.4941],[-0.2916,52.4977],[-0.2963,52.5143],[-0.2933,52.5069],[-0.2878,52.5088],[-0.2846,52.5061],[-0.273,52.5128],[-0.274,52.519],[-0.2694,52.5204],[-0.2448,52.523],[-0.2431,52.5296],[-0.2383,52.5291],[-0.2317,52.5345],[-0.2366,52.5383],[-0.235,52.5434],[-0.2231,52.5424],[-0.2177,52.5379],[-0.2141,52.5418],[-0.2028,52.5426],[-0.2004,52.5452],[-0.1878,52.5419]]]}},{"type":"Feature","properties":{"cd":"COV:st-michaels","nm":"St Michael's"},"geometry":{"type":"Polygon","coordinates":[[[-1.488,52.4069],[-1.4901,52.3999],[-1.4867,52.3962],[-1.5158,52.4011],[-1.5257,52.4039],[-1.5149,52.4116],[-1.5092,52.4131],[-1.4979,52.4197],[-1.4912,52.4175],[-1.4869,52.4215],[-1.488,52.4069]]]}},{"type":"Feature","properties":{"cd":"BRD:manningham","nm":"Manningham"},"geometry":{"type":"Polygon","coordinates":[[[-1.7561,53.8014],[-1.7669,53.7976],[-1.7848,53.7992],[-1.7769,53.8043],[-1.7821,53.8121],[-1.78,53.8154],[-1.7658,53.8162],[-1.7561,53.8014]]]}},{"type":"Feature","properties":{"cd":"BRD:royds","nm":"Royds"},"geometry":{"type":"Polygon","coordinates":[[[-1.7907,53.7692],[-1.7912,53.7652],[-1.7811,53.7676],[-1.7808,53.7601],[-1.7741,53.7612],[-1.7646,53.7582],[-1.7707,53.7501],[-1.7809,53.7487],[-1.7866,53.7422],[-1.7925,53.7449],[-1.7946,53.7531],[-1.8011,53.7549],[-1.8088,53.7639],[-1.8024,53.7693],[-1.8051,53.7743],[-1.7943,53.7756],[-1.7907,53.7692]]]}},{"type":"Feature","properties":{"cd":"E05009380","nm":"Lea Bridge"},"geometry":{"type":"Polygon","coordinates":[[[-0.0511,51.5677],[-0.0451,51.5618],[-0.044,51.552],[-0.0529,51.5528],[-0.0573,51.5618],[-0.0511,51.5677],[-0.0511,51.5677]]]}},{"type":"Feature","properties":{"cd":"E05009381","nm":"London Fields"},"geometry":{"type":"Polygon","coordinates":[[[-0.0554,51.5436],[-0.0553,51.5422],[-0.0573,51.5344],[-0.0624,51.5355],[-0.0657,51.5388],[-0.0767,51.539],[-0.0761,51.5441],[-0.0645,51.5441],[-0.0554,51.5436]]]}},{"type":"Feature","properties":{"cd":"E05009382","nm":"Shacklewell"},"geometry":{"type":"Polygon","coordinates":[[[-0.0639,51.5519],[-0.0685,51.5512],[-0.0777,51.5495],[-0.0794,51.5517],[-0.0792,51.5551],[-0.0681,51.5556],[-0.0639,51.5519]]]}},{"type":"Feature","properties":{"cd":"E05009383","nm":"Springfield"},"geometry":{"type":"Polygon","coordinates":[[[-0.0511,51.5677],[-0.0573,51.5618],[-0.0582,51.563],[-0.0653,51.5711],[-0.0728,51.5703],[-0.0768,51.5743],[-0.0762,51.5749],[-0.0724,51.5756],[-0.0612,51.5778],[-0.0511,51.5677]]]}},{"type":"Feature","properties":{"cd":"E05009385","nm":"Stoke Newington"},"geometry":{"type":"Polygon","coordinates":[[[-0.0731,51.5654],[-0.0716,51.5628],[-0.0681,51.5556],[-0.0792,51.5551],[-0.0847,51.5658],[-0.0731,51.5654]]]}},{"type":"Feature","properties":{"cd":"E05013588","nm":"Crouch End"},"geometry":{"type":"Polygon","coordinates":[[[-0.117,51.5806],[-0.1143,51.5762],[-0.1189,51.5747],[-0.1334,51.5729],[-0.1399,51.5798],[-0.1331,51.586],[-0.117,51.5806]]]}},{"type":"Feature","properties":{"cd":"E05013590","nm":"Harringay"},"geometry":{"type":"Polygon","coordinates":[[[-0.0983,51.5873],[-0.099,51.5824],[-0.0976,51.5736],[-0.0981,51.5691],[-0.104,51.565],[-0.1063,51.5796],[-0.1126,51.5882],[-0.1034,51.5905],[-0.0983,51.5873]]]}},{"type":"Feature","properties":{"cd":"E05013591","nm":"Hermitage & Gardens"},"geometry":{"type":"Polygon","coordinates":[[[-0.0815,51.5799],[-0.0857,51.575],[-0.0976,51.5736],[-0.099,51.5824],[-0.0815,51.5799]]]}},{"type":"Feature","properties":{"cd":"E05013592","nm":"Highgate"},"geometry":{"type":"Polygon","coordinates":[[[-0.1399,51.5798],[-0.1334,51.5729],[-0.1383,51.5706],[-0.1424,51.5691],[-0.1712,51.5724],[-0.1631,51.5844],[-0.1556,51.5813],[-0.1581,51.5833],[-0.1481,51.5862],[-0.1469,51.5806],[-0.1399,51.5798]]]}},{"type":"Feature","properties":{"cd":"E05013593","nm":"Hornsey"},"geometry":{"type":"Polygon","coordinates":[[[-0.1126,51.5882],[-0.1063,51.5796],[-0.1119,51.5821],[-0.117,51.5806],[-0.1331,51.586],[-0.1336,51.5881],[-0.1154,51.5919],[-0.1126,51.5882]]]}},{"type":"Feature","properties":{"cd":"E05013595","nm":"Noel Park"},"geometry":{"type":"Polygon","coordinates":[[[-0.096,51.5983],[-0.095,51.5953],[-0.1034,51.5905],[-0.1126,51.5882],[-0.1154,51.5919],[-0.1201,51.5976],[-0.1189,51.5975],[-0.1009,51.5995],[-0.096,51.5983]]]}},{"type":"Feature","properties":{"cd":"E05013976","nm":"Hylands & Harrow Lodge"},"geometry":{"type":"Polygon","coordinates":[[[0.213,51.5704],[0.2097,51.5603],[0.2025,51.5563],[0.1902,51.5527],[0.1827,51.5612],[0.1852,51.5655],[0.185,51.5681],[0.1973,51.5693],[0.2016,51.5743],[0.213,51.5704]]]}},{"type":"Feature","properties":{"cd":"E05013980","nm":"Rush Green & Crowlands"},"geometry":{"type":"Polygon","coordinates":[[[0.1789,51.5737],[0.185,51.5681],[0.1852,51.5655],[0.1619,51.5616],[0.1544,51.5661],[0.1467,51.5688],[0.149,51.5731],[0.1486,51.5808],[0.1649,51.5818],[0.1739,51.5785],[0.175,51.5728],[0.1789,51.5737]]]}},{"type":"Feature","properties":{"cd":"E05013984","nm":"South Hornchurch"},"geometry":{"type":"Polygon","coordinates":[[[0.2094,51.5301],[0.197,51.5233],[0.1859,51.5261],[0.1772,51.5246],[0.1792,51.5281],[0.1687,51.5312],[0.1739,51.5374],[0.1862,51.5358],[0.1928,51.5394],[0.2094,51.5301]]]}},{"type":"Feature","properties":{"cd":"SOL:dorridge-and-hockley-heath","nm":"Dorridge & Hockley Heath"},"geometry":{"type":"Polygon","coordinates":[[[-1.7383,52.365],[-1.7414,52.3572],[-1.7487,52.3547],[-1.7595,52.3584],[-1.7627,52.3642],[-1.7796,52.3643],[-1.7782,52.3564],[-1.7718,52.3559],[-1.7758,52.348],[-1.7845,52.3501],[-1.7858,52.3538],[-1.8042,52.3628],[-1.772,52.3918],[-1.7703,52.3928],[-1.7649,52.3895],[-1.7552,52.3927],[-1.7534,52.3833],[-1.742,52.3765],[-1.7436,52.3713],[-1.7383,52.365]]]}},{"type":"Feature","properties":{"cd":"E05013059","nm":"Petersfield"},"geometry":{"type":"Polygon","coordinates":[[[0.1452,52.2045],[0.1389,52.1959],[0.1326,52.187],[0.132,52.1856],[0.1263,52.1857],[0.124,52.1916],[0.1224,52.195],[0.1311,52.1952],[0.1296,52.2009],[0.1377,52.2085],[0.1452,52.2045]]]}},{"type":"Feature","properties":{"cd":"E05013607","nm":"Brentford East"},"geometry":{"type":"Polygon","coordinates":[[[-0.286,51.4927],[-0.2925,51.4872],[-0.2954,51.486],[-0.2982,51.4854],[-0.2994,51.4857],[-0.3054,51.4945],[-0.2975,51.4949],[-0.2931,51.4917],[-0.286,51.4927]]]}},{"type":"Feature","properties":{"cd":"E05013608","nm":"Brentford West"},"geometry":{"type":"Polygon","coordinates":[[[-0.3054,51.4945],[-0.2994,51.4857],[-0.3064,51.4835],[-0.3103,51.4874],[-0.3144,51.486],[-0.3312,51.4955],[-0.3273,51.496],[-0.3158,51.4959],[-0.3119,51.492],[-0.3054,51.4945]]]}},{"type":"Feature","properties":{"cd":"E05013610","nm":"Chiswick Homefields"},"geometry":{"type":"Polygon","coordinates":[[[-0.2459,51.4981],[-0.2436,51.4889],[-0.2445,51.4887],[-0.2497,51.4857],[-0.2551,51.4729],[-0.2557,51.4726],[-0.2692,51.4736],[-0.2734,51.4789],[-0.2749,51.4808],[-0.2673,51.4817],[-0.2599,51.4876],[-0.2527,51.4873],[-0.2554,51.495],[-0.253,51.5014],[-0.2492,51.4969],[-0.2459,51.4981]]]}},{"type":"Feature","properties":{"cd":"E05013611","nm":"Chiswick Riverside"},"geometry":{"type":"MultiPolygon","coordinates":[[[[-0.2781,51.4822],[-0.278,51.4821],[-0.2782,51.4823],[-0.2781,51.4822]]],[[[-0.2599,51.4876],[-0.2673,51.4817],[-0.2749,51.4808],[-0.2771,51.4835],[-0.2838,51.4862],[-0.2838,51.4862],[-0.2839,51.4862],[-0.2869,51.4875],[-0.2874,51.4877],[-0.2899,51.4872],[-0.2908,51.487],[-0.2925,51.4872],[-0.286,51.4927],[-0.2599,51.4876]]]]}},{"type":"Feature","properties":{"cd":"E05014116","nm":"Streatham Wells"},"geometry":{"type":"Polygon","coordinates":[[[-0.1178,51.4331],[-0.1143,51.4243],[-0.1295,51.4267],[-0.1241,51.4286],[-0.1296,51.4306],[-0.1269,51.4381],[-0.1178,51.4331]]]}},{"type":"Feature","properties":{"cd":"E05014118","nm":"Waterloo & South Bank"},"geometry":{"type":"Polygon","coordinates":[[[-0.1065,51.5016],[-0.1115,51.4965],[-0.1182,51.4924],[-0.122,51.4932],[-0.1214,51.4943],[-0.1188,51.5038],[-0.1183,51.5057],[-0.1088,51.5084],[-0.1087,51.5085],[-0.1065,51.5016]]]}},{"type":"Feature","properties":{"cd":"E05014649","nm":"Chadderton South"},"geometry":{"type":"Polygon","coordinates":[[[-2.1545,53.543],[-2.1496,53.5413],[-2.1526,53.5342],[-2.1419,53.5334],[-2.1425,53.5309],[-2.1348,53.529],[-2.1437,53.5199],[-2.1562,53.5158],[-2.1562,53.5158],[-2.1592,53.5221],[-2.1648,53.5202],[-2.1705,53.524],[-2.1702,53.5277],[-2.186,53.5291],[-2.1732,53.5416],[-2.1687,53.5401],[-2.158,53.5454],[-2.1545,53.543]]]}},{"type":"Feature","properties":{"cd":"E05011249","nm":"Monkhams"},"geometry":{"type":"Polygon","coordinates":[[[0.0408,51.6157],[0.0322,51.6036],[0.0196,51.6076],[0.0213,51.6123],[0.0087,51.6191],[0.0145,51.6189],[0.0201,51.6264],[0.0218,51.6288],[0.0408,51.6157]]]}},{"type":"Feature","properties":{"cd":"E05011250","nm":"Newbury"},"geometry":{"type":"Polygon","coordinates":[[[0.0954,51.5638],[0.0919,51.5634],[0.0813,51.5665],[0.0768,51.5713],[0.0794,51.5743],[0.0942,51.5757],[0.1094,51.5821],[0.1056,51.5724],[0.0957,51.5711],[0.0954,51.5638]]]}},{"type":"Feature","properties":{"cd":"E05011251","nm":"Seven Kings"},"geometry":{"type":"Polygon","coordinates":[[[0.1191,51.5684],[0.0954,51.5638],[0.0957,51.5711],[0.1056,51.5724],[0.1094,51.5821],[0.1175,51.5824],[0.1133,51.5741],[0.1193,51.5718],[0.1191,51.5684]]]}},{"type":"Feature","properties":{"cd":"E05011252","nm":"South Woodford"},"geometry":{"type":"Polygon","coordinates":[[[0.0376,51.5939],[0.0378,51.5937],[0.0399,51.5842],[0.013,51.587],[0.0125,51.5954],[0.0376,51.5939]]]}},{"type":"Feature","properties":{"cd":"WLL:pelsall","nm":"Pelsall"},"geometry":{"type":"Polygon","coordinates":[[[-1.9479,52.6373],[-1.9489,52.6326],[-1.9638,52.6234],[-1.9586,52.6238],[-1.9569,52.6197],[-1.966,52.6166],[-1.967,52.6121],[-1.9798,52.624],[-1.9847,52.6248],[-1.9909,52.6367],[-1.9866,52.6404],[-1.964,52.6418],[-1.9566,52.6409],[-1.9566,52.6376],[-1.9479,52.6373]]]}},{"type":"Feature","properties":{"cd":"WLL:pleck","nm":"Pleck"},"geometry":{"type":"Polygon","coordinates":[[[-1.9931,52.5864],[-1.9948,52.5801],[-1.9912,52.5791],[-1.9998,52.5652],[-2.011,52.5691],[-2.0185,52.5744],[-2.0144,52.586],[-2.0067,52.5916],[-1.9936,52.5922],[-1.9931,52.5864]]]}},{"type":"Feature","properties":{"cd":"E05013056","nm":"King's Hedges"},"geometry":{"type":"Polygon","coordinates":[[[0.1476,52.2299],[0.1346,52.2206],[0.1298,52.2246],[0.1187,52.2313],[0.1299,52.2357],[0.1476,52.2299]]]}},{"type":"Feature","properties":{"cd":"E58000550","nm":"Eastleigh North"},"geometry":{"type":"Polygon","coordinates":[[[-1.3466,50.9814],[-1.3418,50.9784],[-1.3349,50.9579],[-1.3358,50.9563],[-1.3501,50.9654],[-1.352,50.9738],[-1.3727,50.9757],[-1.3662,50.9826],[-1.3571,50.9984],[-1.3428,50.9909],[-1.3466,50.9814]]]}},{"type":"Feature","properties":{"cd":"E05011298","nm":"Linton"},"geometry":{"type":"Polygon","coordinates":[[[0.3908,52.089],[0.3942,52.0844],[0.3995,52.0842],[0.402,52.0725],[0.4071,52.0708],[0.4046,52.0655],[0.3904,52.0603],[0.3796,52.0496],[0.3882,52.0437],[0.3897,52.0365],[0.3717,52.0374],[0.3638,52.0436],[0.3437,52.0511],[0.3247,52.0728],[0.2864,52.0902],[0.2762,52.0927],[0.252,52.0771],[0.2352,52.089],[0.2101,52.0916],[0.2043,52.094],[0.2207,52.1291],[0.2226,52.1277],[0.2323,52.1443],[0.2788,52.1242],[0.3276,52.1103],[0.3172,52.0938],[0.3305,52.0884],[0.3525,52.0928],[0.3609,52.0913],[0.361,52.0877],[0.3628,52.0917],[0.3715,52.0913],[0.3733,52.0859],[0.3818,52.09],[0.3908,52.089]]]}},{"type":"Feature","properties":{"cd":"E05011301","nm":"Milton & Waterbeach"},"geometry":{"type":"MultiPolygon","coordinates":[[[[0.1672,52.2228],[0.1609,52.2208],[0.1549,52.2265],[0.1713,52.233],[0.1672,52.2228]]],[[[0.2488,52.3229],[0.2472,52.3038],[0.2416,52.2909],[0.2303,52.2865],[0.2281,52.2812],[0.2116,52.2699],[0.2064,52.263],[0.1859,52.2503],[0.1836,52.2426],[0.1714,52.2338],[0.1553,52.2373],[0.1476,52.2299],[0.1299,52.2357],[0.146,52.2535],[0.1308,52.2654],[0.1377,52.274],[0.1919,52.3074],[0.1986,52.3184],[0.2059,52.3168],[0.239,52.3203],[0.2393,52.3256],[0.2488,52.3229]]]]}},{"type":"Feature","properties":{"cd":"E05011360","nm":"Crumpsall"},"geometry":{"type":"Polygon","coordinates":[[[-2.2486,53.5251],[-2.2243,53.5225],[-2.2206,53.5081],[-2.2249,53.5064],[-2.2221,53.5023],[-2.2269,53.502],[-2.2333,53.509],[-2.2452,53.5122],[-2.257,53.5179],[-2.2518,53.5258],[-2.2486,53.5251]]]}},{"type":"Feature","properties":{"cd":"E05015247","nm":"Gorse Hill & Cornbrook"},"geometry":{"type":"Polygon","coordinates":[[[-2.3044,53.4731],[-2.2813,53.4649],[-2.2653,53.4727],[-2.2682,53.4697],[-2.2598,53.4653],[-2.2766,53.462],[-2.2925,53.4516],[-2.2972,53.4536],[-2.3018,53.4507],[-2.3164,53.453],[-2.3177,53.4587],[-2.3522,53.4747],[-2.3295,53.48],[-2.3192,53.4797],[-2.3044,53.4731]]]}},{"type":"Feature","properties":{"cd":"E05015246","nm":"Flixton"},"geometry":{"type":"Polygon","coordinates":[[[-2.3632,53.4523],[-2.3673,53.4473],[-2.3614,53.4436],[-2.3629,53.4374],[-2.3673,53.4365],[-2.3796,53.436],[-2.3785,53.4393],[-2.3843,53.4376],[-2.3847,53.4407],[-2.3894,53.4401],[-2.3912,53.4325],[-2.3993,53.4344],[-2.4012,53.4396],[-2.4135,53.4375],[-2.4096,53.4457],[-2.4075,53.4488],[-2.3818,53.4482],[-2.3829,53.4525],[-2.3632,53.4523]]]}},{"type":"Feature","properties":{"cd":"E05015248","nm":"Hale"},"geometry":{"type":"Polygon","coordinates":[[[-2.33,53.3834],[-2.3229,53.3825],[-2.3271,53.3722],[-2.3392,53.3705],[-2.3401,53.3674],[-2.3489,53.3659],[-2.354,53.3682],[-2.3476,53.3739],[-2.3522,53.3752],[-2.3503,53.3818],[-2.3458,53.3863],[-2.33,53.3834]]]}},{"type":"Feature","properties":{"cd":"NET:throckley-walbottle-and-newburn","nm":"Throckley, Walbottle & Newburn"},"geometry":{"type":"Polygon","coordinates":[[[-1.6749,55.0138],[-1.6808,55.0099],[-1.7003,55.0113],[-1.6982,55.0029],[-1.7029,55.0029],[-1.7225,55.0095],[-1.7225,55.004],[-1.7421,55.0019],[-1.7315,54.9959],[-1.7257,54.9881],[-1.7372,54.987],[-1.7323,54.98],[-1.7382,54.9794],[-1.7391,54.9797],[-1.7525,54.9834],[-1.7698,54.9814],[-1.7757,54.9896],[-1.7738,55.0041],[-1.7566,55.0033],[-1.7563,55.0159],[-1.7511,55.0156],[-1.7502,55.024],[-1.74,55.0246],[-1.7393,55.0296],[-1.7269,55.0332],[-1.7144,55.034],[-1.7169,55.0386],[-1.7087,55.0423],[-1.695,55.0429],[-1.6873,55.0399],[-1.6803,55.0413],[-1.6789,55.0387],[-1.6678,55.0411],[-1.6642,55.026],[-1.6749,55.0138]]]}},{"type":"Feature","properties":{"cd":"NET:walker","nm":"Walker"},"geometry":{"type":"Polygon","coordinates":[[[-1.5503,54.9608],[-1.5552,54.9605],[-1.5656,54.9646],[-1.5656,54.9646],[-1.5669,54.9737],[-1.5593,54.9741],[-1.5352,54.9772],[-1.5408,54.963],[-1.5503,54.9608]]]}},{"type":"Feature","properties":{"cd":"E05013947","nm":"Batchwood"},"geometry":{"type":"Polygon","coordinates":[[[-0.3387,51.7592],[-0.3398,51.7562],[-0.3497,51.7566],[-0.3602,51.7603],[-0.3444,51.7733],[-0.3359,51.7735],[-0.3387,51.7592]]]}},{"type":"Feature","properties":{"cd":"E05014053","nm":"Abbey"},"geometry":{"type":"Polygon","coordinates":[[[0.0894,51.5351],[0.0718,51.5329],[0.0688,51.5362],[0.0837,51.5379],[0.0894,51.5351]]]}},{"type":"Feature","properties":{"cd":"E05014064","nm":"Longbridge"},"geometry":{"type":"Polygon","coordinates":[[[0.1057,51.5387],[0.0936,51.5377],[0.0801,51.5448],[0.0885,51.5477],[0.0926,51.5496],[0.0935,51.5459],[0.1061,51.5509],[0.1098,51.5455],[0.1057,51.5387]]]}},{"type":"Feature","properties":{"cd":"E05014057","nm":"Becontree"},"geometry":{"type":"Polygon","coordinates":[[[0.1236,51.5512],[0.1083,51.5522],[0.1133,51.5573],[0.1205,51.5586],[0.1191,51.5631],[0.125,51.5643],[0.1277,51.5566],[0.1236,51.5512]]]}},{"type":"Feature","properties":{"cd":"E05014059","nm":"Eastbrook & Rush Green"},"geometry":{"type":"Polygon","coordinates":[[[0.1852,51.5655],[0.1827,51.5612],[0.1902,51.5527],[0.186,51.5475],[0.1792,51.5464],[0.1682,51.5472],[0.1608,51.5515],[0.1543,51.5661],[0.1544,51.5661],[0.1619,51.5616],[0.1852,51.5655]]]}},{"type":"Feature","properties":{"cd":"E05014067","nm":"Parsloes"},"geometry":{"type":"Polygon","coordinates":[[[0.1474,51.5512],[0.1479,51.5416],[0.1277,51.5403],[0.1219,51.5474],[0.1236,51.5512],[0.1465,51.5568],[0.1474,51.5512]]]}},{"type":"Feature","properties":{"cd":"E05013655","nm":"Camden Town"},"geometry":{"type":"Polygon","coordinates":[[[-0.1384,51.5418],[-0.1376,51.5409],[-0.1375,51.5408],[-0.14,51.5376],[-0.1462,51.5367],[-0.1551,51.5429],[-0.1473,51.5425],[-0.1464,51.5455],[-0.1384,51.5418]]]}},{"type":"Feature","properties":{"cd":"E05013553","nm":"Marlborough"},"geometry":{"type":"Polygon","coordinates":[[[-0.3381,51.5938],[-0.3318,51.5907],[-0.3276,51.5887],[-0.3351,51.5864],[-0.3341,51.5819],[-0.342,51.5806],[-0.3491,51.5968],[-0.3462,51.5976],[-0.3381,51.5938]]]}},{"type":"Feature","properties":{"cd":"E05014154","nm":"Bury West"},"geometry":{"type":"Polygon","coordinates":[[[-2.3198,53.5959],[-2.3074,53.5947],[-2.3139,53.5792],[-2.3186,53.5841],[-2.3309,53.5805],[-2.3369,53.5821],[-2.334,53.583],[-2.3412,53.5898],[-2.3469,53.5887],[-2.3421,53.5902],[-2.3449,53.5936],[-2.3547,53.5976],[-2.351,53.5992],[-2.3447,53.5965],[-2.3392,53.5984],[-2.3198,53.5959]]]}},{"type":"Feature","properties":{"cd":"E05014161","nm":"Radcliffe North & Ainsworth"},"geometry":{"type":"Polygon","coordinates":[[[-2.3369,53.5821],[-2.3404,53.578],[-2.3338,53.5651],[-2.3364,53.5669],[-2.3573,53.5633],[-2.361,53.5683],[-2.374,53.5715],[-2.3769,53.5933],[-2.3684,53.5961],[-2.3547,53.5976],[-2.3449,53.5936],[-2.3421,53.5902],[-2.3469,53.5887],[-2.3412,53.5898],[-2.334,53.583],[-2.3369,53.5821]]]}},{"type":"Feature","properties":{"cd":"E05014008","nm":"West Wickham"},"geometry":{"type":"Polygon","coordinates":[[[0.0026,51.3881],[0.003,51.3806],[-0.0022,51.3773],[0.004,51.3766],[0.0021,51.3743],[-0.0198,51.3636],[-0.0236,51.3653],[-0.0268,51.3794],[-0.0229,51.3869],[-0.0204,51.3851],[-0.0077,51.382],[0.0005,51.3916],[0.0026,51.3881]]]}},{"type":"Feature","properties":{"cd":"E05011463","nm":"Addiscombe West"},"geometry":{"type":"Polygon","coordinates":[[[-0.0713,51.385],[-0.0815,51.3801],[-0.0809,51.3751],[-0.0928,51.3721],[-0.0905,51.3811],[-0.0873,51.3849],[-0.0847,51.3869],[-0.0795,51.3894],[-0.0713,51.385]]]}},{"type":"Feature","properties":{"cd":"E05011466","nm":"Coulsdon Town"},"geometry":{"type":"Polygon","coordinates":[[[-0.1283,51.3223],[-0.1293,51.315],[-0.136,51.3157],[-0.1436,51.3012],[-0.151,51.3007],[-0.1577,51.3044],[-0.1543,51.3103],[-0.1583,51.311],[-0.1619,51.3196],[-0.1565,51.3215],[-0.1456,51.3235],[-0.1444,51.3265],[-0.1492,51.3288],[-0.1441,51.3307],[-0.1389,51.3326],[-0.1299,51.3281],[-0.1283,51.3223]]]}},{"type":"Feature","properties":{"cd":"E05009368","nm":"Cazenove"},"geometry":{"type":"Polygon","coordinates":[[[-0.0582,51.563],[-0.0716,51.5628],[-0.0731,51.5654],[-0.0728,51.5703],[-0.0653,51.5711],[-0.0582,51.563]]]}},{"type":"Feature","properties":{"cd":"E05013749","nm":"Walham Green"},"geometry":{"type":"Polygon","coordinates":[[[-0.1883,51.481],[-0.2007,51.4755],[-0.2039,51.4791],[-0.2056,51.4817],[-0.1908,51.4832],[-0.1883,51.481]]]}},{"type":"Feature","properties":{"cd":"E05011384","nm":"Ardsley & Robin Hood"},"geometry":{"type":"Polygon","coordinates":[[[-1.481,53.7278],[-1.4883,53.7278],[-1.4914,53.7222],[-1.5044,53.725],[-1.5056,53.7291],[-1.5132,53.7275],[-1.5471,53.7101],[-1.5545,53.7028],[-1.5593,53.699],[-1.5711,53.7064],[-1.5821,53.7139],[-1.5811,53.7212],[-1.5726,53.7231],[-1.5722,53.7259],[-1.5803,53.7283],[-1.5679,53.7463],[-1.5637,53.7473],[-1.559,53.7394],[-1.5471,53.7388],[-1.5331,53.7426],[-1.5151,53.743],[-1.5167,53.7508],[-1.4925,53.7476],[-1.4915,53.7442],[-1.5016,53.7404],[-1.5015,53.7363],[-1.4945,53.7344],[-1.4905,53.7369],[-1.481,53.7278]]]}},{"type":"Feature","properties":{"cd":"NET:dene-and-south-gosforth","nm":"Dene & South Gosforth"},"geometry":{"type":"Polygon","coordinates":[[[-1.6003,55.0098],[-1.5792,55.0098],[-1.5771,55.0053],[-1.5816,54.9982],[-1.5894,54.9998],[-1.5946,54.9971],[-1.5923,54.9918],[-1.5863,54.9903],[-1.589,54.989],[-1.5891,54.989],[-1.6013,54.9985],[-1.6164,54.9954],[-1.6179,54.9994],[-1.603,55.01],[-1.6003,55.0098]]]}},{"type":"Feature","properties":{"cd":"NET:denton-and-westerhope","nm":"Denton & Westerhope"},"geometry":{"type":"Polygon","coordinates":[[[-1.6791,54.9967],[-1.6808,54.9953],[-1.6936,54.985],[-1.7121,54.9884],[-1.7029,55.0029],[-1.6982,55.0029],[-1.6791,54.9967]]]}},{"type":"Feature","properties":{"cd":"NET:heaton","nm":"Heaton"},"geometry":{"type":"Polygon","coordinates":[[[-1.5626,54.9922],[-1.5752,54.9821],[-1.5805,54.9803],[-1.5819,54.9839],[-1.5916,54.9818],[-1.589,54.989],[-1.5863,54.9903],[-1.5606,54.9959],[-1.5626,54.9922]]]}},{"type":"Feature","properties":{"cd":"E05011098","nm":"Chaucer"},"geometry":{"type":"Polygon","coordinates":[[[-0.0853,51.494],[-0.0998,51.4951],[-0.0988,51.4975],[-0.0917,51.5032],[-0.0814,51.4979],[-0.0853,51.494]]]}},{"type":"Feature","properties":{"cd":"E05015873","nm":"Longbenton & Benton"},"geometry":{"type":"Polygon","coordinates":[[[-1.5592,55.0122],[-1.5585,55.0055],[-1.5771,55.0053],[-1.5792,55.0098],[-1.6003,55.0098],[-1.5942,55.0238],[-1.5874,55.0258],[-1.5767,55.0262],[-1.5694,55.0186],[-1.5723,55.0125],[-1.5592,55.0122]]]}},{"type":"Feature","properties":{"cd":"E05013062","nm":"Trumpington"},"geometry":{"type":"Polygon","coordinates":[[[0.124,52.1916],[0.1263,52.1857],[0.132,52.1856],[0.132,52.1682],[0.1034,52.1579],[0.1011,52.1607],[0.1079,52.1683],[0.0993,52.1713],[0.0981,52.1806],[0.1047,52.1907],[0.1161,52.1948],[0.124,52.1916]]]}},{"type":"Feature","properties":{"cd":"E05011171","nm":"Sparkhill"},"geometry":{"type":"Polygon","coordinates":[[[-1.857,52.4519],[-1.8558,52.4381],[-1.86,52.4368],[-1.8714,52.443],[-1.8735,52.4542],[-1.8672,52.4571],[-1.8577,52.4547],[-1.857,52.4519]]]}},{"type":"Feature","properties":{"cd":"E05011168","nm":"Soho & Jewellery Quarter"},"geometry":{"type":"Polygon","coordinates":[[[-1.9234,52.5009],[-1.9158,52.4957],[-1.8999,52.485],[-1.9073,52.4809],[-1.9277,52.4866],[-1.943,52.4915],[-1.9443,52.4957],[-1.9381,52.4984],[-1.951,52.5015],[-1.9406,52.5045],[-1.9234,52.5009]]]}},{"type":"Feature","properties":{"cd":"CLD:brighouse","nm":"Brighouse"},"geometry":{"type":"Polygon","coordinates":[[[-1.7445,53.7158],[-1.7368,53.7141],[-1.7395,53.6995],[-1.7332,53.6948],[-1.7322,53.6846],[-1.7272,53.6828],[-1.7314,53.6804],[-1.7463,53.6945],[-1.7599,53.6927],[-1.7731,53.6989],[-1.7882,53.7001],[-1.7923,53.704],[-1.8029,53.6976],[-1.813,53.6971],[-1.815,53.6927],[-1.8265,53.6965],[-1.8286,53.7003],[-1.8144,53.7002],[-1.82,53.7073],[-1.8142,53.7109],[-1.8146,53.7173],[-1.8022,53.7146],[-1.7867,53.718],[-1.7643,53.716],[-1.7624,53.7134],[-1.7445,53.7158]]]}},{"type":"Feature","properties":{"cd":"E05015880","nm":"Tynemouth"},"geometry":{"type":"Polygon","coordinates":[[[-1.4309,55.0116],[-1.4373,55.0173],[-1.4498,55.0147],[-1.456,55.0263],[-1.4297,55.0303],[-1.4197,55.0188],[-1.4158,55.0178],[-1.4146,55.0169],[-1.4146,55.0169],[-1.4143,55.0166],[-1.4035,55.0147],[-1.4035,55.0147],[-1.4052,55.0149],[-1.4161,55.0166],[-1.4161,55.0165],[-1.4173,55.0167],[-1.4169,55.015],[-1.4169,55.0144],[-1.4298,55.0132],[-1.4309,55.0116]]]}},{"type":"Feature","properties":{"cd":"E05013031","nm":"Quays"},"geometry":{"type":"Polygon","coordinates":[[[-2.295,53.4806],[-2.2874,53.4796],[-2.2812,53.4681],[-2.2633,53.4757],[-2.2653,53.4727],[-2.2813,53.4649],[-2.3044,53.4731],[-2.2997,53.4812],[-2.295,53.4806]]]}},{"type":"Feature","properties":{"cd":"E05015251","nm":"Lostock & Barton"},"geometry":{"type":"Polygon","coordinates":[[[-2.3164,53.453],[-2.3247,53.4493],[-2.3283,53.4522],[-2.3395,53.4505],[-2.348,53.4524],[-2.3459,53.4572],[-2.3574,53.4579],[-2.3576,53.4646],[-2.3691,53.4693],[-2.3621,53.4717],[-2.3522,53.4747],[-2.3177,53.4587],[-2.3164,53.453]]]}},{"type":"Feature","properties":{"cd":"E05011052","nm":"Oxhey"},"geometry":{"type":"Polygon","coordinates":[[[-0.3782,51.6465],[-0.3716,51.6434],[-0.38,51.6396],[-0.3774,51.6377],[-0.3868,51.6396],[-0.3943,51.6377],[-0.4047,51.6438],[-0.4038,51.6465],[-0.3949,51.6471],[-0.3833,51.6485],[-0.3782,51.6465]]]}},{"type":"Feature","properties":{"cd":"E05014061","nm":"Gascoigne"},"geometry":{"type":"Polygon","coordinates":[[[0.1007,51.5315],[0.0805,51.5276],[0.0726,51.5308],[0.0718,51.5329],[0.0894,51.5351],[0.1007,51.5315]]]}},{"type":"Feature","properties":{"cd":"CLD:elland","nm":"Elland"},"geometry":{"type":"Polygon","coordinates":[[[-1.8029,53.6976],[-1.8077,53.6896],[-1.7976,53.6871],[-1.7953,53.6814],[-1.8122,53.6776],[-1.8188,53.6729],[-1.8355,53.669],[-1.8536,53.6725],[-1.8658,53.6773],[-1.8523,53.6857],[-1.8483,53.6849],[-1.851,53.6924],[-1.8443,53.6938],[-1.8452,53.6983],[-1.8286,53.7003],[-1.8265,53.6965],[-1.815,53.6927],[-1.813,53.6971],[-1.8029,53.6976]]]}},{"type":"Feature","properties":{"cd":"CLD:greetland","nm":"Greetland"},"geometry":{"type":"Polygon","coordinates":[[[-1.878,53.7015],[-1.8765,53.6981],[-1.8592,53.6964],[-1.851,53.6924],[-1.8483,53.6849],[-1.8523,53.6857],[-1.8658,53.6773],[-1.8536,53.6725],[-1.8436,53.6661],[-1.8634,53.6611],[-1.875,53.6581],[-1.8978,53.6447],[-1.9107,53.6554],[-1.8968,53.6669],[-1.9022,53.6731],[-1.9003,53.6767],[-1.8888,53.6816],[-1.895,53.6809],[-1.9011,53.6865],[-1.9212,53.6852],[-1.9292,53.6888],[-1.9298,53.6967],[-1.9161,53.7026],[-1.9112,53.7011],[-1.9008,53.7083],[-1.878,53.7015]]]}},{"type":"Feature","properties":{"cd":"CLD:hebden-bridge-and-todmorden-east","nm":"Hebden Bridge & Todmorden East"},"geometry":{"type":"Polygon","coordinates":[[[-2.0567,53.6831],[-2.0733,53.6775],[-2.0831,53.6781],[-2.0873,53.6708],[-2.1141,53.6711],[-2.1254,53.6748],[-2.1341,53.6857],[-2.1423,53.678],[-2.1463,53.6822],[-2.1453,53.6923],[-2.1626,53.6992],[-2.1623,53.706],[-2.1733,53.723],[-2.156,53.7353],[-2.1491,53.7339],[-2.1453,53.7361],[-2.1417,53.7457],[-2.1334,53.7497],[-2.1306,53.7447],[-2.1035,53.7419],[-2.0938,53.7365],[-2.0834,53.7355],[-2.0838,53.72],[-2.0926,53.7117],[-2.0888,53.7113],[-2.0818,53.6979],[-2.0567,53.6831]]]}},{"type":"Feature","properties":{"cd":"WKF:wakefield-north","nm":"Wakefield North"},"geometry":{"type":"Polygon","coordinates":[[[-1.5037,53.6949],[-1.5003,53.6945],[-1.5028,53.6891],[-1.5005,53.6867],[-1.4914,53.6868],[-1.491,53.678],[-1.4993,53.6771],[-1.5049,53.6813],[-1.5241,53.6781],[-1.545,53.6804],[-1.5377,53.689],[-1.5321,53.689],[-1.5299,53.686],[-1.5183,53.6913],[-1.5119,53.6906],[-1.514,53.6932],[-1.5077,53.6958],[-1.5037,53.6949]]]}},{"type":"Feature","properties":{"cd":"WKF:wakefield-rural","nm":"Wakefield Rural"},"geometry":{"type":"Polygon","coordinates":[[[-1.5013,53.662],[-1.5074,53.6497],[-1.5239,53.6459],[-1.5156,53.6363],[-1.5001,53.6419],[-1.4955,53.636],[-1.4918,53.6289],[-1.5004,53.6242],[-1.5073,53.6262],[-1.5123,53.6241],[-1.4904,53.6181],[-1.5014,53.5998],[-1.5104,53.5969],[-1.5187,53.5997],[-1.5284,53.597],[-1.5308,53.5931],[-1.5354,53.5939],[-1.5473,53.6032],[-1.5576,53.6059],[-1.572,53.6086],[-1.582,53.6057],[-1.5865,53.6072],[-1.5919,53.6147],[-1.6075,53.6196],[-1.6146,53.6259],[-1.6103,53.628],[-1.6157,53.6302],[-1.6121,53.6327],[-1.6172,53.6377],[-1.6232,53.6381],[-1.6192,53.6463],[-1.6241,53.6541],[-1.5909,53.6605],[-1.5805,53.6577],[-1.5663,53.6566],[-1.5406,53.648],[-1.5287,53.6562],[-1.514,53.664],[-1.5013,53.662]]]}},{"type":"Feature","properties":{"cd":"WKF:wakefield-south","nm":"Wakefield South"},"geometry":{"type":"Polygon","coordinates":[[[-1.4726,53.6687],[-1.4756,53.6656],[-1.4689,53.6619],[-1.4728,53.6597],[-1.4721,53.6436],[-1.4955,53.636],[-1.5001,53.6419],[-1.5156,53.6363],[-1.5239,53.6459],[-1.5074,53.6497],[-1.5013,53.662],[-1.4994,53.6631],[-1.4935,53.6607],[-1.4886,53.6659],[-1.4857,53.6647],[-1.4858,53.6731],[-1.473,53.6754],[-1.4682,53.6707],[-1.4726,53.6687]]]}},{"type":"Feature","properties":{"cd":"E05015875","nm":"New York & Murton"},"geometry":{"type":"Polygon","coordinates":[[[-1.491,55.0393],[-1.4803,55.0387],[-1.4631,55.0289],[-1.4727,55.0255],[-1.468,55.0198],[-1.4638,55.02],[-1.469,55.0153],[-1.4978,55.0091],[-1.5033,55.0127],[-1.4969,55.0176],[-1.5034,55.0237],[-1.4961,55.0336],[-1.5048,55.0403],[-1.491,55.0393]]]}},{"type":"Feature","properties":{"cd":"E05011053","nm":"Park"},"geometry":{"type":"Polygon","coordinates":[[[-0.402,51.6605],[-0.4037,51.6574],[-0.4147,51.6531],[-0.4266,51.6521],[-0.4248,51.6543],[-0.4362,51.6599],[-0.4395,51.6728],[-0.4283,51.6706],[-0.43,51.6834],[-0.402,51.6605]]]}},{"type":"Feature","properties":{"cd":"E05011054","nm":"Stanborough"},"geometry":{"type":"Polygon","coordinates":[[[-0.393,51.6814],[-0.4138,51.6847],[-0.4054,51.6906],[-0.3854,51.6938],[-0.393,51.6814]]]}},{"type":"Feature","properties":{"cd":"E05013119","nm":"Wolvercote"},"geometry":{"type":"Polygon","coordinates":[[[-1.2527,51.7865],[-1.254,51.7862],[-1.2541,51.786],[-1.2804,51.7881],[-1.2785,51.7792],[-1.2822,51.7777],[-1.295,51.7818],[-1.3003,51.7691],[-1.3037,51.7726],[-1.3028,51.781],[-1.2837,51.7963],[-1.2581,51.7935],[-1.2527,51.7865]]]}},{"type":"Feature","properties":{"cd":"E05011485","nm":"South Norwood"},"geometry":{"type":"Polygon","coordinates":[[[-0.0686,51.4038],[-0.0638,51.4016],[-0.0709,51.3972],[-0.0736,51.399],[-0.0847,51.3869],[-0.0873,51.3849],[-0.0931,51.395],[-0.0931,51.395],[-0.0821,51.4049],[-0.0728,51.4085],[-0.0686,51.4038]]]}},{"type":"Feature","properties":{"cd":"E05013523","nm":"Greenford Broadway"},"geometry":{"type":"Polygon","coordinates":[[[-0.3658,51.5398],[-0.3501,51.5368],[-0.3523,51.5275],[-0.3489,51.5272],[-0.3511,51.5216],[-0.3572,51.5238],[-0.3559,51.5267],[-0.3673,51.5322],[-0.3747,51.5328],[-0.3764,51.5289],[-0.381,51.5294],[-0.3762,51.5424],[-0.3658,51.5398]]]}},{"type":"Feature","properties":{"cd":"E05009437","nm":"South Oxhey"},"geometry":{"type":"Polygon","coordinates":[[[-0.3859,51.6158],[-0.404,51.6132],[-0.4029,51.6233],[-0.4133,51.6255],[-0.3871,51.6283],[-0.386,51.6218],[-0.39,51.6187],[-0.3859,51.6158]]]}},{"type":"Feature","properties":{"cd":"MIK:broughton-and-moulsoe","nm":"Broughton & Moulsoe"},"geometry":{"type":"Polygon","coordinates":[[[-0.669,52.0487],[-0.6584,52.0441],[-0.6788,52.0416],[-0.7208,52.0365],[-0.7241,52.0429],[-0.7135,52.0472],[-0.7333,52.0457],[-0.736,52.0527],[-0.7342,52.0584],[-0.7294,52.0592],[-0.7334,52.0629],[-0.7204,52.0679],[-0.669,52.0487]]]}},{"type":"Feature","properties":{"cd":"MIK:bletchley-west","nm":"Bletchley West"},"geometry":{"type":"Polygon","coordinates":[[[-0.7485,52.0141],[-0.7464,52.0123],[-0.7392,52.0034],[-0.7455,52.0037],[-0.7461,51.9982],[-0.7577,51.9955],[-0.7724,51.9981],[-0.7762,51.9997],[-0.7574,52.0149],[-0.7485,52.0141]]]}},{"type":"Feature","properties":{"cd":"BNS:penistone-east","nm":"Penistone East"},"geometry":{"type":"Polygon","coordinates":[[[-1.5576,53.6059],[-1.5644,53.6061],[-1.5755,53.5983],[-1.5768,53.5908],[-1.5742,53.5869],[-1.5588,53.5821],[-1.5557,53.5782],[-1.5587,53.5751],[-1.5407,53.574],[-1.5452,53.5662],[-1.5409,53.5631],[-1.5555,53.5553],[-1.5484,53.5475],[-1.5504,53.5318],[-1.5421,53.5301],[-1.506,53.533],[-1.4983,53.5299],[-1.4993,53.5319],[-1.4824,53.5268],[-1.4847,53.5198],[-1.49,53.5093],[-1.4719,53.4934],[-1.4559,53.4718],[-1.4669,53.4781],[-1.4947,53.4863],[-1.4952,53.4804],[-1.5148,53.4637],[-1.5182,53.4572],[-1.5132,53.4514],[-1.5209,53.4444],[-1.5264,53.4391],[-1.5329,53.4383],[-1.5512,53.4461],[-1.5474,53.4499],[-1.5514,53.4555],[-1.5403,53.4562],[-1.539,53.4617],[-1.5481,53.4713],[-1.5436,53.4727],[-1.5593,53.4836],[-1.6066,53.4929],[-1.6145,53.4932],[-1.6149,53.4906],[-1.6244,53.4921],[-1.6189,53.4994],[-1.6245,53.5079],[-1.6091,53.5238],[-1.6234,53.527],[-1.6368,53.5478],[-1.6216,53.5533],[-1.6194,53.5631],[-1.6156,53.563],[-1.6097,53.572],[-1.5962,53.577],[-1.6003,53.5773],[-1.6018,53.5878],[-1.588,53.5935],[-1.5852,53.6005],[-1.5912,53.6068],[-1.5865,53.6072],[-1.582,53.6057],[-1.572,53.6086],[-1.5576,53.6059]]]}},{"type":"Feature","properties":{"cd":"BRD:baildon","nm":"Baildon"},"geometry":{"type":"Polygon","coordinates":[[[-1.761,53.8638],[-1.7536,53.8675],[-1.7444,53.8656],[-1.7464,53.8634],[-1.7153,53.8662],[-1.7103,53.8635],[-1.7136,53.8523],[-1.7292,53.8568],[-1.7528,53.8431],[-1.762,53.8425],[-1.7733,53.8372],[-1.7806,53.8405],[-1.7771,53.8442],[-1.8022,53.8435],[-1.807,53.8507],[-1.7976,53.8668],[-1.7898,53.8689],[-1.761,53.8638]]]}},{"type":"Feature","properties":{"cd":"E05015259","nm":"Urmston"},"geometry":{"type":"Polygon","coordinates":[[[-2.3395,53.4505],[-2.3391,53.4437],[-2.3314,53.4396],[-2.3348,53.4375],[-2.3435,53.4383],[-2.3465,53.4408],[-2.3522,53.44],[-2.3504,53.4376],[-2.3605,53.4354],[-2.3609,53.4315],[-2.367,53.4331],[-2.3673,53.4365],[-2.3629,53.4374],[-2.3614,53.4436],[-2.3673,53.4473],[-2.3632,53.4523],[-2.3574,53.4579],[-2.3459,53.4572],[-2.348,53.4524],[-2.3395,53.4505]]]}},{"type":"Feature","properties":{"cd":"E05011293","nm":"Gamlingay"},"geometry":{"type":"Polygon","coordinates":[[[-0.1468,52.158],[-0.1453,52.154],[-0.1517,52.152],[-0.1505,52.1436],[-0.1597,52.1441],[-0.1638,52.1401],[-0.1715,52.1395],[-0.2062,52.1444],[-0.2348,52.1447],[-0.2167,52.1588],[-0.1895,52.1692],[-0.1562,52.1672],[-0.1525,52.1696],[-0.1548,52.1645],[-0.1468,52.158]]]}},{"type":"Feature","properties":{"cd":"E05011367","nm":"Higher Blackley"},"geometry":{"type":"Polygon","coordinates":[[[-2.2372,53.5389],[-2.2187,53.5439],[-2.2071,53.5382],[-2.2068,53.5342],[-2.216,53.5226],[-2.2243,53.5225],[-2.2486,53.5251],[-2.2466,53.5292],[-2.2641,53.5247],[-2.266,53.5302],[-2.2685,53.5371],[-2.2588,53.5432],[-2.248,53.5442],[-2.2372,53.5389]]]}},{"type":"Feature","properties":{"cd":"E05011358","nm":"Chorlton Park"},"geometry":{"type":"Polygon","coordinates":[[[-2.2441,53.4409],[-2.2487,53.4325],[-2.2635,53.4161],[-2.2659,53.4206],[-2.2736,53.4225],[-2.2837,53.425],[-2.286,53.4293],[-2.2867,53.4302],[-2.2839,53.4334],[-2.2758,53.4337],[-2.2791,53.442],[-2.2673,53.4429],[-2.2676,53.4471],[-2.2572,53.447],[-2.2581,53.439],[-2.2441,53.4409]]]}},{"type":"Feature","properties":{"cd":"E05011356","nm":"Cheetham"},"geometry":{"type":"Polygon","coordinates":[[[-2.2269,53.502],[-2.2292,53.4916],[-2.2409,53.4887],[-2.2486,53.4882],[-2.2505,53.4901],[-2.2554,53.4991],[-2.2515,53.5039],[-2.2471,53.5024],[-2.2453,53.5049],[-2.2503,53.508],[-2.2452,53.5122],[-2.2333,53.509],[-2.2269,53.502]]]}},{"type":"Feature","properties":{"cd":"E05009432","nm":"Leavesden"},"geometry":{"type":"Polygon","coordinates":[[[-0.3756,51.6929],[-0.3844,51.696],[-0.4024,51.7019],[-0.4128,51.6886],[-0.4232,51.6857],[-0.4301,51.6903],[-0.4216,51.6924],[-0.421,51.6989],[-0.4034,51.7068],[-0.4045,51.7088],[-0.3964,51.7095],[-0.3808,51.707],[-0.3756,51.6929]]]}},{"type":"Feature","properties":{"cd":"E05009433","nm":"Moor Park & Eastbury"},"geometry":{"type":"Polygon","coordinates":[[[-0.4245,51.6411],[-0.4269,51.638],[-0.4163,51.6337],[-0.4133,51.6255],[-0.4029,51.6233],[-0.404,51.6132],[-0.404,51.6132],[-0.412,51.6142],[-0.4406,51.6201],[-0.4571,51.6123],[-0.4597,51.6132],[-0.4669,51.6178],[-0.4591,51.6222],[-0.471,51.629],[-0.4617,51.6347],[-0.4465,51.6324],[-0.445,51.6383],[-0.4288,51.6413],[-0.4245,51.6411]]]}},{"type":"Feature","properties":{"cd":"E05013107","nm":"Littlemore"},"geometry":{"type":"Polygon","coordinates":[[[-1.2102,51.7249],[-1.2138,51.7182],[-1.2069,51.7173],[-1.2074,51.715],[-1.2166,51.7155],[-1.2223,51.711],[-1.2338,51.722],[-1.2239,51.7245],[-1.224,51.7289],[-1.2195,51.7296],[-1.2169,51.7247],[-1.2102,51.7249]]]}},{"type":"Feature","properties":{"cd":"E05013659","nm":"Hampstead Town"},"geometry":{"type":"Polygon","coordinates":[[[-0.1586,51.5561],[-0.1677,51.5525],[-0.1759,51.5523],[-0.1844,51.5621],[-0.1903,51.5629],[-0.1821,51.5687],[-0.1734,51.5711],[-0.1586,51.5561]]]}},{"type":"Feature","properties":{"cd":"E05013532","nm":"Northolt West End"},"geometry":{"type":"Polygon","coordinates":[[[-0.3762,51.5424],[-0.381,51.5294],[-0.4118,51.5341],[-0.4194,51.5383],[-0.4168,51.5402],[-0.3953,51.5426],[-0.3987,51.5479],[-0.395,51.548],[-0.3762,51.5424]]]}},{"type":"Feature","properties":{"cd":"E05013870","nm":"Emmer Green"},"geometry":{"type":"Polygon","coordinates":[[[-0.9468,51.4717],[-0.9534,51.4693],[-0.9624,51.4764],[-0.9692,51.4742],[-0.972,51.4774],[-0.9671,51.4806],[-0.9754,51.4874],[-0.9618,51.4931],[-0.947,51.4861],[-0.9411,51.475],[-0.9468,51.4717]]]}},{"type":"Feature","properties":{"cd":"E05011388","nm":"Burmantofts & Richmond Hill"},"geometry":{"type":"Polygon","coordinates":[[[-1.4877,53.8017],[-1.4858,53.8012],[-1.4984,53.7891],[-1.4957,53.7852],[-1.4699,53.7763],[-1.4819,53.7663],[-1.482,53.7663],[-1.4904,53.7663],[-1.4949,53.7738],[-1.5022,53.7775],[-1.5111,53.7767],[-1.5223,53.7835],[-1.5309,53.7967],[-1.5335,53.7998],[-1.5286,53.8046],[-1.5056,53.8097],[-1.4953,53.8016],[-1.4877,53.8017]]]}},{"type":"Feature","properties":{"cd":"E05011389","nm":"Calverley & Farsley"},"geometry":{"type":"Polygon","coordinates":[[[-1.6878,53.8422],[-1.6618,53.8279],[-1.6533,53.8279],[-1.6515,53.8251],[-1.6621,53.8158],[-1.6669,53.805],[-1.6821,53.8044],[-1.6678,53.8014],[-1.6676,53.7979],[-1.6885,53.7999],[-1.7099,53.7929],[-1.7013,53.8023],[-1.7066,53.8041],[-1.708,53.8098],[-1.7063,53.8292],[-1.7031,53.8364],[-1.6878,53.8422]]]}},{"type":"Feature","properties":{"cd":"E05011390","nm":"Chapel Allerton"},"geometry":{"type":"Polygon","coordinates":[[[-1.5335,53.8339],[-1.5144,53.8201],[-1.5238,53.8177],[-1.528,53.8102],[-1.5344,53.8108],[-1.5361,53.8076],[-1.548,53.8161],[-1.5689,53.8238],[-1.5609,53.8271],[-1.5538,53.8307],[-1.547,53.8285],[-1.5398,53.8362],[-1.5335,53.8339]]]}},{"type":"Feature","properties":{"cd":"E05010852","nm":"Roche North & Rural"},"geometry":{"type":"Polygon","coordinates":[[[0.7587,51.5812],[0.7512,51.5804],[0.7511,51.5804],[0.7218,51.5798],[0.7234,51.5787],[0.7169,51.5803],[0.7184,51.5853],[0.7127,51.586],[0.7102,51.5831],[0.7003,51.5866],[0.6964,51.5982],[0.7125,51.6012],[0.7075,51.6137],[0.7015,51.6136],[0.6993,51.619],[0.7102,51.6338],[0.7114,51.6337],[0.722,51.6358],[0.7339,51.631],[0.7495,51.6312],[0.7641,51.6369],[0.7844,51.6243],[0.7794,51.6188],[0.7851,51.6236],[0.8657,51.6156],[0.8661,51.5992],[0.8625,51.5961],[0.8212,51.5987],[0.8163,51.6022],[0.8191,51.5976],[0.8042,51.5893],[0.7646,51.5832],[0.7543,51.5881],[0.7511,51.5864],[0.7598,51.5847],[0.7587,51.5812],[0.7587,51.5812]]]}},{"type":"Feature","properties":{"cd":"E05013830","nm":"Garforth & Swillington"},"geometry":{"type":"Polygon","coordinates":[[[-1.3448,53.8085],[-1.3493,53.7793],[-1.3742,53.7823],[-1.3739,53.7799],[-1.3931,53.78],[-1.3892,53.7671],[-1.3826,53.7613],[-1.3883,53.7596],[-1.3851,53.7471],[-1.3887,53.745],[-1.3937,53.7475],[-1.4071,53.7411],[-1.4198,53.7447],[-1.4232,53.7512],[-1.4376,53.7611],[-1.4448,53.76],[-1.4493,53.7637],[-1.4819,53.7663],[-1.4699,53.7763],[-1.4434,53.7741],[-1.432,53.7768],[-1.4279,53.7916],[-1.4305,53.7977],[-1.4013,53.7998],[-1.3911,53.7995],[-1.3832,53.8048],[-1.3627,53.8048],[-1.3571,53.8089],[-1.3448,53.8085]]]}},{"type":"Feature","properties":{"cd":"E05011394","nm":"Gipton & Harehills"},"geometry":{"type":"Polygon","coordinates":[[[-1.4877,53.8017],[-1.4953,53.8016],[-1.5056,53.8097],[-1.5286,53.8046],[-1.528,53.8102],[-1.5238,53.8177],[-1.5144,53.8201],[-1.5102,53.8173],[-1.4953,53.8213],[-1.4906,53.8175],[-1.4804,53.8175],[-1.4811,53.8125],[-1.488,53.809],[-1.4841,53.8029],[-1.4877,53.8017]]]}},{"type":"Feature","properties":{"cd":"E05015030","nm":"Marple South & High Lane"},"geometry":{"type":"Polygon","coordinates":[[[-2.022,53.376],[-2.0262,53.3736],[-2.0338,53.3755],[-2.0311,53.3703],[-2.0406,53.3741],[-2.0553,53.3669],[-2.0608,53.3584],[-2.0786,53.3582],[-2.0951,53.3661],[-2.1039,53.366],[-2.1034,53.3682],[-2.1068,53.3726],[-2.0961,53.3798],[-2.1019,53.3837],[-2.095,53.3955],[-2.0796,53.3854],[-2.0779,53.3914],[-2.071,53.3957],[-2.0526,53.3954],[-2.0486,53.3869],[-2.0512,53.3826],[-2.0446,53.3802],[-2.0322,53.3834],[-2.0266,53.3763],[-2.022,53.376]]]}},{"type":"Feature","properties":{"cd":"E05013362","nm":"Brighstone, Calbourne & Shalfleet"},"geometry":{"type":"MultiPolygon","coordinates":[[[[-1.4125,50.719],[-1.4155,50.7152],[-1.4138,50.7189],[-1.4125,50.719]]],[[[-1.412,50.7208],[-1.4131,50.7205],[-1.4128,50.7211],[-1.412,50.7208]]],[[[-1.3317,50.7283],[-1.3356,50.7252],[-1.3474,50.7252],[-1.3612,50.7205],[-1.3596,50.713],[-1.3559,50.7137],[-1.3532,50.7094],[-1.3579,50.7085],[-1.3578,50.6985],[-1.3659,50.6963],[-1.3652,50.6844],[-1.3733,50.6783],[-1.3767,50.6662],[-1.3778,50.6534],[-1.3747,50.6537],[-1.3737,50.643],[-1.3698,50.6413],[-1.3667,50.6138],[-1.3899,50.6272],[-1.4057,50.6315],[-1.4357,50.6402],[-1.4473,50.6435],[-1.464,50.6523],[-1.4642,50.6524],[-1.4642,50.6525],[-1.4606,50.6683],[-1.4427,50.6642],[-1.4452,50.6708],[-1.4392,50.6713],[-1.4299,50.6807],[-1.4292,50.7053],[-1.4163,50.7137],[-1.416,50.7141],[-1.4135,50.7155],[-1.413,50.7035],[-1.4129,50.7115],[-1.407,50.7086],[-1.4122,50.7143],[-1.4024,50.7093],[-1.3997,50.7108],[-1.4093,50.7159],[-1.4099,50.7165],[-1.4078,50.7213],[-1.4035,50.7245],[-1.4087,50.7179],[-1.4092,50.7161],[-1.4039,50.7208],[-1.3999,50.7166],[-1.3974,50.7192],[-1.3923,50.7155],[-1.3795,50.7163],[-1.3767,50.7106],[-1.3793,50.7175],[-1.3699,50.7198],[-1.3892,50.7166],[-1.3952,50.7197],[-1.3897,50.72],[-1.3928,50.7227],[-1.3861,50.7226],[-1.4001,50.7241],[-1.396,50.7263],[-1.4012,50.7272],[-1.4078,50.7238],[-1.4095,50.7251],[-1.4088,50.7256],[-1.3533,50.7391],[-1.3461,50.7465],[-1.3377,50.7408],[-1.3384,50.7357],[-1.3317,50.7283]]]]}},{"type":"Feature","properties":{"cd":"E05013641","nm":"Garden Suburb"},"geometry":{"type":"Polygon","coordinates":[[[-0.1613,51.5853],[-0.1631,51.5844],[-0.1712,51.5724],[-0.1734,51.5711],[-0.1821,51.5687],[-0.1956,51.5765],[-0.1925,51.578],[-0.1989,51.582],[-0.1998,51.5898],[-0.1846,51.5944],[-0.1791,51.5919],[-0.1805,51.588],[-0.1688,51.5872],[-0.168,51.5894],[-0.1613,51.5853]]]}},{"type":"Feature","properties":{"cd":"E05013652","nm":"Belsize"},"geometry":{"type":"Polygon","coordinates":[[[-0.1617,51.5487],[-0.1613,51.5455],[-0.1751,51.5436],[-0.1795,51.5469],[-0.1802,51.5477],[-0.1798,51.5518],[-0.1759,51.5523],[-0.1677,51.5525],[-0.1617,51.5487]]]}},{"type":"Feature","properties":{"cd":"E05011474","nm":"Old Coulsdon"},"geometry":{"type":"Polygon","coordinates":[[[-0.0974,51.3004],[-0.0943,51.2994],[-0.1158,51.2906],[-0.1178,51.2872],[-0.1243,51.2868],[-0.1372,51.3007],[-0.1436,51.3012],[-0.136,51.3157],[-0.1293,51.315],[-0.1283,51.3223],[-0.1203,51.3238],[-0.1093,51.3079],[-0.1039,51.3073],[-0.0974,51.3004]]]}},{"type":"Feature","properties":{"cd":"E05011481","nm":"Selsdon Vale & Forestdale"},"geometry":{"type":"Polygon","coordinates":[[[-0.0223,51.348],[-0.0285,51.3477],[-0.0109,51.3337],[-0.0143,51.3298],[-0.0222,51.3381],[-0.0379,51.3387],[-0.042,51.3339],[-0.0503,51.3326],[-0.0479,51.3252],[-0.0562,51.3217],[-0.0592,51.3356],[-0.0691,51.34],[-0.0575,51.346],[-0.0529,51.3422],[-0.0474,51.3452],[-0.0488,51.3478],[-0.0381,51.3519],[-0.035,51.3479],[-0.0314,51.3497],[-0.0331,51.3532],[-0.0286,51.3544],[-0.0223,51.348]]]}},{"type":"Feature","properties":{"cd":"E05014086","nm":"Mottingham, Coldharbour & New Eltham"},"geometry":{"type":"Polygon","coordinates":[[[0.0785,51.4371],[0.0754,51.432],[0.0631,51.4241],[0.0582,51.4249],[0.0398,51.441],[0.0473,51.4428],[0.0785,51.4371]]]}},{"type":"Feature","properties":{"cd":"E05009387","nm":"Woodberry Down"},"geometry":{"type":"Polygon","coordinates":[[[-0.0768,51.5743],[-0.0797,51.5705],[-0.0878,51.5695],[-0.0918,51.5641],[-0.0924,51.5639],[-0.0981,51.5691],[-0.0976,51.5736],[-0.0857,51.575],[-0.0762,51.5749],[-0.0768,51.5743]]]}},{"type":"Feature","properties":{"cd":"E05009384","nm":"Stamford Hill West"},"geometry":{"type":"Polygon","coordinates":[[[-0.0728,51.5703],[-0.0731,51.5654],[-0.0847,51.5658],[-0.0918,51.5641],[-0.0878,51.5695],[-0.0797,51.5705],[-0.0768,51.5743],[-0.0728,51.5703]]]}},{"type":"Feature","properties":{"cd":"E05013370","nm":"East Cowes"},"geometry":{"type":"MultiPolygon","coordinates":[[[[-1.2922,50.758],[-1.2925,50.7564],[-1.2927,50.7583],[-1.2922,50.758]]],[[[-1.268,50.7629],[-1.2572,50.7557],[-1.2568,50.7553],[-1.2655,50.758],[-1.2747,50.7562],[-1.2776,50.7524],[-1.2904,50.7542],[-1.2905,50.7544],[-1.2883,50.763],[-1.2801,50.7655],[-1.2758,50.7658],[-1.268,50.7629]]]]}},{"type":"Feature","properties":{"cd":"E05014818","nm":"Astley Bridge"},"geometry":{"type":"Polygon","coordinates":[[[-2.4185,53.6016],[-2.4242,53.6009],[-2.4213,53.5982],[-2.4239,53.594],[-2.4268,53.5966],[-2.4465,53.5984],[-2.473,53.6166],[-2.466,53.6217],[-2.4538,53.622],[-2.4583,53.6246],[-2.4507,53.6278],[-2.4422,53.6247],[-2.4346,53.6148],[-2.4161,53.6093],[-2.4218,53.6031],[-2.4185,53.6016]]]}},{"type":"Feature","properties":{"cd":"E05014822","nm":"Farnworth North"},"geometry":{"type":"Polygon","coordinates":[[[-2.3821,53.552],[-2.3933,53.5486],[-2.4231,53.5489],[-2.4243,53.5465],[-2.4388,53.549],[-2.4352,53.5489],[-2.4383,53.5521],[-2.4277,53.5568],[-2.4294,53.56],[-2.4105,53.5566],[-2.409,53.5596],[-2.4037,53.5592],[-2.4066,53.5627],[-2.4014,53.5645],[-2.3923,53.5626],[-2.3899,53.5575],[-2.3791,53.5559],[-2.3821,53.552]]]}},{"type":"Feature","properties":{"cd":"E05002452","nm":"Paulsgrove"},"geometry":{"type":"MultiPolygon","coordinates":[[[[-1.0915,50.8282],[-1.0961,50.8281],[-1.0931,50.829],[-1.0915,50.8282]]],[[[-1.1501,50.8331],[-1.1501,50.8324],[-1.1517,50.8342],[-1.1501,50.8331]]],[[[-1.113,50.8361],[-1.1222,50.8357],[-1.137,50.8383],[-1.1492,50.8405],[-1.1521,50.8411],[-1.1523,50.8411],[-1.1523,50.8411],[-1.1306,50.8382],[-1.113,50.8362],[-1.113,50.8361]]],[[[-1.1538,50.8448],[-1.1677,50.8417],[-1.1538,50.8448],[-1.1538,50.8448]]],[[[-1.0821,50.8504],[-1.0847,50.8468],[-1.1001,50.8471],[-1.0844,50.8385],[-1.0884,50.8303],[-1.0879,50.8314],[-1.095,50.8313],[-1.1063,50.8379],[-1.1033,50.8464],[-1.1138,50.8468],[-1.1118,50.8435],[-1.116,50.8438],[-1.1161,50.8413],[-1.1143,50.8384],[-1.1181,50.8442],[-1.1158,50.8583],[-1.0908,50.8586],[-1.072,50.8529],[-1.0821,50.8504]]]]}},{"type":"Feature","properties":{"cd":"E05013028","nm":"Ordsall"},"geometry":{"type":"Polygon","coordinates":[[[-2.2696,53.4835],[-2.253,53.4818],[-2.2633,53.4757],[-2.2633,53.4757],[-2.2812,53.4681],[-2.2874,53.4796],[-2.2813,53.4792],[-2.276,53.4856],[-2.2696,53.4835]]]}},{"type":"Feature","properties":{"cd":"E05013033","nm":"Swinton Park"},"geometry":{"type":"Polygon","coordinates":[[[-2.3029,53.5037],[-2.3263,53.5023],[-2.3293,53.4975],[-2.3528,53.4958],[-2.344,53.5049],[-2.3372,53.5073],[-2.3328,53.5141],[-2.3242,53.5127],[-2.3195,53.5078],[-2.3176,53.5102],[-2.3104,53.5093],[-2.3029,53.5037]]]}},{"type":"Feature","properties":{"cd":"E05015015","nm":"Bramhall South & Woodford"},"geometry":{"type":"Polygon","coordinates":[[[-2.1425,53.3542],[-2.1512,53.3481],[-2.1441,53.3429],[-2.15,53.3383],[-2.1525,53.3286],[-2.1596,53.3282],[-2.1849,53.3327],[-2.1942,53.3387],[-2.181,53.344],[-2.188,53.3487],[-2.1854,53.3527],[-2.1893,53.3605],[-2.1822,53.3622],[-2.1823,53.3704],[-2.1579,53.358],[-2.1425,53.3542]]]}},{"type":"Feature","properties":{"cd":"E05011276","nm":"Sawtry"},"geometry":{"type":"Polygon","coordinates":[[[-0.1826,52.4674],[-0.1859,52.4425],[-0.1917,52.419],[-0.1882,52.4178],[-0.1958,52.4159],[-0.1995,52.4103],[-0.1669,52.4031],[-0.1682,52.3921],[-0.1589,52.3872],[-0.147,52.3898],[-0.1486,52.3852],[-0.1298,52.3781],[-0.1347,52.3768],[-0.1435,52.3642],[-0.1394,52.3611],[-0.1577,52.3572],[-0.1611,52.3615],[-0.1633,52.3593],[-0.1824,52.3547],[-0.1747,52.3619],[-0.19,52.368],[-0.1975,52.38],[-0.2068,52.3753],[-0.2105,52.383],[-0.2272,52.3838],[-0.2331,52.3919],[-0.238,52.3991],[-0.2511,52.3972],[-0.2599,52.3992],[-0.2644,52.4085],[-0.2897,52.41],[-0.3154,52.4294],[-0.3297,52.4482],[-0.306,52.4515],[-0.2796,52.4502],[-0.2702,52.4528],[-0.2654,52.4447],[-0.2302,52.4457],[-0.204,52.4692],[-0.1826,52.4674]]]}},{"type":"Feature","properties":{"cd":"E05013762","nm":"St Helier West"},"geometry":{"type":"Polygon","coordinates":[[[-0.1713,51.3798],[-0.1761,51.3755],[-0.1826,51.3768],[-0.1873,51.3819],[-0.1971,51.3808],[-0.2003,51.3849],[-0.1938,51.3879],[-0.1896,51.386],[-0.1827,51.3881],[-0.1713,51.3798]]]}},{"type":"Feature","properties":{"cd":"E05013772","nm":"Worcester Park North"},"geometry":{"type":"Polygon","coordinates":[[[-0.2232,51.3821],[-0.2339,51.3752],[-0.245,51.38],[-0.245,51.3801],[-0.2449,51.3806],[-0.2397,51.3893],[-0.2346,51.3906],[-0.2232,51.3821]]]}},{"type":"Feature","properties":{"cd":"E05013386","nm":"Ryde Monktonmead"},"geometry":{"type":"Polygon","coordinates":[[[-1.1505,50.7307],[-1.1532,50.7261],[-1.1598,50.7205],[-1.166,50.7236],[-1.163,50.726],[-1.1586,50.7269],[-1.1559,50.7321],[-1.1557,50.7321],[-1.1512,50.7309],[-1.1505,50.7307]]]}},{"type":"Feature","properties":{"cd":"SOL:shirley-east-and-sharmans-cross","nm":"Shirley East & Sharmans Cross"},"geometry":{"type":"Polygon","coordinates":[[[-1.8137,52.4207],[-1.8006,52.4063],[-1.8097,52.4031],[-1.8231,52.4054],[-1.8329,52.4195],[-1.8307,52.4228],[-1.8137,52.4207]]]}},{"type":"Feature","properties":{"cd":"WLL:short-heath","nm":"Short Heath"},"geometry":{"type":"Polygon","coordinates":[[[-2.0155,52.5964],[-2.0354,52.5928],[-2.0415,52.591],[-2.0617,52.5946],[-2.0629,52.5977],[-2.057,52.5983],[-2.0524,52.6049],[-2.0476,52.6064],[-2.042,52.6026],[-2.0395,52.6058],[-2.0228,52.6093],[-2.0155,52.5964]]]}},{"type":"Feature","properties":{"cd":"E05015732","nm":"Loughton Roding"},"geometry":{"type":"Polygon","coordinates":[[[0.102,51.6529],[0.0843,51.6405],[0.0716,51.6393],[0.0677,51.6336],[0.0575,51.642],[0.0678,51.6456],[0.0669,51.648],[0.0806,51.6473],[0.0855,51.6487],[0.0855,51.6521],[0.0921,51.6512],[0.1001,51.6547],[0.102,51.6529]]]}},{"type":"Feature","properties":{"cd":"SWD:haydon-wick","nm":"Haydon Wick"},"geometry":{"type":"Polygon","coordinates":[[[-1.7901,51.597],[-1.7927,51.5942],[-1.7862,51.5877],[-1.7866,51.5835],[-1.8105,51.5874],[-1.8137,51.5815],[-1.8199,51.5852],[-1.8197,51.5902],[-1.8073,51.5942],[-1.8024,51.5995],[-1.7963,51.6009],[-1.7901,51.597]]]}},{"type":"Feature","properties":{"cd":"E05010940","nm":"Prescot North"},"geometry":{"type":"Polygon","coordinates":[[[-2.7879,53.4304],[-2.8133,53.4173],[-2.8234,53.4274],[-2.8266,53.4299],[-2.8481,53.4317],[-2.858,53.4409],[-2.8701,53.4417],[-2.8706,53.4425],[-2.8679,53.4493],[-2.8809,53.4571],[-2.8914,53.4631],[-2.8774,53.464],[-2.8187,53.4669],[-2.8044,53.4672],[-2.807,53.4558],[-2.7951,53.4432],[-2.7968,53.4406],[-2.8046,53.4412],[-2.805,53.4387],[-2.7879,53.4304]]]}},{"type":"Feature","properties":{"cd":"E05009393","nm":"Courtfield"},"geometry":{"type":"Polygon","coordinates":[[[-0.1717,51.4919],[-0.1791,51.4871],[-0.1839,51.4922],[-0.1885,51.4916],[-0.1911,51.4947],[-0.1895,51.4947],[-0.179,51.4953],[-0.1717,51.4919]]]}},{"type":"Feature","properties":{"cd":"E05015794","nm":"South Lake"},"geometry":{"type":"Polygon","coordinates":[[[-0.8997,51.4391],[-0.9204,51.4415],[-0.9255,51.4508],[-0.8978,51.454],[-0.8997,51.4391]]]}},{"type":"Feature","properties":{"cd":"E05013375","nm":"Lake North"},"geometry":{"type":"Polygon","coordinates":[[[-1.1601,50.6496],[-1.1605,50.6493],[-1.166,50.644],[-1.1792,50.6497],[-1.1753,50.6532],[-1.1802,50.6607],[-1.1761,50.6643],[-1.1689,50.6627],[-1.1632,50.6561],[-1.1655,50.6509],[-1.1601,50.6496]]]}},{"type":"Feature","properties":{"cd":"E05014050","nm":"Wardle, Shore & West Littleborough"},"geometry":{"type":"Polygon","coordinates":[[[-2.1141,53.6711],[-2.1147,53.6583],[-2.1003,53.6492],[-2.1071,53.642],[-2.1017,53.6424],[-2.1036,53.6394],[-2.117,53.6307],[-2.1275,53.6343],[-2.1227,53.6372],[-2.1266,53.6417],[-2.1332,53.6366],[-2.1445,53.6396],[-2.1458,53.6418],[-2.1611,53.6422],[-2.1639,53.6548],[-2.1463,53.6822],[-2.1423,53.678],[-2.1341,53.6857],[-2.1254,53.6748],[-2.1141,53.6711]]]}},{"type":"Feature","properties":{"cd":"E05010863","nm":"Crookes & Crosspool"},"geometry":{"type":"Polygon","coordinates":[[[-1.4971,53.3868],[-1.5003,53.3809],[-1.5141,53.3769],[-1.5394,53.3741],[-1.5469,53.3834],[-1.5367,53.384],[-1.5181,53.3907],[-1.5111,53.3871],[-1.5033,53.3908],[-1.4971,53.3868]]]}},{"type":"Feature","properties":{"cd":"E05010858","nm":"Beighton"},"geometry":{"type":"Polygon","coordinates":[[[-1.3378,53.3535],[-1.3321,53.3524],[-1.3256,53.337],[-1.3449,53.3349],[-1.3453,53.3411],[-1.3504,53.3439],[-1.3636,53.343],[-1.3627,53.3345],[-1.3866,53.3349],[-1.3888,53.3364],[-1.3907,53.3407],[-1.3754,53.3463],[-1.3848,53.3496],[-1.3834,53.3513],[-1.3576,53.3497],[-1.3468,53.3541],[-1.3378,53.3535]]]}},{"type":"Feature","properties":{"cd":"NET:walkergate","nm":"Walkergate"},"geometry":{"type":"Polygon","coordinates":[[[-1.5479,54.9926],[-1.5458,54.989],[-1.5404,54.9899],[-1.54,54.9833],[-1.5337,54.9857],[-1.5306,54.9841],[-1.5308,54.984],[-1.535,54.9775],[-1.5352,54.9772],[-1.5593,54.9741],[-1.5625,54.9809],[-1.574,54.9778],[-1.5752,54.9821],[-1.5626,54.9922],[-1.5564,54.9934],[-1.5523,54.9897],[-1.5479,54.9926]]]}},{"type":"Feature","properties":{"cd":"E05012648","nm":"Farnley & Wortley"},"geometry":{"type":"Polygon","coordinates":[[[-1.5761,53.7878],[-1.5782,53.7834],[-1.5878,53.7797],[-1.5895,53.7708],[-1.5932,53.7672],[-1.6067,53.7659],[-1.636,53.765],[-1.6516,53.7674],[-1.6407,53.7738],[-1.6406,53.78],[-1.6379,53.7902],[-1.642,53.7926],[-1.6271,53.7976],[-1.6305,53.8014],[-1.6256,53.8025],[-1.6066,53.7939],[-1.5907,53.7935],[-1.5761,53.7878]]]}},{"type":"Feature","properties":{"cd":"E05015023","nm":"Edgeley"},"geometry":{"type":"Polygon","coordinates":[[[-2.1626,53.4027],[-2.1673,53.3963],[-2.1839,53.3968],[-2.1912,53.4059],[-2.1656,53.4092],[-2.1626,53.4027]]]}},{"type":"Feature","properties":{"cd":"E05015494","nm":"Bitterne Park"},"geometry":{"type":"Polygon","coordinates":[[[-1.3547,50.941],[-1.359,50.938],[-1.3528,50.9354],[-1.3574,50.9318],[-1.3535,50.9265],[-1.358,50.9281],[-1.3609,50.9244],[-1.3668,50.9242],[-1.3635,50.9208],[-1.3665,50.9161],[-1.3765,50.9178],[-1.3716,50.9126],[-1.3723,50.9124],[-1.3767,50.9163],[-1.3855,50.9147],[-1.3877,50.917],[-1.3769,50.9218],[-1.3801,50.9305],[-1.3806,50.9324],[-1.3574,50.9424],[-1.3547,50.941]]]}},{"type":"Feature","properties":{"cd":"E05013964","nm":"St Peters"},"geometry":{"type":"Polygon","coordinates":[[[-0.3271,51.7529],[-0.3197,51.7493],[-0.3264,51.7457],[-0.3414,51.7481],[-0.3415,51.7532],[-0.3497,51.7566],[-0.3398,51.7562],[-0.3387,51.7592],[-0.3361,51.7547],[-0.3271,51.7529]]]}},{"type":"Feature","properties":{"cd":"E05011385","nm":"Armley"},"geometry":{"type":"Polygon","coordinates":[[[-1.5779,53.8024],[-1.5656,53.7942],[-1.5667,53.7921],[-1.5761,53.7878],[-1.5907,53.7935],[-1.6066,53.7939],[-1.6256,53.8025],[-1.6305,53.8014],[-1.6371,53.8053],[-1.6194,53.8058],[-1.6163,53.8083],[-1.6221,53.812],[-1.61,53.8145],[-1.6072,53.8158],[-1.5958,53.8081],[-1.5893,53.8082],[-1.5867,53.8033],[-1.5779,53.8024]]]}},{"type":"Feature","properties":{"cd":"E05014014","nm":"Lavender"},"geometry":{"type":"Polygon","coordinates":[[[-0.1497,51.4613],[-0.1625,51.461],[-0.1725,51.4572],[-0.1734,51.4591],[-0.1724,51.4613],[-0.1659,51.4657],[-0.1507,51.4663],[-0.1497,51.4613]]]}},{"type":"Feature","properties":{"cd":"E05014023","nm":"Tooting Bec"},"geometry":{"type":"Polygon","coordinates":[[[-0.1597,51.4356],[-0.1491,51.4317],[-0.1596,51.4255],[-0.1718,51.4306],[-0.1704,51.4345],[-0.1675,51.436],[-0.1597,51.4356]]]}},{"type":"Feature","properties":{"cd":"E05015876","nm":"North Shields"},"geometry":{"type":"Polygon","coordinates":[[[-1.4309,55.0116],[-1.4325,55.0089],[-1.4411,55.0069],[-1.4508,54.9966],[-1.4538,54.9967],[-1.4601,55.0078],[-1.4484,55.0107],[-1.4498,55.0147],[-1.4373,55.0173],[-1.4309,55.0116]]]}},{"type":"Feature","properties":{"cd":"STY:west-park","nm":"West Park"},"geometry":{"type":"MultiPolygon","coordinates":[[[[-0.6152,51.3359],[-0.6138,51.3335],[-0.6225,51.3345],[-0.6152,51.3359]]],[[[-0.628,51.3542],[-0.6143,51.3484],[-0.6224,51.35],[-0.6279,51.3364],[-0.6248,51.3348],[-0.6269,51.3245],[-0.6235,51.3199],[-0.637,51.3142],[-0.6468,51.3119],[-0.6714,51.3174],[-0.6875,51.3138],[-0.6948,51.3203],[-0.6999,51.339],[-0.6484,51.35],[-0.6353,51.3523],[-0.6317,51.3607],[-0.628,51.3542]]]]}},{"type":"Feature","properties":{"cd":"E05011163","nm":"Quinton"},"geometry":{"type":"Polygon","coordinates":[[[-1.9779,52.4485],[-2.013,52.4504],[-2.0132,52.4621],[-2.0132,52.4622],[-1.9817,52.4663],[-1.9683,52.4722],[-1.9615,52.4597],[-1.9767,52.4602],[-1.9811,52.4556],[-1.9779,52.4485]]]}},{"type":"Feature","properties":{"cd":"E05011161","nm":"Perry Common"},"geometry":{"type":"Polygon","coordinates":[[[-1.8506,52.5426],[-1.8475,52.5324],[-1.8514,52.5305],[-1.8667,52.5332],[-1.8711,52.5311],[-1.8769,52.5347],[-1.8675,52.5427],[-1.8588,52.545],[-1.8561,52.5465],[-1.8506,52.5426]]]}},{"type":"Feature","properties":{"cd":"E05011159","nm":"Oscott"},"geometry":{"type":"Polygon","coordinates":[[[-1.882,52.5591],[-1.8855,52.5413],[-1.889,52.5421],[-1.8888,52.5382],[-1.9014,52.5347],[-1.9185,52.547],[-1.9182,52.5473],[-1.8998,52.555],[-1.8933,52.5613],[-1.8916,52.5625],[-1.882,52.5591]]]}},{"type":"Feature","properties":{"cd":"WKF:wakefield-west","nm":"Wakefield West"},"geometry":{"type":"Polygon","coordinates":[[[-1.545,53.6804],[-1.5241,53.6781],[-1.5049,53.6813],[-1.4993,53.6771],[-1.491,53.678],[-1.4942,53.6676],[-1.5049,53.6659],[-1.4994,53.6631],[-1.5013,53.662],[-1.514,53.664],[-1.5287,53.6562],[-1.5541,53.6799],[-1.5552,53.6842],[-1.545,53.6804]]]}},{"type":"Feature","properties":{"cd":"E05012968","nm":"Bicester South & Ambrosden"},"geometry":{"type":"Polygon","coordinates":[[[-1.158,51.8978],[-1.1492,51.896],[-1.1382,51.8993],[-1.1278,51.8956],[-1.1286,51.8929],[-1.1168,51.8862],[-1.1267,51.8799],[-1.1153,51.8789],[-1.109,51.8743],[-1.117,51.8715],[-1.1144,51.8623],[-1.1354,51.8569],[-1.1341,51.8659],[-1.1381,51.8698],[-1.1516,51.8732],[-1.1596,51.8789],[-1.161,51.882],[-1.1547,51.8878],[-1.1648,51.8901],[-1.1698,51.8864],[-1.1739,51.8878],[-1.1829,51.8958],[-1.1816,51.9003],[-1.1817,51.9005],[-1.1597,51.8957],[-1.158,51.8978]]]}},{"type":"Feature","properties":{"cd":"E05010928","nm":"Bicester West"},"geometry":{"type":"Polygon","coordinates":[[[-1.1524,51.9043],[-1.158,51.8978],[-1.1597,51.8957],[-1.1817,51.9005],[-1.1753,51.9117],[-1.1524,51.9043]]]}},{"type":"Feature","properties":{"cd":"E05010932","nm":"Kidlington East"},"geometry":{"type":"Polygon","coordinates":[[[-1.2719,51.8215],[-1.2628,51.8206],[-1.2625,51.8152],[-1.2424,51.8196],[-1.242,51.81],[-1.2451,51.802],[-1.2538,51.7978],[-1.2441,51.7894],[-1.2527,51.7865],[-1.2581,51.7935],[-1.2837,51.7963],[-1.3028,51.781],[-1.3047,51.7896],[-1.3094,51.7892],[-1.3068,51.7918],[-1.2997,51.7913],[-1.3038,51.7959],[-1.2951,51.7968],[-1.2892,51.8056],[-1.2883,51.8143],[-1.2974,51.8204],[-1.292,51.8199],[-1.2943,51.8227],[-1.2829,51.8259],[-1.2719,51.8215]]]}},{"type":"Feature","properties":{"cd":"E05011484","nm":"South Croydon"},"geometry":{"type":"Polygon","coordinates":[[[-0.093,51.3667],[-0.0689,51.3627],[-0.0613,51.3598],[-0.0633,51.3563],[-0.0771,51.353],[-0.0742,51.3498],[-0.0781,51.3484],[-0.092,51.3534],[-0.0929,51.35],[-0.1047,51.3471],[-0.1048,51.3529],[-0.1086,51.354],[-0.1077,51.3574],[-0.0978,51.3577],[-0.0989,51.3645],[-0.099,51.3677],[-0.093,51.3667]]]}},{"type":"Feature","properties":{"cd":"E05013536","nm":"South Acton"},"geometry":{"type":"Polygon","coordinates":[[[-0.2637,51.5065],[-0.2742,51.4973],[-0.2808,51.5028],[-0.283,51.5084],[-0.2643,51.5106],[-0.2637,51.5065]]]}},{"type":"Feature","properties":{"cd":"E05014087","nm":"Plumstead & Glyndon"},"geometry":{"type":"Polygon","coordinates":[[[0.1044,51.4851],[0.0906,51.4808],[0.0779,51.4834],[0.0787,51.4865],[0.0795,51.491],[0.0868,51.4899],[0.1036,51.4953],[0.1013,51.4877],[0.1054,51.488],[0.1044,51.4851]]]}},{"type":"Feature","properties":{"cd":"E05010842","nm":"Tiptree"},"geometry":{"type":"Polygon","coordinates":[[[0.7791,51.8116],[0.7542,51.801],[0.7182,51.7974],[0.719,51.8052],[0.7133,51.8085],[0.7217,51.81],[0.7108,51.8173],[0.7203,51.8173],[0.733,51.8242],[0.7413,51.8225],[0.75,51.8275],[0.755,51.8222],[0.7623,51.823],[0.7791,51.8116]]]}},{"type":"Feature","properties":{"cd":"E05015920","nm":"Quarry Bank & Dudley Wood"},"geometry":{"type":"Polygon","coordinates":[[[-2.0705,52.4816],[-2.0755,52.4772],[-2.0943,52.4736],[-2.0971,52.4684],[-2.1037,52.4644],[-2.1121,52.4614],[-2.1156,52.4636],[-2.1134,52.4678],[-2.109,52.4734],[-2.1068,52.4825],[-2.103,52.4849],[-2.0971,52.4833],[-2.0947,52.4869],[-2.0913,52.483],[-2.0755,52.4853],[-2.0705,52.4816]]]}},{"type":"Feature","properties":{"cd":"BNS:wombwell","nm":"Wombwell"},"geometry":{"type":"Polygon","coordinates":[[[-1.3689,53.5152],[-1.3791,53.5145],[-1.3896,53.5094],[-1.4114,53.5137],[-1.4307,53.5107],[-1.441,53.5213],[-1.4497,53.52],[-1.4414,53.5264],[-1.4255,53.528],[-1.4163,53.526],[-1.4068,53.5315],[-1.391,53.5219],[-1.3689,53.5152]]]}},{"type":"Feature","properties":{"cd":"BRD:shipley","nm":"Shipley"},"geometry":{"type":"Polygon","coordinates":[[[-1.762,53.8425],[-1.7752,53.8293],[-1.7775,53.8241],[-1.7797,53.8265],[-1.7991,53.8272],[-1.8073,53.8226],[-1.8081,53.8248],[-1.8188,53.8278],[-1.811,53.8332],[-1.8155,53.8362],[-1.8117,53.8385],[-1.8158,53.8405],[-1.8022,53.8435],[-1.7771,53.8442],[-1.7806,53.8405],[-1.7733,53.8372],[-1.762,53.8425]]]}},{"type":"Feature","properties":{"cd":"BRD:wibsey-and-odsal","nm":"Wibsey & Odsal"},"geometry":{"type":"Polygon","coordinates":[[[-1.7491,53.769],[-1.7495,53.7689],[-1.7617,53.764],[-1.7646,53.7582],[-1.7741,53.7612],[-1.7808,53.7601],[-1.7811,53.7676],[-1.7912,53.7652],[-1.7907,53.7692],[-1.7831,53.7743],[-1.778,53.7716],[-1.7727,53.7759],[-1.7618,53.772],[-1.7588,53.7739],[-1.7555,53.771],[-1.7503,53.7718],[-1.7491,53.769]]]}},{"type":"Feature","properties":{"cd":"E05015724","nm":"Buckhurst Hill East & Whitebridge"},"geometry":{"type":"Polygon","coordinates":[[[0.0677,51.6336],[0.0598,51.6312],[0.0592,51.6245],[0.051,51.623],[0.0537,51.6183],[0.0408,51.6157],[0.0507,51.6339],[0.0575,51.642],[0.0677,51.6336]]]}},{"type":"Feature","properties":{"cd":"E58000552","nm":"Emsworth & St Faiths"},"geometry":{"type":"Polygon","coordinates":[[[-0.9328,50.8532],[-0.9322,50.8456],[-0.9325,50.846],[-0.9322,50.8434],[-0.9322,50.8434],[-0.9376,50.8444],[-0.94,50.8419],[-0.9512,50.844],[-0.9562,50.8397],[-0.9568,50.8398],[-0.9576,50.849],[-0.9642,50.8486],[-0.9557,50.8527],[-0.9438,50.8531],[-0.9535,50.8682],[-0.9387,50.8737],[-0.9265,50.8641],[-0.9328,50.8532]]]}},{"type":"Feature","properties":{"cd":"WKF:crofton-ryhill-and-walton","nm":"Crofton, Ryhill & Walton"},"geometry":{"type":"Polygon","coordinates":[[[-1.4054,53.6507],[-1.4096,53.6452],[-1.4071,53.641],[-1.4003,53.6396],[-1.4009,53.6297],[-1.3943,53.6252],[-1.4123,53.6117],[-1.4168,53.6127],[-1.4249,53.6045],[-1.4329,53.6089],[-1.4392,53.6071],[-1.4476,53.6127],[-1.4839,53.5949],[-1.4921,53.597],[-1.4916,53.6028],[-1.4951,53.6032],[-1.4966,53.5974],[-1.5014,53.5998],[-1.4904,53.6181],[-1.5123,53.6241],[-1.5073,53.6262],[-1.5004,53.6242],[-1.4918,53.6289],[-1.4955,53.636],[-1.4721,53.6436],[-1.4728,53.6597],[-1.4689,53.6619],[-1.4756,53.6656],[-1.4726,53.6687],[-1.455,53.6655],[-1.4475,53.6686],[-1.4313,53.6696],[-1.4164,53.6668],[-1.4118,53.661],[-1.4135,53.6528],[-1.4054,53.6507]]]}},{"type":"Feature","properties":{"cd":"E58000553","nm":"Fareham Crofton"},"geometry":{"type":"MultiPolygon","coordinates":[[[[-1.1952,50.8576],[-1.1938,50.8556],[-1.2191,50.8587],[-1.229,50.8612],[-1.2236,50.8676],[-1.2021,50.8681],[-1.1952,50.8576]]],[[[-1.1761,50.8393],[-1.1784,50.838],[-1.1778,50.8383],[-1.1761,50.8393],[-1.1761,50.8393]]],[[[-1.1833,50.8584],[-1.1666,50.8531],[-1.1674,50.8521],[-1.167,50.8529],[-1.1694,50.8496],[-1.1764,50.849],[-1.179,50.8488],[-1.179,50.8487],[-1.1757,50.8421],[-1.1793,50.8375],[-1.1804,50.8369],[-1.1846,50.8422],[-1.1801,50.8486],[-1.1919,50.8527],[-1.1938,50.8556],[-1.1952,50.8576],[-1.1909,50.8539],[-1.1838,50.8556],[-1.1841,50.8623],[-1.1833,50.8584]]],[[[-1.1804,50.8369],[-1.1817,50.8367],[-1.187,50.8358],[-1.1865,50.8387],[-1.2111,50.8459],[-1.2007,50.8519],[-1.1919,50.8527],[-1.1801,50.8486],[-1.1846,50.8422],[-1.1804,50.8369]]]]}},{"type":"Feature","properties":{"cd":"E58000554","nm":"Fareham Portchester"},"geometry":{"type":"MultiPolygon","coordinates":[[[[-1.1158,50.8583],[-1.1181,50.8442],[-1.1143,50.8384],[-1.1131,50.8364],[-1.113,50.8362],[-1.1306,50.8382],[-1.1291,50.8461],[-1.1243,50.8485],[-1.1321,50.8491],[-1.1315,50.8532],[-1.1393,50.8558],[-1.1381,50.8588],[-1.1158,50.8583]]],[[[-1.1306,50.8382],[-1.1523,50.8411],[-1.1538,50.8448],[-1.1538,50.8448],[-1.1538,50.8448],[-1.1452,50.8446],[-1.1389,50.8479],[-1.1393,50.8558],[-1.1315,50.8532],[-1.1321,50.8491],[-1.1243,50.8485],[-1.1291,50.8461],[-1.1306,50.8382]]]]}},{"type":"Feature","properties":{"cd":"E05015498","nm":"Millbrook"},"geometry":{"type":"Polygon","coordinates":[[[-1.434,50.9227],[-1.4387,50.9182],[-1.4373,50.9129],[-1.4438,50.9122],[-1.441,50.9081],[-1.451,50.9041],[-1.4646,50.91],[-1.4559,50.9177],[-1.4593,50.9287],[-1.4517,50.927],[-1.4479,50.9308],[-1.434,50.9227]]]}},{"type":"Feature","properties":{"cd":"E05009426","nm":"Carpenders Park"},"geometry":{"type":"Polygon","coordinates":[[[-0.3774,51.6377],[-0.3751,51.6358],[-0.3699,51.6312],[-0.3626,51.6235],[-0.3682,51.6207],[-0.3846,51.6162],[-0.3859,51.6158],[-0.39,51.6187],[-0.386,51.6218],[-0.3871,51.6283],[-0.3868,51.6396],[-0.3774,51.6377]]]}},{"type":"Feature","properties":{"cd":"E05015814","nm":"Southborough & Bidborough"},"geometry":{"type":"Polygon","coordinates":[[[0.2622,51.18],[0.2793,51.1759],[0.2761,51.166],[0.289,51.1637],[0.2887,51.1614],[0.2794,51.1624],[0.2829,51.1574],[0.2691,51.1542],[0.2701,51.1521],[0.2606,51.1539],[0.2469,51.153],[0.2402,51.1493],[0.2364,51.1594],[0.2087,51.1592],[0.2015,51.1601],[0.1906,51.168],[0.198,51.1751],[0.2035,51.1712],[0.227,51.1841],[0.2336,51.1851],[0.2543,51.1788],[0.2622,51.18]]]}},{"type":"Feature","properties":{"cd":"E05015815","nm":"St James'"},"geometry":{"type":"Polygon","coordinates":[[[0.2822,51.1387],[0.2762,51.1356],[0.2634,51.135],[0.2605,51.1406],[0.2673,51.1429],[0.2699,51.1412],[0.2745,51.1461],[0.2803,51.1444],[0.2822,51.1387]]]}},{"type":"Feature","properties":{"cd":"SWD:badbury-park-eldene-and-liden","nm":"Badbury Park, Eldene & Liden"},"geometry":{"type":"Polygon","coordinates":[[[-1.7217,51.5469],[-1.7235,51.5408],[-1.732,51.5434],[-1.7528,51.5471],[-1.759,51.5528],[-1.7545,51.555],[-1.7423,51.5535],[-1.7396,51.5611],[-1.7329,51.561],[-1.7323,51.5474],[-1.7217,51.5469]]]}},{"type":"Feature","properties":{"cd":"SWD:old-town-and-lawn","nm":"Old Town & Lawn"},"geometry":{"type":"Polygon","coordinates":[[[-1.7631,51.5523],[-1.7678,51.5451],[-1.7624,51.5401],[-1.7712,51.5397],[-1.7712,51.5332],[-1.7948,51.5403],[-1.7966,51.5459],[-1.8035,51.5494],[-1.8038,51.5521],[-1.7769,51.5525],[-1.7769,51.5499],[-1.7734,51.551],[-1.7755,51.5548],[-1.7631,51.5523]]]}},{"type":"Feature","properties":{"cd":"E05014033","nm":"Balderstone & Kirkholt"},"geometry":{"type":"Polygon","coordinates":[[[-2.1241,53.5891],[-2.1258,53.5865],[-2.1367,53.5831],[-2.1566,53.5823],[-2.1659,53.6001],[-2.1476,53.6076],[-2.1455,53.5985],[-2.1388,53.5996],[-2.1333,53.5913],[-2.1241,53.5891]]]}},{"type":"Feature","properties":{"cd":"CLD:ovenden","nm":"Ovenden"},"geometry":{"type":"Polygon","coordinates":[[[-1.8707,53.7493],[-1.8693,53.7415],[-1.8741,53.7393],[-1.8696,53.7297],[-1.8851,53.7314],[-1.8921,53.7327],[-1.9014,53.7426],[-1.897,53.743],[-1.9015,53.7488],[-1.8989,53.7513],[-1.894,53.7519],[-1.885,53.7451],[-1.8707,53.7493]]]}},{"type":"Feature","properties":{"cd":"GAT:chopwell-and-rowlands-gill","nm":"Chopwell & Rowlands Gill"},"geometry":{"type":"Polygon","coordinates":[[[-1.8054,54.9308],[-1.8033,54.9266],[-1.7962,54.9248],[-1.7827,54.9256],[-1.7728,54.9226],[-1.7676,54.9348],[-1.7516,54.9376],[-1.7431,54.9356],[-1.7351,54.9287],[-1.7376,54.9265],[-1.7275,54.928],[-1.7306,54.9232],[-1.7373,54.924],[-1.7376,54.9187],[-1.7506,54.9174],[-1.7608,54.9085],[-1.7672,54.9096],[-1.7708,54.9072],[-1.7816,54.9116],[-1.7912,54.9087],[-1.7945,54.9036],[-1.8074,54.9072],[-1.8206,54.9058],[-1.8266,54.9101],[-1.8527,54.9174],[-1.8411,54.9297],[-1.827,54.9307],[-1.8046,54.9417],[-1.8054,54.9308]]]}},{"type":"Feature","properties":{"cd":"E05010866","nm":"East Ecclesfield"},"geometry":{"type":"Polygon","coordinates":[[[-1.4559,53.4718],[-1.4552,53.4718],[-1.4477,53.4619],[-1.4429,53.4473],[-1.4333,53.4383],[-1.4518,53.4393],[-1.458,53.4296],[-1.4658,53.4283],[-1.4642,53.4305],[-1.4711,53.4304],[-1.4749,53.4374],[-1.4857,53.4368],[-1.4737,53.4538],[-1.4804,53.4553],[-1.4817,53.4578],[-1.4749,53.4582],[-1.4838,53.4653],[-1.4742,53.4674],[-1.4669,53.4781],[-1.4559,53.4718]]]}},{"type":"Feature","properties":{"cd":"E05010872","nm":"Hillsborough"},"geometry":{"type":"Polygon","coordinates":[[[-1.4912,53.4105],[-1.4847,53.406],[-1.4827,53.398],[-1.4753,53.3939],[-1.4798,53.3906],[-1.5007,53.4024],[-1.5116,53.3998],[-1.526,53.4027],[-1.5291,53.4087],[-1.5112,53.4165],[-1.5217,53.4236],[-1.5193,53.4256],[-1.5,53.4195],[-1.4912,53.4105]]]}},{"type":"Feature","properties":{"cd":"E05014056","nm":"Beam"},"geometry":{"type":"Polygon","coordinates":[[[0.166,51.5288],[0.1623,51.5214],[0.159,51.5121],[0.1587,51.5122],[0.1432,51.5153],[0.1419,51.5157],[0.1418,51.5157],[0.1478,51.5316],[0.1482,51.5391],[0.166,51.5288]]]}},{"type":"Feature","properties":{"cd":"E05013649","nm":"West Hendon"},"geometry":{"type":"Polygon","coordinates":[[[-0.2184,51.5768],[-0.2322,51.571],[-0.2442,51.5726],[-0.247,51.5686],[-0.2531,51.5724],[-0.2517,51.5834],[-0.2495,51.5856],[-0.2451,51.5871],[-0.2432,51.5837],[-0.2395,51.5843],[-0.2384,51.5881],[-0.2184,51.5768]]]}},{"type":"Feature","properties":{"cd":"E05011219","nm":"Bexleyheath"},"geometry":{"type":"Polygon","coordinates":[[[0.1574,51.4701],[0.1563,51.4641],[0.1605,51.4609],[0.1659,51.4548],[0.1522,51.4538],[0.1562,51.4467],[0.1426,51.4483],[0.1325,51.4482],[0.1373,51.4518],[0.1364,51.4609],[0.1433,51.4702],[0.1446,51.4734],[0.1574,51.4701]]]}},{"type":"Feature","properties":{"cd":"E05015013","nm":"Worsley Mesnes"},"geometry":{"type":"Polygon","coordinates":[[[-2.626,53.5397],[-2.6164,53.5286],[-2.6159,53.5246],[-2.6281,53.5145],[-2.6334,53.5172],[-2.6523,53.5141],[-2.655,53.5259],[-2.6708,53.5304],[-2.6535,53.5359],[-2.6477,53.541],[-2.6373,53.535],[-2.626,53.5397]]]}},{"type":"Feature","properties":{"cd":"GAT:chowdene","nm":"Chowdene"},"geometry":{"type":"Polygon","coordinates":[[[-1.5812,54.9242],[-1.5868,54.9171],[-1.605,54.9224],[-1.5972,54.9315],[-1.5891,54.9317],[-1.5836,54.929],[-1.5862,54.9249],[-1.5812,54.9242]]]}},{"type":"Feature","properties":{"cd":"GAT:crawcrook-and-greenside","nm":"Crawcrook & Greenside"},"geometry":{"type":"Polygon","coordinates":[[[-1.7784,54.9824],[-1.7725,54.9805],[-1.7721,54.9789],[-1.7823,54.9772],[-1.777,54.9642],[-1.7666,54.9665],[-1.7351,54.9611],[-1.7366,54.9566],[-1.7656,54.9478],[-1.7708,54.9422],[-1.7931,54.9402],[-1.8054,54.9308],[-1.8046,54.9417],[-1.827,54.9307],[-1.8245,54.9394],[-1.831,54.9443],[-1.8337,54.9533],[-1.8229,54.9557],[-1.8225,54.9648],[-1.8154,54.9673],[-1.8128,54.9763],[-1.8027,54.9788],[-1.7885,54.9843],[-1.7784,54.9824]]]}},{"type":"Feature","properties":{"cd":"GAT:lobley-hill-and-bensham","nm":"Lobley Hill & Bensham"},"geometry":{"type":"Polygon","coordinates":[[[-1.6077,54.9545],[-1.6174,54.9492],[-1.6106,54.9369],[-1.6097,54.9341],[-1.6242,54.9303],[-1.6439,54.9352],[-1.6413,54.9393],[-1.6394,54.9477],[-1.6247,54.9483],[-1.6154,54.9604],[-1.6074,54.961],[-1.6127,54.9579],[-1.6077,54.9545]]]}},{"type":"Feature","properties":{"cd":"E05013058","nm":"Newnham"},"geometry":{"type":"Polygon","coordinates":[[[0.1136,52.2105],[0.1165,52.2098],[0.1161,52.1948],[0.1047,52.1907],[0.0969,52.1921],[0.0949,52.1993],[0.079,52.2044],[0.0742,52.2115],[0.0698,52.2122],[0.0711,52.2151],[0.1136,52.2105]]]}},{"type":"Feature","properties":{"cd":"E05010924","nm":"Banbury Ruscote"},"geometry":{"type":"Polygon","coordinates":[[[-1.3511,52.0669],[-1.3444,52.0642],[-1.3519,52.0616],[-1.3487,52.0599],[-1.3529,52.0568],[-1.3676,52.0546],[-1.3658,52.0587],[-1.3723,52.0628],[-1.3708,52.0711],[-1.3511,52.0669]]]}},{"type":"Feature","properties":{"cd":"E05011270","nm":"St Ives South"},"geometry":{"type":"Polygon","coordinates":[[[-0.0622,52.3335],[-0.0563,52.3329],[-0.0613,52.3269],[-0.0499,52.3214],[-0.0501,52.3147],[-0.0559,52.3153],[-0.0633,52.3109],[-0.0699,52.3123],[-0.0754,52.3074],[-0.0862,52.3083],[-0.0765,52.3236],[-0.0911,52.3276],[-0.0926,52.3334],[-0.0767,52.3351],[-0.0622,52.3335]]]}},{"type":"Feature","properties":{"cd":"E05011429","nm":"Silverdale"},"geometry":{"type":"Polygon","coordinates":[[[-2.2608,53.0203],[-2.243,53.0145],[-2.2547,53.0148],[-2.2581,53.0102],[-2.2527,53.0069],[-2.2573,53.0067],[-2.2811,53.0103],[-2.2924,53.0195],[-2.2784,53.0262],[-2.272,53.0231],[-2.2665,53.0264],[-2.2608,53.0203]]]}},{"type":"Feature","properties":{"cd":"E05015791","nm":"Maiden Erlegh & Whitegates"},"geometry":{"type":"Polygon","coordinates":[[[-0.9216,51.4599],[-0.9255,51.4508],[-0.9204,51.4415],[-0.8997,51.4391],[-0.8981,51.439],[-0.8999,51.4375],[-0.9066,51.4377],[-0.9062,51.4331],[-0.9292,51.4333],[-0.9353,51.4368],[-0.9323,51.441],[-0.9286,51.4451],[-0.9351,51.452],[-0.95,51.4578],[-0.9492,51.4595],[-0.9269,51.4673],[-0.9282,51.4613],[-0.9216,51.4599]]]}},{"type":"Feature","properties":{"cd":"E05014126","nm":"Newton-le-Willows East"},"geometry":{"type":"Polygon","coordinates":[[[-2.6168,53.4662],[-2.6131,53.4618],[-2.5997,53.4611],[-2.5969,53.4568],[-2.5842,53.4541],[-2.5833,53.449],[-2.5767,53.4461],[-2.5846,53.4404],[-2.5987,53.4504],[-2.5962,53.4427],[-2.6114,53.4423],[-2.6275,53.4344],[-2.6324,53.4417],[-2.6395,53.4444],[-2.6335,53.4484],[-2.633,53.4541],[-2.6243,53.4587],[-2.6334,53.467],[-2.6168,53.4662]]]}},{"type":"Feature","properties":{"cd":"E05015925","nm":"Wollaston & Stourbridge Town"},"geometry":{"type":"Polygon","coordinates":[[[-2.161,52.4707],[-2.1536,52.466],[-2.1559,52.4617],[-2.1471,52.4595],[-2.141,52.4532],[-2.1406,52.4484],[-2.1625,52.4526],[-2.1618,52.4562],[-2.1749,52.4586],[-2.1675,52.4712],[-2.1652,52.4718],[-2.161,52.4707]]]}},{"type":"Feature","properties":{"cd":"SND:fulwell","nm":"Fulwell"},"geometry":{"type":"Polygon","coordinates":[[[-1.3654,54.9311],[-1.3721,54.9307],[-1.373,54.927],[-1.381,54.9271],[-1.3837,54.923],[-1.3867,54.9225],[-1.3924,54.9339],[-1.4048,54.9379],[-1.3934,54.9396],[-1.3757,54.9369],[-1.3743,54.9435],[-1.3639,54.9442],[-1.364,54.9441],[-1.3652,54.933],[-1.3654,54.9311],[-1.3654,54.9311]]]}},{"type":"Feature","properties":{"cd":"E05015922","nm":"St. James's"},"geometry":{"type":"Polygon","coordinates":[[[-2.0791,52.5126],[-2.0804,52.5097],[-2.0965,52.5053],[-2.1144,52.501],[-2.122,52.5012],[-2.1216,52.5064],[-2.1196,52.5116],[-2.1244,52.5126],[-2.1177,52.519],[-2.0987,52.5167],[-2.0955,52.5131],[-2.0791,52.5126]]]}},{"type":"Feature","properties":{"cd":"E05015919","nm":"Pedmore & Stourbridge East"},"geometry":{"type":"Polygon","coordinates":[[[-2.1175,52.4527],[-2.1088,52.4412],[-2.1175,52.4339],[-2.1297,52.4322],[-2.136,52.4263],[-2.1436,52.4261],[-2.1436,52.4261],[-2.1406,52.4484],[-2.141,52.4532],[-2.1175,52.4527]]]}},{"type":"Feature","properties":{"cd":"E05015924","nm":"Upper Gornal & Woodsetton"},"geometry":{"type":"Polygon","coordinates":[[[-2.0786,52.5305],[-2.0796,52.5241],[-2.0849,52.5277],[-2.0889,52.5259],[-2.0895,52.5283],[-2.0981,52.529],[-2.1162,52.523],[-2.1221,52.5263],[-2.1204,52.5318],[-2.1119,52.533],[-2.1141,52.5393],[-2.1063,52.5407],[-2.0955,52.541],[-2.088,52.537],[-2.0861,52.5314],[-2.0786,52.5305]]]}},{"type":"Feature","properties":{"cd":"E05010874","nm":"Mosborough"},"geometry":{"type":"Polygon","coordinates":[[[-1.3256,53.337],[-1.3247,53.3288],[-1.3283,53.329],[-1.3403,53.3155],[-1.3472,53.3189],[-1.3618,53.3185],[-1.3626,53.315],[-1.3851,53.3178],[-1.392,53.3226],[-1.3866,53.3349],[-1.3627,53.3345],[-1.3636,53.343],[-1.3504,53.3439],[-1.3453,53.3411],[-1.3449,53.3349],[-1.3256,53.337]]]}},{"type":"Feature","properties":{"cd":"SOL:olton","nm":"Olton"},"geometry":{"type":"Polygon","coordinates":[[[-1.7835,52.4329],[-1.7985,52.43],[-1.7991,52.4242],[-1.8137,52.4207],[-1.8307,52.4228],[-1.8253,52.4293],[-1.8173,52.4324],[-1.8093,52.4454],[-1.8083,52.4465],[-1.7991,52.4433],[-1.8041,52.4403],[-1.7835,52.4329]]]}},{"type":"Feature","properties":{"cd":"E05014845","nm":"Ettingshall South & Spring Vale"},"geometry":{"type":"Polygon","coordinates":[[[-2.0973,52.5611],[-2.089,52.5515],[-2.0921,52.548],[-2.1078,52.5441],[-2.1215,52.5568],[-2.1189,52.5617],[-2.113,52.5621],[-2.1051,52.5657],[-2.0973,52.5611]]]}},{"type":"Feature","properties":{"cd":"E05013080","nm":"Brighton Hill"},"geometry":{"type":"Polygon","coordinates":[[[-1.0897,51.2468],[-1.1096,51.2376],[-1.1158,51.2345],[-1.1283,51.2438],[-1.1202,51.2481],[-1.1122,51.2493],[-1.0897,51.2468]]]}},{"type":"Feature","properties":{"cd":"E05013082","nm":"Chineham"},"geometry":{"type":"Polygon","coordinates":[[[-1.0452,51.2929],[-1.0534,51.2825],[-1.0606,51.2824],[-1.0614,51.2855],[-1.0696,51.2847],[-1.0699,51.2876],[-1.0708,51.2977],[-1.065,51.3009],[-1.0566,51.3018],[-1.0559,51.2997],[-1.0543,51.305],[-1.0416,51.3023],[-1.0452,51.2929]]]}},{"type":"Feature","properties":{"cd":"E05013083","nm":"Eastrop & Grove"},"geometry":{"type":"Polygon","coordinates":[[[-1.0897,51.2468],[-1.1122,51.2493],[-1.1036,51.2551],[-1.0982,51.2539],[-1.0878,51.2571],[-1.0803,51.2696],[-1.0668,51.271],[-1.0654,51.2579],[-1.0897,51.2468]]]}},{"type":"Feature","properties":{"cd":"E05013084","nm":"Evingar"},"geometry":{"type":"Polygon","coordinates":[[[-1.2734,51.3675],[-1.2728,51.3574],[-1.2647,51.3494],[-1.2697,51.3355],[-1.2767,51.3304],[-1.2789,51.3101],[-1.2891,51.3081],[-1.292,51.304],[-1.2827,51.2862],[-1.3401,51.2672],[-1.3476,51.2749],[-1.3597,51.2754],[-1.365,51.2714],[-1.3645,51.2674],[-1.3601,51.2664],[-1.362,51.258],[-1.3553,51.2571],[-1.3606,51.2439],[-1.3595,51.2321],[-1.3493,51.2274],[-1.3602,51.2229],[-1.3483,51.2193],[-1.3432,51.2214],[-1.342,51.2179],[-1.3381,51.221],[-1.3322,51.218],[-1.3126,51.1936],[-1.3409,51.1846],[-1.3416,51.2057],[-1.3582,51.212],[-1.36,51.2046],[-1.3689,51.2024],[-1.3837,51.2149],[-1.4211,51.2237],[-1.4276,51.227],[-1.4275,51.2331],[-1.4333,51.2365],[-1.4451,51.2496],[-1.4602,51.2559],[-1.447,51.2679],[-1.4221,51.2774],[-1.4168,51.2831],[-1.4193,51.293],[-1.4287,51.3004],[-1.4184,51.3265],[-1.4233,51.3309],[-1.4213,51.3356],[-1.4297,51.3365],[-1.4449,51.3481],[-1.4441,51.3549],[-1.4284,51.3568],[-1.4155,51.372],[-1.3529,51.3673],[-1.3167,51.3729],[-1.2734,51.3675]]]}},{"type":"Feature","properties":{"cd":"E05013085","nm":"Hatch Warren & Beggarwood"},"geometry":{"type":"Polygon","coordinates":[[[-1.1158,51.2345],[-1.146,51.222],[-1.1443,51.2329],[-1.1283,51.2438],[-1.1158,51.2345]]]}},{"type":"Feature","properties":{"cd":"SWD:upper-stratton","nm":"Upper Stratton"},"geometry":{"type":"Polygon","coordinates":[[[-1.7495,51.6013],[-1.7505,51.592],[-1.7552,51.5916],[-1.7613,51.5788],[-1.7715,51.5858],[-1.77,51.5879],[-1.7862,51.5877],[-1.7927,51.5942],[-1.7901,51.597],[-1.7787,51.5967],[-1.7815,51.6044],[-1.7677,51.5979],[-1.7654,51.6037],[-1.7495,51.6013]]]}},{"type":"Feature","properties":{"cd":"E05014831","nm":"Little Lever & Darcy Lever"},"geometry":{"type":"Polygon","coordinates":[[[-2.374,53.5715],[-2.361,53.5683],[-2.3573,53.5633],[-2.3583,53.5532],[-2.3622,53.5561],[-2.3667,53.5533],[-2.3736,53.5539],[-2.3821,53.552],[-2.3791,53.5559],[-2.3899,53.5575],[-2.3923,53.5626],[-2.4014,53.5645],[-2.4066,53.5627],[-2.4035,53.5672],[-2.4047,53.5737],[-2.401,53.5747],[-2.374,53.5715]]]}},{"type":"Feature","properties":{"cd":"E05014156","nm":"Holyrood"},"geometry":{"type":"Polygon","coordinates":[[[-2.2365,53.5592],[-2.2417,53.5572],[-2.2342,53.5434],[-2.2372,53.5389],[-2.248,53.5442],[-2.2588,53.5432],[-2.2685,53.5371],[-2.266,53.5302],[-2.2744,53.531],[-2.2831,53.5343],[-2.2855,53.5407],[-2.2606,53.5498],[-2.2426,53.5615],[-2.2365,53.5592]]]}},{"type":"Feature","properties":{"cd":"E05011537","nm":"Newington & Gipsyville"},"geometry":{"type":"Polygon","coordinates":[[[-0.3608,53.7459],[-0.3676,53.7437],[-0.3802,53.7373],[-0.3743,53.7285],[-0.3853,53.726],[-0.3846,53.7243],[-0.3967,53.7232],[-0.397,53.7232],[-0.3975,53.7243],[-0.3882,53.7269],[-0.3946,53.7265],[-0.3971,53.7302],[-0.4051,53.7295],[-0.3998,53.7371],[-0.3823,53.7437],[-0.3882,53.7493],[-0.3817,53.752],[-0.3608,53.7459]]]}},{"type":"Feature","properties":{"cd":"E05001714","nm":"East Marsh"},"geometry":{"type":"Polygon","coordinates":[[[-0.051,53.5761],[-0.0582,53.5697],[-0.057,53.564],[-0.0672,53.5607],[-0.0704,53.5648],[-0.0796,53.5659],[-0.0711,53.5823],[-0.0698,53.5832],[-0.0686,53.5831],[-0.0602,53.5816],[-0.0519,53.5766],[-0.051,53.5761]]]}},{"type":"Feature","properties":{"cd":"E05014166","nm":"St. Mary's"},"geometry":{"type":"Polygon","coordinates":[[[-2.2744,53.531],[-2.2738,53.5287],[-2.2813,53.5287],[-2.2763,53.5235],[-2.2793,53.5159],[-2.2908,53.512],[-2.3023,53.5171],[-2.3105,53.5272],[-2.3268,53.5285],[-2.2891,53.539],[-2.2855,53.5407],[-2.2831,53.5343],[-2.2744,53.531]]]}},{"type":"Feature","properties":{"cd":"E05010884","nm":"Woodhouse"},"geometry":{"type":"Polygon","coordinates":[[[-1.3625,53.3685],[-1.352,53.3665],[-1.3378,53.3535],[-1.3468,53.3541],[-1.3576,53.3497],[-1.3834,53.3513],[-1.3877,53.355],[-1.3892,53.3639],[-1.375,53.363],[-1.3915,53.3744],[-1.3977,53.3718],[-1.3969,53.3678],[-1.4048,53.3717],[-1.4065,53.3746],[-1.3912,53.3833],[-1.3799,53.3811],[-1.3625,53.3685]]]}},{"type":"Feature","properties":{"cd":"BNS:penistone-west","nm":"Penistone West"},"geometry":{"type":"Polygon","coordinates":[[[-1.6244,53.4921],[-1.6691,53.5007],[-1.6888,53.4991],[-1.7011,53.5031],[-1.711,53.5013],[-1.72,53.4923],[-1.732,53.4909],[-1.7385,53.4771],[-1.7836,53.4848],[-1.8014,53.481],[-1.8015,53.481],[-1.8015,53.481],[-1.8003,53.4934],[-1.795,53.4959],[-1.7963,53.5032],[-1.8104,53.5063],[-1.8008,53.5114],[-1.8195,53.5134],[-1.8222,53.5211],[-1.8043,53.537],[-1.7974,53.5339],[-1.7558,53.5367],[-1.7301,53.5468],[-1.7232,53.5599],[-1.7041,53.5602],[-1.699,53.5538],[-1.6695,53.5532],[-1.6619,53.5537],[-1.6639,53.5575],[-1.6566,53.5606],[-1.6194,53.5631],[-1.6216,53.5533],[-1.6368,53.5478],[-1.6234,53.527],[-1.6091,53.5238],[-1.6245,53.5079],[-1.6189,53.4994],[-1.6244,53.4921]]]}},{"type":"Feature","properties":{"cd":"E05011348","nm":"Adderbury, Bloxham & Bodicote"},"geometry":{"type":"Polygon","coordinates":[[[-1.2964,52.0409],[-1.2917,52.031],[-1.2943,52.028],[-1.2853,52.0265],[-1.2782,52.0143],[-1.2786,52.0114],[-1.2845,52.0108],[-1.2771,52.0054],[-1.2834,51.9995],[-1.2964,52.0018],[-1.3116,51.9965],[-1.319,51.9985],[-1.3296,51.9957],[-1.336,52.003],[-1.3642,52.0026],[-1.3871,51.9972],[-1.3877,52.0046],[-1.3951,52.0052],[-1.3959,52.0238],[-1.4015,52.0238],[-1.3942,52.0291],[-1.3971,52.0359],[-1.3911,52.0391],[-1.3851,52.0351],[-1.3753,52.0346],[-1.3413,52.0314],[-1.3399,52.0445],[-1.3289,52.0434],[-1.3211,52.0407],[-1.3242,52.0395],[-1.3208,52.0367],[-1.3185,52.0388],[-1.3109,52.0356],[-1.2964,52.0409]]]}},{"type":"Feature","properties":{"cd":"E05011125","nm":"Birchfield"},"geometry":{"type":"Polygon","coordinates":[[[-1.9014,52.5163],[-1.9035,52.5085],[-1.9188,52.5022],[-1.92,52.506],[-1.9263,52.5062],[-1.9189,52.5105],[-1.9243,52.5128],[-1.9045,52.5167],[-1.9014,52.5163]]]}},{"type":"Feature","properties":{"cd":"WKF:altofts-and-whitwood","nm":"Altofts & Whitwood"},"geometry":{"type":"Polygon","coordinates":[[[-1.3521,53.7042],[-1.3877,53.7082],[-1.4136,53.7108],[-1.4213,53.7016],[-1.4468,53.6978],[-1.4444,53.7023],[-1.4489,53.7027],[-1.454,53.7016],[-1.4508,53.698],[-1.4702,53.7051],[-1.4618,53.7085],[-1.4698,53.712],[-1.462,53.7153],[-1.4403,53.7146],[-1.4372,53.7172],[-1.4467,53.7185],[-1.4321,53.7173],[-1.4344,53.7217],[-1.4283,53.7214],[-1.4122,53.7231],[-1.399,53.7194],[-1.3945,53.7238],[-1.372,53.7296],[-1.3677,53.723],[-1.3556,53.724],[-1.3547,53.7153],[-1.3605,53.709],[-1.3521,53.7042]]]}},{"type":"Feature","properties":{"cd":"WKF:castleford-central-and-glasshoughton","nm":"Castleford Central & Glasshoughton"},"geometry":{"type":"Polygon","coordinates":[[[-1.3119,53.7101],[-1.3521,53.7042],[-1.3605,53.709],[-1.3547,53.7153],[-1.3556,53.724],[-1.3677,53.723],[-1.372,53.7296],[-1.3401,53.7364],[-1.3398,53.7285],[-1.3261,53.7321],[-1.3342,53.7229],[-1.3322,53.7198],[-1.3185,53.7172],[-1.3217,53.7156],[-1.3168,53.7159],[-1.3119,53.7101]]]}},{"type":"Feature","properties":{"cd":"WKF:hemsworth","nm":"Hemsworth"},"geometry":{"type":"Polygon","coordinates":[[[-1.338,53.6088],[-1.3496,53.6049],[-1.3479,53.5987],[-1.3561,53.5954],[-1.3767,53.6065],[-1.4002,53.5987],[-1.4249,53.6045],[-1.4168,53.6127],[-1.4123,53.6117],[-1.3943,53.6252],[-1.4009,53.6297],[-1.4003,53.6396],[-1.3777,53.646],[-1.3559,53.6396],[-1.3506,53.6308],[-1.3313,53.6357],[-1.3224,53.6272],[-1.3202,53.6094],[-1.3276,53.6118],[-1.338,53.6088]]]}},{"type":"Feature","properties":{"cd":"E05011349","nm":"Banbury Calthorpe & Easington"},"geometry":{"type":"Polygon","coordinates":[[[-1.339,52.0549],[-1.3367,52.0509],[-1.3221,52.0525],[-1.31,52.045],[-1.3091,52.0488],[-1.2964,52.0409],[-1.3109,52.0356],[-1.3185,52.0388],[-1.3208,52.0367],[-1.3242,52.0395],[-1.3211,52.0407],[-1.3289,52.0434],[-1.3399,52.0445],[-1.3413,52.0314],[-1.3753,52.0346],[-1.3676,52.0546],[-1.3529,52.0568],[-1.3457,52.0531],[-1.3402,52.0573],[-1.339,52.0549]]]}},{"type":"Feature","properties":{"cd":"E05011128","nm":"Bournbrook & Selly Park"},"geometry":{"type":"Polygon","coordinates":[[[-1.9123,52.4379],[-1.9167,52.4324],[-1.9272,52.4295],[-1.9367,52.4432],[-1.9381,52.4473],[-1.924,52.4465],[-1.9086,52.4498],[-1.9123,52.4379]]]}},{"type":"Feature","properties":{"cd":"E05011151","nm":"Ladywood"},"geometry":{"type":"Polygon","coordinates":[[[-1.8999,52.485],[-1.8926,52.486],[-1.8928,52.4792],[-1.9004,52.4749],[-1.9012,52.4673],[-1.9191,52.4729],[-1.9315,52.4718],[-1.9295,52.475],[-1.9355,52.4773],[-1.9277,52.4866],[-1.9073,52.4809],[-1.8999,52.485]]]}},{"type":"Feature","properties":{"cd":"E05011152","nm":"Longbridge & West Heath"},"geometry":{"type":"Polygon","coordinates":[[[-1.9525,52.3933],[-1.9604,52.3891],[-1.9649,52.3922],[-1.9664,52.3895],[-1.9836,52.3873],[-1.9945,52.3812],[-2.0013,52.3836],[-1.989,52.3955],[-1.9826,52.4014],[-1.9773,52.4002],[-1.9636,52.4089],[-1.9528,52.4084],[-1.9487,52.4053],[-1.9525,52.3933]]]}},{"type":"Feature","properties":{"cd":"E05013798","nm":"Lancaster Gate"},"geometry":{"type":"Polygon","coordinates":[[[-0.1712,51.5067],[-0.1747,51.5022],[-0.1803,51.5015],[-0.1842,51.5018],[-0.1891,51.5101],[-0.1896,51.5152],[-0.1833,51.5184],[-0.1723,51.512],[-0.1712,51.5067]]]}},{"type":"Feature","properties":{"cd":"E05013637","nm":"Edgware"},"geometry":{"type":"Polygon","coordinates":[[[-0.3026,51.6362],[-0.2878,51.6239],[-0.2573,51.6215],[-0.2477,51.6116],[-0.2783,51.6098],[-0.281,51.6123],[-0.2926,51.6217],[-0.3045,51.632],[-0.3044,51.6363],[-0.3026,51.6362]]]}},{"type":"Feature","properties":{"cd":"E05013638","nm":"Edgwarebury"},"geometry":{"type":"Polygon","coordinates":[[[-0.2574,51.6418],[-0.2517,51.6374],[-0.2374,51.6374],[-0.236,51.6304],[-0.2573,51.6215],[-0.2878,51.6239],[-0.3026,51.6362],[-0.2737,51.6387],[-0.2731,51.6412],[-0.2633,51.6448],[-0.2574,51.6418]]]}},{"type":"Feature","properties":{"cd":"E05014098","nm":"Brixton Windrush"},"geometry":{"type":"Polygon","coordinates":[[[-0.1114,51.4563],[-0.1157,51.4612],[-0.1149,51.463],[-0.1045,51.4646],[-0.1052,51.4572],[-0.1114,51.4563]]]}},{"type":"Feature","properties":{"cd":"E05014106","nm":"Knight's Hill"},"geometry":{"type":"Polygon","coordinates":[[[-0.1047,51.4365],[-0.1,51.4313],[-0.0933,51.4266],[-0.0983,51.4247],[-0.0969,51.4227],[-0.106,51.4226],[-0.1126,51.4232],[-0.1143,51.4243],[-0.1178,51.4331],[-0.1112,51.4371],[-0.1066,51.4385],[-0.1072,51.4354],[-0.1047,51.4365]]]}},{"type":"Feature","properties":{"cd":"WKF:stanley-and-outwood-east","nm":"Stanley & Outwood East"},"geometry":{"type":"Polygon","coordinates":[[[-1.481,53.7278],[-1.4431,53.7282],[-1.4346,53.7257],[-1.4283,53.7214],[-1.4344,53.7217],[-1.4321,53.7173],[-1.4467,53.7185],[-1.4372,53.7172],[-1.4403,53.7146],[-1.462,53.7153],[-1.4698,53.712],[-1.4618,53.7085],[-1.4702,53.7051],[-1.4508,53.698],[-1.4488,53.6888],[-1.4592,53.6881],[-1.4661,53.691],[-1.4666,53.6966],[-1.4732,53.6935],[-1.4902,53.6963],[-1.4945,53.693],[-1.5003,53.6945],[-1.5037,53.6949],[-1.5054,53.7065],[-1.4977,53.7149],[-1.5104,53.7144],[-1.5132,53.7275],[-1.5056,53.7291],[-1.5044,53.725],[-1.4914,53.7222],[-1.4883,53.7278],[-1.481,53.7278]]]}},{"type":"Feature","properties":{"cd":"E05011377","nm":"Rusholme"},"geometry":{"type":"Polygon","coordinates":[[[-2.1974,53.4483],[-2.2038,53.4423],[-2.2044,53.4421],[-2.2182,53.4467],[-2.2221,53.4514],[-2.2266,53.4576],[-2.2031,53.4591],[-2.205,53.4553],[-2.1974,53.4483]]]}},{"type":"Feature","properties":{"cd":"E05011275","nm":"St Neots Priory Park & Little Paxton"},"geometry":{"type":"Polygon","coordinates":[[[-0.2381,52.2552],[-0.2412,52.2477],[-0.2512,52.2462],[-0.2429,52.2424],[-0.2496,52.2277],[-0.262,52.2278],[-0.2704,52.2312],[-0.2723,52.2275],[-0.2792,52.228],[-0.284,52.2334],[-0.2821,52.2384],[-0.2778,52.2528],[-0.2885,52.2544],[-0.2952,52.2621],[-0.29,52.2608],[-0.2867,52.2632],[-0.2792,52.2582],[-0.2381,52.2552]]]}},{"type":"Feature","properties":{"cd":"E05011378","nm":"Sharston"},"geometry":{"type":"Polygon","coordinates":[[[-2.2426,53.3877],[-2.2387,53.3708],[-2.2584,53.3765],[-2.2559,53.3823],[-2.2647,53.3811],[-2.2691,53.3857],[-2.2754,53.3861],[-2.2736,53.3899],[-2.2566,53.3884],[-2.2565,53.3985],[-2.2424,53.399],[-2.2468,53.3961],[-2.2462,53.3878],[-2.2426,53.3877]]]}},{"type":"Feature","properties":{"cd":"KIR:batley-east","nm":"Batley East"},"geometry":{"type":"Polygon","coordinates":[[[-1.6323,53.7308],[-1.6234,53.7185],[-1.6055,53.7212],[-1.5821,53.7139],[-1.5711,53.7064],[-1.5842,53.7031],[-1.5872,53.7069],[-1.5979,53.7096],[-1.6038,53.7055],[-1.62,53.7042],[-1.6266,53.6984],[-1.6282,53.7005],[-1.6303,53.6982],[-1.6398,53.6986],[-1.6422,53.7011],[-1.6408,53.713],[-1.635,53.717],[-1.6427,53.72],[-1.6375,53.723],[-1.6395,53.727],[-1.6358,53.7322],[-1.6323,53.7308]]]}},{"type":"Feature","properties":{"cd":"KIR:batley-west","nm":"Batley West"},"geometry":{"type":"Polygon","coordinates":[[[-1.6395,53.727],[-1.6375,53.723],[-1.6427,53.72],[-1.635,53.717],[-1.6408,53.713],[-1.6422,53.7011],[-1.6536,53.6996],[-1.6571,53.7034],[-1.6599,53.7145],[-1.6544,53.717],[-1.6652,53.7217],[-1.6591,53.7306],[-1.6517,53.7336],[-1.6472,53.7338],[-1.6395,53.727]]]}},{"type":"Feature","properties":{"cd":"E05013895","nm":"Lea Bridge"},"geometry":{"type":"Polygon","coordinates":[[[-0.0128,51.5753],[-0.0098,51.5739],[-0.0171,51.5703],[-0.0254,51.5674],[-0.0237,51.5648],[-0.03,51.5614],[-0.0451,51.5618],[-0.0511,51.5677],[-0.0482,51.5719],[-0.028,51.573],[-0.0155,51.5765],[-0.0128,51.5753]]]}},{"type":"Feature","properties":{"cd":"NET:benwell-scotswood-and-denton-burn","nm":"Benwell, Scotswood & Denton Burn"},"geometry":{"type":"Polygon","coordinates":[[[-1.6587,54.9764],[-1.6674,54.9648],[-1.6677,54.9648],[-1.6831,54.9659],[-1.6867,54.967],[-1.6891,54.9679],[-1.6977,54.971],[-1.6936,54.985],[-1.6587,54.9764]]]}},{"type":"Feature","properties":{"cd":"E05014031","nm":"Cambourne"},"geometry":{"type":"Polygon","coordinates":[[[-0.0442,52.2212],[-0.0521,52.2079],[-0.0626,52.2091],[-0.0659,52.2058],[-0.0788,52.2113],[-0.0984,52.2191],[-0.1034,52.229],[-0.0889,52.229],[-0.0442,52.2212]]]}},{"type":"Feature","properties":{"cd":"E05011295","nm":"Hardwick"},"geometry":{"type":"Polygon","coordinates":[[[0.0252,52.2165],[0.0064,52.1729],[0.0017,52.1733],[0.0014,52.1767],[-0.0045,52.1762],[-0.0062,52.1798],[-0.0142,52.18],[-0.0148,52.1827],[-0.028,52.1853],[-0.0227,52.1992],[-0.0053,52.219],[0.0252,52.2165]]]}},{"type":"Feature","properties":{"cd":"E05009002","nm":"Broxbourne and Hoddesdon South"},"geometry":{"type":"Polygon","coordinates":[[[-0.0116,51.761],[-0.012,51.7567],[-0.0068,51.7587],[0.0042,51.7554],[0.0013,51.7451],[-0.0062,51.7417],[-0.013,51.7428],[-0.0137,51.7354],[-0.0184,51.734],[-0.0166,51.7382],[-0.0218,51.7398],[-0.0255,51.7354],[-0.0524,51.7423],[-0.0488,51.7613],[-0.0418,51.7634],[-0.0116,51.761]]]}},{"type":"Feature","properties":{"cd":"E05013690","nm":"Ridgeway"},"geometry":{"type":"Polygon","coordinates":[[[-0.0938,51.6625],[-0.0912,51.6519],[-0.0973,51.6456],[-0.0993,51.6479],[-0.1094,51.6455],[-0.1035,51.6483],[-0.1084,51.6514],[-0.1126,51.6501],[-0.1135,51.6538],[-0.1251,51.6515],[-0.1262,51.6593],[-0.121,51.6604],[-0.1212,51.6631],[-0.1384,51.6685],[-0.1524,51.6669],[-0.1489,51.681],[-0.1635,51.6859],[-0.1635,51.6881],[-0.1494,51.6855],[-0.1182,51.6891],[-0.1097,51.6744],[-0.0938,51.6625]]]}},{"type":"Feature","properties":{"cd":"E05013706","nm":"Holloway"},"geometry":{"type":"Polygon","coordinates":[[[-0.1169,51.5561],[-0.1115,51.552],[-0.1196,51.5468],[-0.1264,51.5451],[-0.1291,51.5488],[-0.1194,51.5578],[-0.1169,51.5561]]]}},{"type":"Feature","properties":{"cd":"E05014027","nm":"Wandsworth Common"},"geometry":{"type":"Polygon","coordinates":[[[-0.1725,51.4572],[-0.1648,51.4471],[-0.1647,51.4471],[-0.1736,51.4411],[-0.1675,51.436],[-0.1704,51.4345],[-0.1842,51.4313],[-0.1857,51.4332],[-0.1898,51.4314],[-0.1899,51.4403],[-0.1772,51.4533],[-0.1734,51.4591],[-0.1725,51.4572]]]}},{"type":"Feature","properties":{"cd":"E05013504","nm":"Kingsbury"},"geometry":{"type":"Polygon","coordinates":[[[-0.2598,51.5942],[-0.2495,51.5856],[-0.2517,51.5834],[-0.2658,51.5842],[-0.2739,51.5859],[-0.266,51.5896],[-0.2677,51.5949],[-0.2623,51.5963],[-0.2598,51.5942]]]}},{"type":"Feature","properties":{"cd":"E05013505","nm":"Northwick Park"},"geometry":{"type":"Polygon","coordinates":[[[-0.3126,51.5776],[-0.3039,51.563],[-0.3102,51.5603],[-0.3107,51.5625],[-0.3168,51.5623],[-0.322,51.5574],[-0.3313,51.5614],[-0.3298,51.5671],[-0.3221,51.5697],[-0.3266,51.5783],[-0.3266,51.5786],[-0.3126,51.5776]]]}},{"type":"Feature","properties":{"cd":"E05013933","nm":"Coombe Vale"},"geometry":{"type":"Polygon","coordinates":[[[-0.2587,51.4096],[-0.2569,51.4038],[-0.2653,51.4021],[-0.2718,51.4047],[-0.2856,51.4127],[-0.2615,51.4168],[-0.2587,51.4096]]]}},{"type":"Feature","properties":{"cd":"CLD:park","nm":"Park"},"geometry":{"type":"Polygon","coordinates":[[[-1.8696,53.7297],[-1.863,53.7265],[-1.8701,53.7194],[-1.8792,53.7152],[-1.8931,53.7166],[-1.8921,53.7226],[-1.8864,53.7225],[-1.884,53.7262],[-1.8851,53.7314],[-1.8696,53.7297]]]}},{"type":"Feature","properties":{"cd":"E05011144","nm":"Harborne"},"geometry":{"type":"Polygon","coordinates":[[[-1.9531,52.4727],[-1.9425,52.4605],[-1.9452,52.4465],[-1.9707,52.4465],[-1.9779,52.4485],[-1.9811,52.4556],[-1.9767,52.4602],[-1.9615,52.4597],[-1.9683,52.4722],[-1.9657,52.4734],[-1.9531,52.4727]]]}},{"type":"Feature","properties":{"cd":"E05013043","nm":"Headland & Harbour"},"geometry":{"type":"Polygon","coordinates":[[[-1.1985,54.6796],[-1.1997,54.6796],[-1.2024,54.6866],[-1.2117,54.6893],[-1.2121,54.6939],[-1.2194,54.6934],[-1.2215,54.6991],[-1.216,54.6984],[-1.2127,54.7061],[-1.2379,54.7151],[-1.2316,54.7177],[-1.2316,54.7177],[-1.21,54.7089],[-1.1757,54.6967],[-1.1743,54.6932],[-1.174,54.692],[-1.1746,54.6924],[-1.177,54.6946],[-1.1849,54.6933],[-1.1849,54.6933],[-1.1928,54.7005],[-1.1963,54.6986],[-1.1875,54.6939],[-1.1959,54.6924],[-1.1941,54.6902],[-1.1945,54.6897],[-1.1979,54.6918],[-1.1987,54.6863],[-1.1968,54.687],[-1.1976,54.6861],[-1.1989,54.6854],[-1.1985,54.6796]]]}},{"type":"Feature","properties":{"cd":"E05013040","nm":"Fens & Greatham"},"geometry":{"type":"Polygon","coordinates":[[[-1.2378,54.6551],[-1.2003,54.6589],[-1.2079,54.6471],[-1.2262,54.6359],[-1.2174,54.6275],[-1.2108,54.6277],[-1.2126,54.6217],[-1.2203,54.6252],[-1.224,54.6237],[-1.2234,54.6264],[-1.2321,54.6256],[-1.234,54.6289],[-1.2406,54.6247],[-1.2443,54.6257],[-1.2675,54.6246],[-1.2799,54.6282],[-1.2962,54.628],[-1.2986,54.6312],[-1.2981,54.6352],[-1.2734,54.6418],[-1.2832,54.646],[-1.2815,54.6501],[-1.2881,54.6589],[-1.2857,54.6646],[-1.2553,54.6703],[-1.2482,54.6658],[-1.2527,54.6558],[-1.2378,54.6551]]]}},{"type":"Feature","properties":{"cd":"E05011256","nm":"Alconbury"},"geometry":{"type":"Polygon","coordinates":[[[-0.2331,52.3919],[-0.236,52.3883],[-0.2307,52.386],[-0.2426,52.3831],[-0.2565,52.3837],[-0.2536,52.3783],[-0.2327,52.3677],[-0.2513,52.3431],[-0.2389,52.3377],[-0.2413,52.3355],[-0.2481,52.3384],[-0.2634,52.3324],[-0.2718,52.3346],[-0.28,52.333],[-0.2827,52.3469],[-0.2892,52.351],[-0.3149,52.3451],[-0.319,52.337],[-0.308,52.3388],[-0.3108,52.3284],[-0.3137,52.329],[-0.328,52.3111],[-0.3407,52.3097],[-0.3556,52.3135],[-0.3521,52.319],[-0.3593,52.3227],[-0.3552,52.3297],[-0.3656,52.3349],[-0.3592,52.3437],[-0.3677,52.3461],[-0.3696,52.3504],[-0.3557,52.3514],[-0.3352,52.3717],[-0.3279,52.3729],[-0.3369,52.3788],[-0.331,52.386],[-0.3655,52.3898],[-0.3726,52.4019],[-0.3801,52.3993],[-0.405,52.4094],[-0.4121,52.4069],[-0.4108,52.4128],[-0.3895,52.4218],[-0.3676,52.4209],[-0.3573,52.4243],[-0.3482,52.4132],[-0.3361,52.4222],[-0.3154,52.4294],[-0.2897,52.41],[-0.2644,52.4085],[-0.2599,52.3992],[-0.2511,52.3972],[-0.238,52.3991],[-0.2331,52.3919]]]}},{"type":"Feature","properties":{"cd":"E05011272","nm":"St Neots East"},"geometry":{"type":"Polygon","coordinates":[[[-0.2475,52.2145],[-0.2567,52.2167],[-0.2496,52.2277],[-0.2429,52.2424],[-0.2178,52.2424],[-0.2216,52.239],[-0.2198,52.2308],[-0.2277,52.2296],[-0.2278,52.2248],[-0.2363,52.2229],[-0.2475,52.2145]]]}},{"type":"Feature","properties":{"cd":"E58000525","nm":"Aldershot North"},"geometry":{"type":"MultiPolygon","coordinates":[[[[-0.7381,51.2417],[-0.7358,51.2377],[-0.7455,51.2305],[-0.7587,51.2339],[-0.7522,51.2369],[-0.7524,51.2447],[-0.7381,51.2417]]],[[[-0.7305,51.2549],[-0.7381,51.2417],[-0.7524,51.2447],[-0.7514,51.2488],[-0.7333,51.2597],[-0.7305,51.2549]]],[[[-1.3174,50.9559],[-1.3126,50.9522],[-1.3004,50.9506],[-1.2975,50.9435],[-1.3034,50.9376],[-1.3111,50.9246],[-1.3111,50.9246],[-1.344,50.9288],[-1.3487,50.9342],[-1.3574,50.9318],[-1.3528,50.9354],[-1.359,50.938],[-1.3547,50.941],[-1.3538,50.9392],[-1.3475,50.9434],[-1.3377,50.955],[-1.3358,50.9563],[-1.3349,50.9579],[-1.3254,50.9547],[-1.3174,50.9559]]],[[[-1.3054,50.8746],[-1.3058,50.8744],[-1.3058,50.8744],[-1.3054,50.8746]]],[[[-1.298,50.887],[-1.3001,50.8854],[-1.2988,50.8866],[-1.298,50.887]]],[[[-1.3202,50.9043],[-1.319,50.899],[-1.3095,50.9008],[-1.3088,50.9043],[-1.2952,50.9029],[-1.2962,50.8958],[-1.2935,50.8928],[-1.2947,50.8929],[-1.3051,50.8831],[-1.3002,50.8795],[-1.3129,50.8764],[-1.3144,50.8734],[-1.3134,50.8724],[-1.3285,50.8743],[-1.3284,50.8712],[-1.3379,50.8723],[-1.3494,50.8886],[-1.342,50.8937],[-1.322,50.901],[-1.324,50.9044],[-1.3202,50.9043]]],[[[-1.2915,50.9164],[-1.3027,50.9174],[-1.305,50.9232],[-1.3111,50.9246],[-1.3034,50.9376],[-1.2783,50.9243],[-1.2915,50.9164]]],[[[-1.3962,50.8264],[-1.4032,50.8276],[-1.409,50.8351],[-1.3978,50.8387],[-1.4005,50.8416],[-1.3958,50.8438],[-1.3984,50.8454],[-1.391,50.8483],[-1.3905,50.8428],[-1.3829,50.8395],[-1.3854,50.836],[-1.3652,50.8237],[-1.3725,50.8181],[-1.3751,50.8234],[-1.3884,50.8226],[-1.3962,50.8264]]],[[[-1.4906,50.9335],[-1.4987,50.9289],[-1.5085,50.9312],[-1.5099,50.9283],[-1.5048,50.9272],[-1.5077,50.9228],[-1.501,50.9207],[-1.5042,50.9176],[-1.5227,50.9152],[-1.5234,50.9355],[-1.5052,50.9388],[-1.5003,50.9345],[-1.4906,50.9335]]],[[[-1.7471,50.9779],[-1.7196,50.9768],[-1.6977,50.9604],[-1.7099,50.9604],[-1.7484,50.9424],[-1.7635,50.9418],[-1.7701,50.9479],[-1.7883,50.949],[-1.7947,50.953],[-1.8104,50.9519],[-1.8072,50.942],[-1.8154,50.9402],[-1.804,50.9332],[-1.8128,50.9275],[-1.8263,50.9269],[-1.8418,50.9317],[-1.8542,50.9275],[-1.8635,50.9194],[-1.8736,50.9172],[-1.8788,50.9243],[-1.9092,50.9453],[-1.921,50.9615],[-1.9299,50.9678],[-1.9392,50.9697],[-1.9448,50.9757],[-1.9555,50.9783],[-1.9568,50.9898],[-1.9499,50.9823],[-1.9279,50.9977],[-1.8867,50.9995],[-1.8745,51.0063],[-1.8742,50.9877],[-1.8739,50.9845],[-1.8528,51.005],[-1.8358,51.0095],[-1.8154,50.9859],[-1.8076,50.992],[-1.8003,50.9914],[-1.7471,50.9779]]],[[[-1.6769,50.9028],[-1.6882,50.8834],[-1.672,50.8653],[-1.7072,50.8662],[-1.7392,50.8514],[-1.7653,50.8493],[-1.79,50.8499],[-1.8034,50.8445],[-1.7999,50.8484],[-1.8055,50.852],[-1.808,50.8645],[-1.8128,50.8646],[-1.8148,50.8587],[-1.8295,50.8553],[-1.8509,50.8587],[-1.8535,50.8665],[-1.8478,50.8697],[-1.848,50.8823],[-1.844,50.8868],[-1.8486,50.8899],[-1.8399,50.8979],[-1.825,50.8958],[-1.8165,50.9039],[-1.7979,50.9086],[-1.7886,50.8944],[-1.7645,50.8973],[-1.7509,50.9048],[-1.7385,50.8942],[-1.7407,50.8901],[-1.7222,50.9017],[-1.6964,50.9076],[-1.6833,50.9113],[-1.6769,50.9028]]],[[[-1.221,51.3676],[-1.1893,51.3633],[-1.1769,51.3573],[-1.1696,51.3607],[-1.1441,51.3573],[-1.1488,51.3576],[-1.1506,51.3536],[-1.1605,51.3501],[-1.1658,51.3516],[-1.1639,51.3475],[-1.1592,51.3472],[-1.1597,51.332],[-1.1553,51.3248],[-1.1643,51.3184],[-1.1631,51.3123],[-1.1751,51.3053],[-1.1774,51.2974],[-1.1783,51.282],[-1.19,51.2866],[-1.2023,51.2741],[-1.2205,51.2686],[-1.2283,51.2726],[-1.2453,51.2649],[-1.2626,51.2833],[-1.2656,51.2918],[-1.2827,51.2862],[-1.292,51.304],[-1.2891,51.3081],[-1.2789,51.3101],[-1.2767,51.3304],[-1.2697,51.3355],[-1.2647,51.3494],[-1.2728,51.3574],[-1.2734,51.3675],[-1.2707,51.3688],[-1.2511,51.372],[-1.2416,51.3662],[-1.2226,51.3698],[-1.221,51.3676]]],[[[-1.4043,50.9753],[-1.4331,50.9764],[-1.4321,50.9745],[-1.4442,50.9704],[-1.4579,50.9727],[-1.4545,50.9835],[-1.4486,50.9876],[-1.4478,50.9957],[-1.4514,50.9971],[-1.4089,50.9969],[-1.4058,50.9921],[-1.4129,50.9888],[-1.4139,50.9839],[-1.4091,50.9777],[-1.4027,50.9782],[-1.4043,50.9753]]]]}},{"type":"Feature","properties":{"cd":"E58000526","nm":"Aldershot South"},"geometry":{"type":"MultiPolygon","coordinates":[[[[-1.1036,51.2551],[-1.1122,51.2493],[-1.1202,51.2481],[-1.1188,51.25],[-1.1251,51.2497],[-1.1303,51.2538],[-1.1264,51.2618],[-1.1231,51.2658],[-1.1093,51.2672],[-1.1036,51.2551]]],[[[-1.3749,50.9734],[-1.3682,50.9717],[-1.3702,50.965],[-1.3522,50.9628],[-1.3517,50.9591],[-1.3377,50.955],[-1.3475,50.9434],[-1.3538,50.9392],[-1.3547,50.941],[-1.3574,50.9424],[-1.3669,50.9469],[-1.3799,50.9475],[-1.374,50.954],[-1.3845,50.9563],[-1.3829,50.9608],[-1.3928,50.9645],[-1.388,50.9751],[-1.3749,50.9734]]],[[[-1.3111,50.9246],[-1.3276,50.9141],[-1.3202,50.9043],[-1.324,50.9044],[-1.3279,50.9045],[-1.3246,50.9084],[-1.3298,50.9149],[-1.3395,50.9237],[-1.3535,50.9265],[-1.3574,50.9318],[-1.3487,50.9342],[-1.344,50.9288],[-1.3111,50.9246]]],[[[-1.2915,50.9164],[-1.2952,50.9029],[-1.3088,50.9043],[-1.3095,50.9008],[-1.319,50.899],[-1.3202,50.9043],[-1.3276,50.9141],[-1.3111,50.9246],[-1.3111,50.9246],[-1.305,50.9232],[-1.3027,50.9174],[-1.2915,50.9164]]],[[[-1.388,50.8642],[-1.3879,50.8642],[-1.3842,50.8629],[-1.3841,50.8629],[-1.3898,50.8584],[-1.391,50.8483],[-1.3984,50.8454],[-1.3958,50.8438],[-1.4086,50.848],[-1.4114,50.8509],[-1.408,50.8544],[-1.4049,50.8533],[-1.4062,50.8562],[-1.4015,50.8572],[-1.3966,50.8668],[-1.3886,50.8639],[-1.388,50.8642]]],[[[-1.4916,50.9172],[-1.4926,50.9127],[-1.4848,50.9014],[-1.4732,50.8949],[-1.4778,50.8922],[-1.4954,50.9025],[-1.5227,50.9152],[-1.5042,50.9176],[-1.4916,50.9172]]],[[[-1.7653,50.8493],[-1.7624,50.8424],[-1.7687,50.8342],[-1.7698,50.8222],[-1.7617,50.8153],[-1.7602,50.8046],[-1.7668,50.7985],[-1.7744,50.8001],[-1.7763,50.7965],[-1.7863,50.7961],[-1.7879,50.8004],[-1.7967,50.7996],[-1.8003,50.8035],[-1.8097,50.805],[-1.8118,50.8087],[-1.8029,50.8135],[-1.8073,50.8163],[-1.8018,50.821],[-1.8036,50.83],[-1.7944,50.831],[-1.7967,50.8332],[-1.7906,50.8363],[-1.8034,50.8445],[-1.79,50.8499],[-1.7653,50.8493]]]]}},{"type":"Feature","properties":{"cd":"E05013710","nm":"St Mary's & St James'"},"geometry":{"type":"Polygon","coordinates":[[[-0.0866,51.5374],[-0.0866,51.5373],[-0.0897,51.536],[-0.0931,51.5344],[-0.1019,51.5364],[-0.106,51.5331],[-0.1061,51.5409],[-0.0986,51.5432],[-0.0866,51.5374]]]}},{"type":"Feature","properties":{"cd":"E05013945","nm":"Tolworth"},"geometry":{"type":"Polygon","coordinates":[[[-0.2806,51.3791],[-0.2878,51.374],[-0.2978,51.374],[-0.3084,51.3759],[-0.3074,51.3784],[-0.2982,51.3797],[-0.295,51.3851],[-0.2806,51.3791]]]}},{"type":"Feature","properties":{"cd":"E05013897","nm":"Leytonstone"},"geometry":{"type":"Polygon","coordinates":[[[0.0165,51.5729],[0.0191,51.5699],[0.0143,51.5635],[0.0095,51.563],[0.0057,51.5648],[-0.0054,51.5689],[0.0076,51.5749],[0.0165,51.5729]]]}},{"type":"Feature","properties":{"cd":"E05013889","nm":"Hale End & Highams Park South"},"geometry":{"type":"Polygon","coordinates":[[[0.0164,51.6039],[0.0125,51.5954],[-0.0033,51.6003],[-0.0107,51.6004],[-0.0105,51.6074],[-0.0023,51.6104],[0.0031,51.6068],[0.0113,51.6084],[0.0164,51.6039]]]}},{"type":"Feature","properties":{"cd":"E05014019","nm":"Shaftesbury & Queenstown"},"geometry":{"type":"Polygon","coordinates":[[[-0.1339,51.4757],[-0.1398,51.4713],[-0.1507,51.4663],[-0.1659,51.4657],[-0.1668,51.4707],[-0.1644,51.4704],[-0.1572,51.4704],[-0.1476,51.4766],[-0.1405,51.4799],[-0.1339,51.4757]]]}},{"type":"Feature","properties":{"cd":"E05010929","nm":"Cropredy, Sibfords & Wroxton"},"geometry":{"type":"Polygon","coordinates":[[[-1.248,52.0958],[-1.2717,52.0979],[-1.2872,52.0926],[-1.308,52.0923],[-1.3209,52.0876],[-1.3205,52.0822],[-1.3257,52.0841],[-1.3432,52.0921],[-1.3433,52.0832],[-1.3552,52.0802],[-1.371,52.0829],[-1.3645,52.0743],[-1.3704,52.0743],[-1.3708,52.0711],[-1.3723,52.0628],[-1.3658,52.0587],[-1.3676,52.0546],[-1.3753,52.0346],[-1.3851,52.0351],[-1.3911,52.0391],[-1.3971,52.0359],[-1.3942,52.0291],[-1.4015,52.0238],[-1.4109,52.0232],[-1.4105,52.0197],[-1.4316,52.0139],[-1.4399,52.0179],[-1.4429,52.016],[-1.4512,52.0184],[-1.4553,52.0228],[-1.4775,52.0216],[-1.4955,52.0246],[-1.5003,52.0223],[-1.5102,52.0255],[-1.4974,52.059],[-1.4992,52.0636],[-1.5019,52.0716],[-1.4907,52.0771],[-1.4944,52.0822],[-1.4856,52.0877],[-1.4878,52.094],[-1.4801,52.0936],[-1.4773,52.1014],[-1.4676,52.0971],[-1.4472,52.0976],[-1.4516,52.1144],[-1.4207,52.1178],[-1.4039,52.1101],[-1.3854,52.0941],[-1.3744,52.0997],[-1.3578,52.1013],[-1.3652,52.1113],[-1.3704,52.1127],[-1.3708,52.1175],[-1.3907,52.1168],[-1.3933,52.119],[-1.3855,52.1284],[-1.3661,52.1361],[-1.3487,52.1351],[-1.3499,52.1416],[-1.341,52.1449],[-1.3435,52.1532],[-1.334,52.1591],[-1.3319,52.1685],[-1.3064,52.1456],[-1.3084,52.1435],[-1.2768,52.1171],[-1.2529,52.1039],[-1.248,52.0958]]]}},{"type":"Feature","properties":{"cd":"E05014122","nm":"Bold & Lea Green"},"geometry":{"type":"Polygon","coordinates":[[[-2.6721,53.4118],[-2.6714,53.4002],[-2.676,53.395],[-2.6763,53.3876],[-2.6906,53.3854],[-2.705,53.3867],[-2.7128,53.3906],[-2.7152,53.399],[-2.7309,53.4],[-2.7344,53.4005],[-2.7387,53.4021],[-2.7285,53.4103],[-2.7385,53.4101],[-2.7403,53.4134],[-2.752,53.4159],[-2.7618,53.4251],[-2.7531,53.4283],[-2.7248,53.4279],[-2.7244,53.4269],[-2.7262,53.4215],[-2.722,53.4231],[-2.7118,53.4184],[-2.703,53.4203],[-2.6924,53.427],[-2.6907,53.4363],[-2.6822,53.4392],[-2.6688,53.441],[-2.6753,53.433],[-2.6639,53.4297],[-2.6723,53.422],[-2.6669,53.4163],[-2.6719,53.4153],[-2.6721,53.4118]]]}},{"type":"Feature","properties":{"cd":"BNS:worsbrough","nm":"Worsbrough"},"geometry":{"type":"Polygon","coordinates":[[[-1.4642,53.5395],[-1.446,53.5344],[-1.4381,53.5397],[-1.4321,53.5395],[-1.4222,53.5329],[-1.4255,53.528],[-1.4414,53.5264],[-1.4497,53.52],[-1.4568,53.5129],[-1.4615,53.5114],[-1.4646,53.5154],[-1.4716,53.5145],[-1.4749,53.5179],[-1.4797,53.516],[-1.4847,53.5198],[-1.4824,53.5268],[-1.4993,53.5319],[-1.493,53.5397],[-1.4756,53.5383],[-1.4717,53.542],[-1.4642,53.5395]]]}},{"type":"Feature","properties":{"cd":"E05012969","nm":"Fringford & Heyfords"},"geometry":{"type":"Polygon","coordinates":[[[-1.0559,51.9426],[-1.0621,51.9351],[-1.0775,51.9316],[-1.0755,51.9299],[-1.0867,51.9226],[-1.1039,51.9227],[-1.1162,51.9123],[-1.1228,51.9189],[-1.1364,51.9236],[-1.1341,51.9265],[-1.1396,51.93],[-1.1561,51.9312],[-1.1588,51.9364],[-1.176,51.9369],[-1.1635,51.9266],[-1.1868,51.917],[-1.1968,51.9039],[-1.1816,51.9003],[-1.1829,51.8958],[-1.1739,51.8878],[-1.1698,51.8864],[-1.1648,51.8901],[-1.1547,51.8878],[-1.161,51.882],[-1.1596,51.8789],[-1.1793,51.879],[-1.1842,51.8749],[-1.1991,51.8717],[-1.2006,51.8808],[-1.2088,51.8851],[-1.2446,51.8825],[-1.2387,51.8762],[-1.2484,51.8732],[-1.2504,51.8678],[-1.2674,51.8629],[-1.2715,51.8651],[-1.2953,51.8625],[-1.3022,51.869],[-1.2861,51.8752],[-1.2885,51.8816],[-1.2979,51.8881],[-1.2898,51.8937],[-1.3024,51.9],[-1.2987,51.912],[-1.3064,51.9163],[-1.3062,51.9198],[-1.3027,51.9225],[-1.2932,51.9218],[-1.283,51.9273],[-1.2977,51.9353],[-1.2936,51.9432],[-1.255,51.9379],[-1.2351,51.9394],[-1.2346,51.9491],[-1.2264,51.9474],[-1.2273,51.9563],[-1.219,51.9708],[-1.2169,51.9731],[-1.2042,51.9724],[-1.2006,51.9779],[-1.1963,51.9774],[-1.1907,51.9815],[-1.1761,51.982],[-1.1638,51.9934],[-1.1567,51.9922],[-1.1343,51.9973],[-1.1313,52.0049],[-1.1181,52.0154],[-1.112,52.0166],[-1.1029,52.0121],[-1.0959,52.015],[-1.0881,52.0058],[-1.0771,52.0088],[-1.0739,52.0063],[-1.0608,52.0086],[-1.0532,52.0025],[-1.0782,51.9811],[-1.0952,51.9571],[-1.0819,51.951],[-1.079,51.9434],[-1.0568,51.9493],[-1.0559,51.9426]]]}},{"type":"Feature","properties":{"cd":"E05010933","nm":"Kidlington West"},"geometry":{"type":"Polygon","coordinates":[[[-1.2719,51.8215],[-1.2829,51.8259],[-1.2943,51.8227],[-1.292,51.8199],[-1.2974,51.8204],[-1.2883,51.8143],[-1.2892,51.8056],[-1.2951,51.7968],[-1.3038,51.7959],[-1.2997,51.7913],[-1.3068,51.7918],[-1.3094,51.7892],[-1.3223,51.7878],[-1.3256,51.8053],[-1.3374,51.8117],[-1.3324,51.817],[-1.3382,51.82],[-1.3311,51.8205],[-1.3262,51.8255],[-1.3325,51.8311],[-1.342,51.8302],[-1.3367,51.8378],[-1.3298,51.8423],[-1.3254,51.8411],[-1.3245,51.8451],[-1.3095,51.8434],[-1.3048,51.8352],[-1.2893,51.8364],[-1.2702,51.8314],[-1.2665,51.827],[-1.2719,51.8215]]]}},{"type":"Feature","properties":{"cd":"E05012841","nm":"Adel & Wharfedale"},"geometry":{"type":"Polygon","coordinates":[[[-1.5526,53.903],[-1.5579,53.9031],[-1.5606,53.889],[-1.5732,53.8895],[-1.5713,53.8842],[-1.5803,53.888],[-1.5894,53.8851],[-1.5815,53.8703],[-1.5883,53.8686],[-1.5637,53.8475],[-1.5708,53.8429],[-1.5767,53.8422],[-1.5851,53.8427],[-1.5938,53.8378],[-1.5936,53.8439],[-1.6012,53.8468],[-1.6028,53.8545],[-1.6126,53.8534],[-1.6153,53.8591],[-1.6299,53.8473],[-1.6308,53.8569],[-1.6346,53.8736],[-1.6451,53.8766],[-1.666,53.8903],[-1.6609,53.889],[-1.6556,53.8943],[-1.6521,53.9057],[-1.6421,53.9074],[-1.6207,53.9034],[-1.5998,53.9097],[-1.5993,53.904],[-1.5867,53.9013],[-1.5843,53.909],[-1.5687,53.9109],[-1.5629,53.9039],[-1.5526,53.903]]]}},{"type":"Feature","properties":{"cd":"E05012842","nm":"Alwoodley"},"geometry":{"type":"Polygon","coordinates":[[[-1.5606,53.889],[-1.4973,53.8663],[-1.5004,53.8483],[-1.5157,53.8496],[-1.5407,53.8483],[-1.5594,53.8424],[-1.5708,53.8429],[-1.5637,53.8475],[-1.5883,53.8686],[-1.5815,53.8703],[-1.5894,53.8851],[-1.5803,53.888],[-1.5713,53.8842],[-1.5732,53.8895],[-1.5606,53.889]]]}},{"type":"Feature","properties":{"cd":"E05011351","nm":"Ardwick"},"geometry":{"type":"Polygon","coordinates":[[[-2.1942,53.4718],[-2.1963,53.4654],[-2.1978,53.4606],[-2.2031,53.4591],[-2.2266,53.4576],[-2.2357,53.458],[-2.2355,53.4616],[-2.2261,53.4643],[-2.2352,53.472],[-2.2168,53.4753],[-2.1942,53.4718]]]}},{"type":"Feature","properties":{"cd":"E05010926","nm":"Bicester North & Caversfield"},"geometry":{"type":"Polygon","coordinates":[[[-1.1364,51.9236],[-1.1438,51.9145],[-1.1524,51.9043],[-1.1753,51.9117],[-1.1817,51.9005],[-1.1816,51.9003],[-1.1968,51.9039],[-1.1868,51.917],[-1.1635,51.9266],[-1.176,51.9369],[-1.1588,51.9364],[-1.1561,51.9312],[-1.1396,51.93],[-1.1341,51.9265],[-1.1364,51.9236]]]}},{"type":"Feature","properties":{"cd":"E05013580","nm":"Uxbridge"},"geometry":{"type":"Polygon","coordinates":[[[-0.4573,51.5551],[-0.4645,51.5478],[-0.4713,51.5476],[-0.4754,51.5429],[-0.4812,51.5441],[-0.4722,51.5348],[-0.4761,51.5347],[-0.4764,51.5265],[-0.489,51.5291],[-0.4955,51.5384],[-0.4911,51.5445],[-0.4773,51.5553],[-0.477,51.5596],[-0.4573,51.5551]]]}},{"type":"Feature","properties":{"cd":"E05013937","nm":"Kingston Gate"},"geometry":{"type":"Polygon","coordinates":[[[-0.2883,51.4131],[-0.296,51.4128],[-0.3034,51.4131],[-0.293,51.4192],[-0.2976,51.4219],[-0.2878,51.4227],[-0.2866,51.4202],[-0.2786,51.4234],[-0.2791,51.419],[-0.2883,51.4131]]]}},{"type":"Feature","properties":{"cd":"E05015871","nm":"Howdon"},"geometry":{"type":"Polygon","coordinates":[[[-1.4839,54.9883],[-1.5018,54.9885],[-1.503,54.9892],[-1.5026,54.9885],[-1.5027,54.9885],[-1.5048,54.9923],[-1.5141,54.9956],[-1.5089,55.0069],[-1.4978,55.0091],[-1.4854,54.9984],[-1.4839,54.9883]]]}},{"type":"Feature","properties":{"cd":"WKF:ackworth-north-elmsall-and-upton","nm":"Ackworth, North Elmsall & Upton"},"geometry":{"type":"Polygon","coordinates":[[[-1.3186,53.6713],[-1.2849,53.6456],[-1.2758,53.6493],[-1.2552,53.649],[-1.2537,53.6412],[-1.2429,53.6346],[-1.2328,53.6211],[-1.2279,53.6173],[-1.2313,53.6169],[-1.2482,53.6164],[-1.2449,53.6082],[-1.2522,53.6071],[-1.2918,53.5976],[-1.338,53.6088],[-1.3276,53.6118],[-1.3202,53.6094],[-1.3224,53.6272],[-1.3313,53.6357],[-1.3506,53.6308],[-1.3559,53.6396],[-1.3777,53.646],[-1.4003,53.6396],[-1.4071,53.641],[-1.4096,53.6452],[-1.4054,53.6507],[-1.4043,53.6541],[-1.3952,53.6567],[-1.3949,53.6643],[-1.3908,53.6651],[-1.3945,53.6745],[-1.377,53.6736],[-1.3773,53.6686],[-1.3634,53.6673],[-1.3507,53.6588],[-1.3423,53.6581],[-1.3446,53.6628],[-1.3372,53.6697],[-1.3298,53.6729],[-1.3186,53.6713]]]}},{"type":"Feature","properties":{"cd":"E05015830","nm":"Bulkington"},"geometry":{"type":"Polygon","coordinates":[[[-1.4439,52.4988],[-1.4438,52.4962],[-1.4159,52.4965],[-1.4169,52.4887],[-1.4115,52.4881],[-1.4048,52.4831],[-1.4104,52.4666],[-1.4213,52.4632],[-1.4376,52.468],[-1.4591,52.4552],[-1.4639,52.4583],[-1.4708,52.457],[-1.4642,52.4628],[-1.4657,52.4714],[-1.4545,52.4777],[-1.4601,52.4852],[-1.4584,52.4895],[-1.4637,52.4908],[-1.4573,52.4983],[-1.4501,52.5005],[-1.4439,52.4988]]]}},{"type":"Feature","properties":{"cd":"E05015836","nm":"Heath"},"geometry":{"type":"Polygon","coordinates":[[[-1.4888,52.4747],[-1.484,52.4739],[-1.4886,52.47],[-1.494,52.4631],[-1.5308,52.4696],[-1.5452,52.4726],[-1.5148,52.4763],[-1.5142,52.4802],[-1.502,52.4796],[-1.4888,52.4747]]]}},{"type":"Feature","properties":{"cd":"E05015838","nm":"Poplar"},"geometry":{"type":"Polygon","coordinates":[[[-1.4545,52.4777],[-1.4657,52.4714],[-1.4642,52.4628],[-1.4708,52.457],[-1.4828,52.458],[-1.4807,52.4695],[-1.4647,52.4834],[-1.4626,52.4791],[-1.4545,52.4777]]]}},{"type":"Feature","properties":{"cd":"E05011130","nm":"Brandwood & King's Heath"},"geometry":{"type":"Polygon","coordinates":[[[-1.8767,52.4313],[-1.8885,52.4266],[-1.8927,52.4281],[-1.8881,52.4155],[-1.906,52.4135],[-1.9141,52.4154],[-1.9178,52.4159],[-1.9169,52.4207],[-1.9025,52.4351],[-1.89,52.4411],[-1.8879,52.435],[-1.8767,52.4313]]]}},{"type":"Feature","properties":{"cd":"E05011145","nm":"Heartlands"},"geometry":{"type":"Polygon","coordinates":[[[-1.8275,52.4697],[-1.8417,52.4759],[-1.8413,52.4786],[-1.8473,52.478],[-1.8489,52.4836],[-1.8309,52.485],[-1.8172,52.4854],[-1.8215,52.4738],[-1.8275,52.4697]]]}},{"type":"Feature","properties":{"cd":"E05015906","nm":"Brockmoor & Pensnett"},"geometry":{"type":"Polygon","coordinates":[[[-2.1216,52.5064],[-2.122,52.5012],[-2.1144,52.501],[-2.111,52.4998],[-2.1194,52.4888],[-2.1285,52.4817],[-2.133,52.4818],[-2.1365,52.4871],[-2.14,52.4901],[-2.1449,52.4944],[-2.1426,52.5023],[-2.1535,52.5005],[-2.159,52.5065],[-2.1491,52.5087],[-2.1471,52.5135],[-2.1347,52.5104],[-2.1311,52.5057],[-2.1216,52.5064]]]}},{"type":"Feature","properties":{"cd":"E05015907","nm":"Castle & Priory"},"geometry":{"type":"Polygon","coordinates":[[[-2.0796,52.5241],[-2.0714,52.5218],[-2.0632,52.5137],[-2.0791,52.5126],[-2.0955,52.5131],[-2.0987,52.5167],[-2.1177,52.519],[-2.1162,52.523],[-2.0981,52.529],[-2.0895,52.5283],[-2.0889,52.5259],[-2.0849,52.5277],[-2.0796,52.5241]]]}},{"type":"Feature","properties":{"cd":"E05014840","nm":"Blakenhall"},"geometry":{"type":"Polygon","coordinates":[[[-2.1248,52.5779],[-2.113,52.5621],[-2.1189,52.5617],[-2.1215,52.5568],[-2.1276,52.5582],[-2.1284,52.5538],[-2.1335,52.5541],[-2.141,52.5585],[-2.1371,52.5679],[-2.1437,52.5687],[-2.1327,52.5804],[-2.1255,52.5805],[-2.1248,52.5779]]]}},{"type":"Feature","properties":{"cd":"E05002224","nm":"Thorpe"},"geometry":{"type":"Polygon","coordinates":[[[0.7692,51.5368],[0.7683,51.5255],[0.7316,51.5302],[0.7308,51.5303],[0.7309,51.5383],[0.7351,51.539],[0.7692,51.5368]]]}},{"type":"Feature","properties":{"cd":"E05015903","nm":"Amblecote"},"geometry":{"type":"Polygon","coordinates":[[[-2.109,52.4734],[-2.1134,52.4678],[-2.1199,52.4708],[-2.1342,52.4636],[-2.1408,52.465],[-2.1402,52.4605],[-2.1471,52.4595],[-2.1559,52.4617],[-2.1536,52.466],[-2.161,52.4707],[-2.1257,52.4754],[-2.109,52.4734]]]}},{"type":"Feature","properties":{"cd":"E58000565","nm":"Hartley Wintney & Yateley West"},"geometry":{"type":"MultiPolygon","coordinates":[[[[-0.9177,51.3646],[-0.9151,51.3608],[-0.874,51.3524],[-0.8681,51.3547],[-0.8478,51.3525],[-0.8458,51.3432],[-0.8582,51.3208],[-0.839,51.3223],[-0.8336,51.299],[-0.8702,51.2939],[-0.8759,51.2863],[-0.8693,51.2778],[-0.9089,51.268],[-0.9136,51.2628],[-0.9164,51.2748],[-0.9287,51.2786],[-0.9294,51.283],[-0.922,51.2844],[-0.9296,51.2921],[-0.9248,51.2927],[-0.9475,51.3049],[-0.9422,51.3113],[-0.9494,51.3104],[-0.9605,51.3139],[-0.9622,51.3108],[-0.9659,51.3141],[-0.9839,51.31],[-0.9871,51.3229],[-0.9826,51.3262],[-0.981,51.3372],[-0.9917,51.3387],[-0.9907,51.3427],[-0.9946,51.3423],[-0.9867,51.3599],[-0.9392,51.3632],[-0.936,51.3663],[-0.9177,51.3646]]],[[[-0.8429,51.3523],[-0.8429,51.3496],[-0.831,51.3475],[-0.8325,51.336],[-0.8253,51.3327],[-0.8253,51.3234],[-0.839,51.3223],[-0.8582,51.3208],[-0.8458,51.3432],[-0.8478,51.3525],[-0.8429,51.3523]]]]}},{"type":"Feature","properties":{"cd":"SWD:queens-park","nm":"Queen's Park"},"geometry":{"type":"Polygon","coordinates":[[[-1.7484,51.564],[-1.7396,51.5611],[-1.7423,51.5535],[-1.7545,51.555],[-1.759,51.5528],[-1.7631,51.5523],[-1.7755,51.5548],[-1.7715,51.5628],[-1.766,51.562],[-1.7566,51.567],[-1.7484,51.564]]]}},{"type":"Feature","properties":{"cd":"E05014829","nm":"Hulton"},"geometry":{"type":"Polygon","coordinates":[[[-2.4462,53.5617],[-2.4502,53.554],[-2.4383,53.5521],[-2.4352,53.5489],[-2.4388,53.549],[-2.4357,53.542],[-2.4446,53.5309],[-2.4511,53.5286],[-2.4902,53.5356],[-2.4868,53.5539],[-2.4758,53.5617],[-2.4773,53.5651],[-2.4647,53.5672],[-2.4576,53.5624],[-2.4462,53.5617]]]}},{"type":"Feature","properties":{"cd":"E05015916","nm":"Lye & Stourbridge North"},"geometry":{"type":"Polygon","coordinates":[[[-2.1134,52.4678],[-2.1156,52.4636],[-2.1121,52.4614],[-2.1037,52.4644],[-2.1037,52.4565],[-2.1091,52.4563],[-2.1089,52.4524],[-2.1175,52.4527],[-2.141,52.4532],[-2.1471,52.4595],[-2.1402,52.4605],[-2.1408,52.465],[-2.1342,52.4636],[-2.1199,52.4708],[-2.1134,52.4678]]]}},{"type":"Feature","properties":{"cd":"E05015926","nm":"Wordsley North"},"geometry":{"type":"Polygon","coordinates":[[[-2.1365,52.4871],[-2.1652,52.4718],[-2.1675,52.4712],[-2.1786,52.4827],[-2.1619,52.4832],[-2.1608,52.4893],[-2.14,52.4901],[-2.1365,52.4871]]]}},{"type":"Feature","properties":{"cd":"E05011305","nm":"Swavesey"},"geometry":{"type":"Polygon","coordinates":[[[0.0239,52.2945],[0.0217,52.2907],[0.031,52.2843],[0.0181,52.2597],[0.0084,52.2489],[0.0037,52.2435],[-0.0188,52.2502],[-0.0215,52.2536],[-0.0163,52.2618],[-0.0041,52.2695],[-0.0572,52.2928],[-0.0599,52.294],[-0.0465,52.3147],[-0.0313,52.3168],[-0.0151,52.3125],[-0.0047,52.3217],[0.0093,52.3199],[0.0044,52.3174],[0.0029,52.3102],[0.0239,52.2945]]]}},{"type":"Feature","properties":{"cd":"E05011129","nm":"Bournville & Cotteridge"},"geometry":{"type":"Polygon","coordinates":[[[-1.9272,52.4295],[-1.927,52.4168],[-1.9309,52.4145],[-1.9596,52.4105],[-1.9547,52.4174],[-1.9555,52.4196],[-1.9595,52.4182],[-1.9605,52.422],[-1.9367,52.4432],[-1.9272,52.4295]]]}},{"type":"Feature","properties":{"cd":"E58000561","nm":"Farnborough West"},"geometry":{"type":"MultiPolygon","coordinates":[[[[-0.7596,51.3029],[-0.7642,51.2961],[-0.7761,51.2952],[-0.7832,51.305],[-0.7654,51.3132],[-0.7722,51.3064],[-0.7596,51.3029]]],[[[-1.1725,50.7914],[-1.176,50.7865],[-1.176,50.7865],[-1.181,50.7879],[-1.1839,50.7888],[-1.193,50.7918],[-1.199,50.7968],[-1.2141,50.8093],[-1.2144,50.8094],[-1.2144,50.8094],[-1.2142,50.8108],[-1.1939,50.811],[-1.1978,50.8077],[-1.1965,50.7975],[-1.1725,50.7914]]],[[[-0.9703,50.8307],[-0.9636,50.8334],[-0.9573,50.8313],[-0.951,50.824],[-0.9576,50.8158],[-0.9571,50.8073],[-0.9612,50.8114],[-0.9711,50.8106],[-0.9617,50.8093],[-0.9652,50.8065],[-0.971,50.808],[-0.9713,50.808],[-0.9734,50.8088],[-0.9715,50.8064],[-0.9709,50.8057],[-0.9688,50.8025],[-0.9729,50.8018],[-0.977,50.7999],[-0.9779,50.7876],[-0.9831,50.7829],[-0.9911,50.7835],[-1.0071,50.785],[-1.0086,50.7848],[-1.0202,50.7856],[-1.0253,50.7954],[-1.0242,50.7955],[-1.0199,50.7958],[-1.0202,50.7954],[-1.0219,50.7938],[-1.0176,50.7925],[-1.0173,50.7952],[-1.0059,50.7933],[-1.0014,50.7953],[-0.9949,50.7981],[-0.9833,50.8208],[-0.9868,50.8269],[-0.9778,50.833],[-0.9703,50.8307]]],[[[-0.9634,50.8673],[-0.9695,50.8583],[-0.9792,50.8611],[-0.9889,50.8596],[-0.9942,50.8642],[-0.9815,50.8731],[-0.9737,50.8738],[-0.9716,50.8779],[-0.9683,50.8777],[-0.968,50.8734],[-0.9604,50.8722],[-0.9634,50.8673]]],[[[-0.8582,51.2763],[-0.8536,51.2671],[-0.8458,51.2662],[-0.8374,51.2592],[-0.8245,51.2562],[-0.8254,51.263],[-0.8047,51.2694],[-0.8047,51.2451],[-0.8208,51.2393],[-0.8208,51.2354],[-0.8266,51.2344],[-0.8285,51.2307],[-0.835,51.2307],[-0.8373,51.2354],[-0.8509,51.2353],[-0.8483,51.2453],[-0.855,51.2458],[-0.8639,51.2522],[-0.8718,51.2506],[-0.8763,51.2608],[-0.8693,51.2765],[-0.8582,51.2763]]],[[[-0.8375,51.2851],[-0.8487,51.2846],[-0.8518,51.2826],[-0.8482,51.2796],[-0.8582,51.2763],[-0.8693,51.2765],[-0.8693,51.2778],[-0.8759,51.2863],[-0.8702,51.2939],[-0.8336,51.299],[-0.8304,51.2961],[-0.8375,51.2851]]]]}},{"type":"Feature","properties":{"cd":"E58000564","nm":"Hardway"},"geometry":{"type":"Polygon","coordinates":[[[-1.1312,50.8052],[-1.1432,50.8054],[-1.1462,50.8104],[-1.1401,50.8132],[-1.1397,50.8156],[-1.1238,50.8062],[-1.1312,50.8052]]]}},{"type":"Feature","properties":{"cd":"E58000583","nm":"Purbrook & Stakes South"},"geometry":{"type":"MultiPolygon","coordinates":[[[[-1.0166,50.8644],[-1.0145,50.8549],[-1.0226,50.8521],[-1.0541,50.8565],[-1.0487,50.8646],[-1.0546,50.8674],[-1.0474,50.8657],[-1.0457,50.8706],[-1.0381,50.866],[-1.0166,50.8644]]],[[[-1.0134,50.8756],[-1.0166,50.8644],[-1.0381,50.866],[-1.0457,50.8706],[-1.0465,50.8741],[-1.0404,50.8778],[-1.0323,50.8754],[-1.0222,50.8787],[-1.0134,50.8756]]]]}},{"type":"Feature","properties":{"cd":"E58000584","nm":"Ringwood"},"geometry":{"type":"Polygon","coordinates":[[[-1.672,50.8653],[-1.6363,50.8585],[-1.639,50.8557],[-1.6354,50.8463],[-1.6731,50.798],[-1.6888,50.7845],[-1.6811,50.7838],[-1.6768,50.7773],[-1.6903,50.7713],[-1.6783,50.769],[-1.6768,50.7661],[-1.6817,50.752],[-1.6818,50.7519],[-1.727,50.751],[-1.7442,50.7475],[-1.7447,50.7561],[-1.739,50.7633],[-1.7488,50.7794],[-1.7701,50.7725],[-1.7689,50.7698],[-1.7761,50.7664],[-1.7834,50.7646],[-1.7883,50.7669],[-1.7879,50.7789],[-1.7975,50.7838],[-1.801,50.7919],[-1.806,50.792],[-1.8009,50.7941],[-1.8039,50.796],[-1.8014,50.7997],[-1.8097,50.805],[-1.8003,50.8035],[-1.7967,50.7996],[-1.7879,50.8004],[-1.7863,50.7961],[-1.7763,50.7965],[-1.7744,50.8001],[-1.7668,50.7985],[-1.7602,50.8046],[-1.7617,50.8153],[-1.7698,50.8222],[-1.7687,50.8342],[-1.7624,50.8424],[-1.7653,50.8493],[-1.7392,50.8514],[-1.7072,50.8662],[-1.672,50.8653]]]}},{"type":"Feature","properties":{"cd":"E58000588","nm":"Tadley & Baughurst"},"geometry":{"type":"Polygon","coordinates":[[[-1.0958,51.3217],[-1.1038,51.3186],[-1.1117,51.3216],[-1.1449,51.3196],[-1.1452,51.3221],[-1.1553,51.3248],[-1.1597,51.332],[-1.1592,51.3472],[-1.1639,51.3475],[-1.1658,51.3516],[-1.1605,51.3501],[-1.1506,51.3536],[-1.1488,51.3576],[-1.1441,51.3573],[-1.1158,51.3605],[-1.1102,51.3443],[-1.0899,51.3375],[-1.0991,51.3245],[-1.0958,51.3217]]]}},{"type":"Feature","properties":{"cd":"E58000592","nm":"Waterloo & Stakes North"},"geometry":{"type":"Polygon","coordinates":[[[-1.0228,50.8901],[-1.0247,50.8872],[-1.0124,50.8881],[-1.012,50.8777],[-1.0134,50.8756],[-1.0222,50.8787],[-1.0323,50.8754],[-1.0404,50.8778],[-1.0382,50.8795],[-1.0352,50.8809],[-1.0445,50.8833],[-1.0476,50.8906],[-1.0414,50.8925],[-1.0228,50.8901]]]}},{"type":"Feature","properties":{"cd":"E58000593","nm":"West End & Horton Heath"},"geometry":{"type":"Polygon","coordinates":[[[-1.2932,50.9837],[-1.2934,50.9741],[-1.2754,50.9739],[-1.2721,50.9791],[-1.2666,50.9802],[-1.2582,50.9783],[-1.27,50.9655],[-1.291,50.9509],[-1.2911,50.9468],[-1.2975,50.9435],[-1.3004,50.9506],[-1.3126,50.9522],[-1.3174,50.9559],[-1.3054,50.9624],[-1.3114,50.966],[-1.3036,50.971],[-1.314,50.9679],[-1.313,50.9827],[-1.3164,50.9851],[-1.2932,50.9837]]]}},{"type":"Feature","properties":{"cd":"E58000594","nm":"Whitchurch & The Cleres"},"geometry":{"type":"MultiPolygon","coordinates":[[[[-1.1783,51.282],[-1.1672,51.2733],[-1.1753,51.2716],[-1.1714,51.2587],[-1.1524,51.2621],[-1.1524,51.2546],[-1.1409,51.2521],[-1.1511,51.2351],[-1.1443,51.2329],[-1.146,51.222],[-1.1158,51.2345],[-1.1096,51.2376],[-1.1119,51.2318],[-1.0917,51.231],[-1.0913,51.2204],[-1.0857,51.2234],[-1.068,51.2246],[-1.0639,51.2086],[-1.0711,51.1878],[-1.0775,51.1727],[-1.0742,51.1645],[-1.0874,51.1677],[-1.1049,51.1631],[-1.1318,51.1436],[-1.1518,51.139],[-1.151,51.1362],[-1.1743,51.1335],[-1.1866,51.1382],[-1.1844,51.1443],[-1.2037,51.1502],[-1.2133,51.1519],[-1.2144,51.1588],[-1.1856,51.164],[-1.1817,51.1752],[-1.1929,51.1794],[-1.1903,51.1838],[-1.2012,51.1856],[-1.2066,51.1807],[-1.2279,51.1905],[-1.2486,51.1911],[-1.2396,51.2048],[-1.2417,51.2097],[-1.2357,51.2175],[-1.2325,51.2345],[-1.2289,51.2343],[-1.2306,51.2439],[-1.2226,51.2445],[-1.2224,51.2607],[-1.2143,51.2633],[-1.2205,51.2686],[-1.2023,51.2741],[-1.19,51.2866],[-1.1783,51.282]]],[[[-1.2205,51.2686],[-1.2143,51.2633],[-1.2224,51.2607],[-1.2226,51.2445],[-1.2306,51.2439],[-1.2289,51.2343],[-1.2325,51.2345],[-1.2357,51.2175],[-1.2417,51.2097],[-1.2396,51.2048],[-1.2486,51.1911],[-1.2874,51.1962],[-1.2927,51.1944],[-1.2989,51.197],[-1.3088,51.1947],[-1.3126,51.1936],[-1.3322,51.218],[-1.3381,51.221],[-1.342,51.2179],[-1.3432,51.2214],[-1.3483,51.2193],[-1.3602,51.2229],[-1.3493,51.2274],[-1.3595,51.2321],[-1.3606,51.2439],[-1.3553,51.2571],[-1.362,51.258],[-1.3601,51.2664],[-1.3645,51.2674],[-1.365,51.2714],[-1.3597,51.2754],[-1.3476,51.2749],[-1.3401,51.2672],[-1.2827,51.2862],[-1.2656,51.2918],[-1.2626,51.2833],[-1.2453,51.2649],[-1.2283,51.2726],[-1.2205,51.2686]]],[[[-1.4927,51.2255],[-1.4922,51.218],[-1.5165,51.2189],[-1.5242,51.2131],[-1.5316,51.2099],[-1.5406,51.209],[-1.5612,51.2223],[-1.5597,51.2357],[-1.5483,51.2475],[-1.5443,51.2451],[-1.536,51.2486],[-1.5278,51.2501],[-1.5247,51.2468],[-1.5134,51.2448],[-1.5094,51.2334],[-1.5005,51.2363],[-1.4943,51.2342],[-1.4927,51.2255]]]]}},{"type":"Feature","properties":{"cd":"E58000595","nm":"Whitehill, Bordon & Lindford"},"geometry":{"type":"Polygon","coordinates":[[[-0.8416,51.1151],[-0.8566,51.1167],[-0.8458,51.1242],[-0.8387,51.1178],[-0.8416,51.1151]]]}},{"type":"Feature","properties":{"cd":"E58000596","nm":"Winchester Downlands"},"geometry":{"type":"Polygon","coordinates":[[[-1.4211,51.2237],[-1.4253,51.2218],[-1.4238,51.2141],[-1.444,51.2002],[-1.4654,51.2201],[-1.4276,51.227],[-1.4211,51.2237]]]}},{"type":"Feature","properties":{"cd":"E58000600","nm":"Yateley East & Blackwater"},"geometry":{"type":"MultiPolygon","coordinates":[[[[-0.7949,51.341],[-0.7968,51.3355],[-0.7891,51.3292],[-0.8253,51.3234],[-0.8253,51.3327],[-0.8325,51.336],[-0.831,51.3475],[-0.8429,51.3496],[-0.8429,51.3523],[-0.8374,51.3529],[-0.8281,51.3529],[-0.819,51.3488],[-0.8141,51.3416],[-0.7949,51.341]]],[[[-1.4846,51.041],[-1.4816,51.0363],[-1.4859,51.034],[-1.4796,51.0271],[-1.4926,51.0255],[-1.5006,51.0286],[-1.5086,51.0243],[-1.5002,51.011],[-1.5013,51.0073],[-1.5085,51.0066],[-1.501,50.9989],[-1.5098,50.9963],[-1.5079,50.9821],[-1.5214,50.9722],[-1.5342,50.9544],[-1.5343,50.9591],[-1.5445,50.9693],[-1.5757,50.9608],[-1.5841,50.9621],[-1.5901,50.9513],[-1.5965,50.9561],[-1.6077,50.955],[-1.6198,50.9586],[-1.6029,50.9785],[-1.6144,50.9795],[-1.6197,50.983],[-1.619,50.9874],[-1.6252,50.9903],[-1.6288,50.9991],[-1.6172,51.0042],[-1.6061,51.0019],[-1.6149,51.0066],[-1.6091,51.0099],[-1.6052,51.007],[-1.5976,51.008],[-1.6053,51.017],[-1.6006,51.0222],[-1.5724,51.0179],[-1.5596,51.0102],[-1.5519,51.0124],[-1.5482,51.0156],[-1.5511,51.0166],[-1.5453,51.0171],[-1.5387,51.0249],[-1.5339,51.0223],[-1.5314,51.0243],[-1.5347,51.0329],[-1.5247,51.0431],[-1.5286,51.0441],[-1.5255,51.0476],[-1.5047,51.048],[-1.4846,51.041]]]]}},{"type":"Feature","properties":{"cd":"E05011134","nm":"Edgbaston"},"geometry":{"type":"Polygon","coordinates":[[[-1.9012,52.4673],[-1.9012,52.4673],[-1.9046,52.4583],[-1.9014,52.4549],[-1.9086,52.4498],[-1.924,52.4465],[-1.9381,52.4473],[-1.9452,52.4465],[-1.9425,52.4605],[-1.9531,52.4727],[-1.9315,52.4718],[-1.9191,52.4729],[-1.9012,52.4673]]]}},{"type":"Feature","properties":{"cd":"E05015918","nm":"Norton"},"geometry":{"type":"Polygon","coordinates":[[[-2.1406,52.4484],[-2.1436,52.4261],[-2.1649,52.4302],[-2.1749,52.4586],[-2.1618,52.4562],[-2.1625,52.4526],[-2.1406,52.4484]]]}},{"type":"Feature","properties":{"cd":"E05015908","nm":"Coseley"},"geometry":{"type":"Polygon","coordinates":[[[-2.0739,52.5499],[-2.073,52.5418],[-2.0759,52.5341],[-2.0793,52.5354],[-2.0786,52.5305],[-2.0861,52.5314],[-2.088,52.537],[-2.0955,52.541],[-2.1063,52.5407],[-2.1078,52.5441],[-2.0921,52.548],[-2.089,52.5515],[-2.082,52.5526],[-2.0785,52.5571],[-2.0739,52.5499]]]}},{"type":"Feature","properties":{"cd":"E05011547","nm":"Horsforth"},"geometry":{"type":"Polygon","coordinates":[[[-1.6308,53.8569],[-1.6299,53.8473],[-1.6143,53.8372],[-1.6326,53.828],[-1.6533,53.8279],[-1.6618,53.8279],[-1.6878,53.8422],[-1.7031,53.8364],[-1.7037,53.8423],[-1.694,53.8513],[-1.6604,53.8495],[-1.6563,53.8549],[-1.643,53.8578],[-1.6308,53.8569]]]}},{"type":"Feature","properties":{"cd":"E05015841","nm":"St Nicolas"},"geometry":{"type":"Polygon","coordinates":[[[-1.4387,52.5333],[-1.4319,52.5296],[-1.437,52.5284],[-1.4372,52.524],[-1.4531,52.5213],[-1.4619,52.5252],[-1.4663,52.528],[-1.4561,52.5278],[-1.4519,52.5353],[-1.4387,52.5333]]]}},{"type":"Feature","properties":{"cd":"E05011259","nm":"Fenstanton"},"geometry":{"type":"Polygon","coordinates":[[[-0.0501,52.3147],[-0.0465,52.3147],[-0.0599,52.294],[-0.0572,52.2928],[-0.0854,52.2725],[-0.1023,52.2777],[-0.1211,52.2573],[-0.1381,52.2766],[-0.1203,52.2846],[-0.1055,52.2879],[-0.0862,52.3083],[-0.0754,52.3074],[-0.0699,52.3123],[-0.0633,52.3109],[-0.0559,52.3153],[-0.0501,52.3147]]]}},{"type":"Feature","properties":{"cd":"E05011262","nm":"Great Staughton"},"geometry":{"type":"Polygon","coordinates":[[[-0.2634,52.3324],[-0.2813,52.3242],[-0.2783,52.3201],[-0.2843,52.31],[-0.2863,52.2979],[-0.277,52.2908],[-0.2842,52.2875],[-0.2944,52.2913],[-0.3152,52.2637],[-0.2952,52.2621],[-0.2885,52.2544],[-0.2778,52.2528],[-0.2821,52.2384],[-0.2866,52.2348],[-0.2857,52.2374],[-0.2932,52.2405],[-0.3137,52.239],[-0.32,52.2427],[-0.3345,52.2429],[-0.3435,52.2419],[-0.341,52.2306],[-0.359,52.2347],[-0.3744,52.233],[-0.3823,52.2711],[-0.3722,52.2735],[-0.3652,52.2754],[-0.3647,52.2843],[-0.3529,52.2906],[-0.3501,52.299],[-0.3384,52.2987],[-0.3453,52.303],[-0.3407,52.3097],[-0.328,52.3111],[-0.3137,52.329],[-0.3108,52.3284],[-0.308,52.3388],[-0.319,52.337],[-0.3149,52.3451],[-0.2892,52.351],[-0.2827,52.3469],[-0.28,52.333],[-0.2718,52.3346],[-0.2634,52.3324]]]}},{"type":"Feature","properties":{"cd":"ESS:south-benfleet","nm":"South Benfleet"},"geometry":{"type":"MultiPolygon","coordinates":[[[[-3.1602,54.1589],[-3.1648,54.1545],[-3.161,54.1341],[-3.1823,54.1333],[-3.1846,54.141],[-3.1953,54.1434],[-3.2013,54.161],[-3.1922,54.1624],[-3.1866,54.1558],[-3.1777,54.1574],[-3.1741,54.1617],[-3.1602,54.1589]]],[[[-2.7377,54.3141],[-2.7408,54.311],[-2.7359,54.3125],[-2.722,54.3047],[-2.7205,54.3141],[-2.7168,54.3164],[-2.7128,54.3123],[-2.7195,54.3051],[-2.7011,54.3003],[-2.707,54.2887],[-2.6969,54.2833],[-2.7057,54.2777],[-2.7201,54.275],[-2.7264,54.2634],[-2.7407,54.2524],[-2.74,54.2463],[-2.7636,54.2479],[-2.7597,54.2558],[-2.7664,54.2573],[-2.7623,54.2639],[-2.7566,54.2647],[-2.7599,54.2685],[-2.756,54.2808],[-2.7466,54.2802],[-2.7385,54.2887],[-2.7431,54.2921],[-2.7536,54.2907],[-2.7477,54.3069],[-2.761,54.3089],[-2.7577,54.3161],[-2.7465,54.3173],[-2.743,54.3148],[-2.7425,54.3169],[-2.7377,54.3141]]],[[[-2.7107,54.6699],[-2.7138,54.6657],[-2.7094,54.6597],[-2.7134,54.6558],[-2.7204,54.6553],[-2.7301,54.6569],[-2.7338,54.6522],[-2.7485,54.6513],[-2.7539,54.6462],[-2.761,54.6495],[-2.7838,54.6593],[-2.7802,54.6659],[-2.7843,54.6726],[-2.772,54.6737],[-2.751,54.6654],[-2.749,54.6616],[-2.7395,54.6611],[-2.732,54.6703],[-2.7107,54.6699]]]]}},{"type":"Feature","properties":{"cd":"ESS:rochford-north","nm":"Rochford North"},"geometry":{"type":"MultiPolygon","coordinates":[[[[-3.1446,54.1709],[-3.1426,54.1653],[-3.147,54.1653],[-3.1494,54.1597],[-3.1602,54.1589],[-3.1741,54.1617],[-3.1777,54.1574],[-3.1866,54.1558],[-3.1922,54.1624],[-3.2013,54.161],[-3.2151,54.1617],[-3.2155,54.1595],[-3.2272,54.1597],[-3.2333,54.1474],[-3.2405,54.1471],[-3.2377,54.1559],[-3.2405,54.1584],[-3.2496,54.1548],[-3.2565,54.1687],[-3.2461,54.172],[-3.2284,54.1714],[-3.227,54.1721],[-3.2172,54.1775],[-3.2151,54.1848],[-3.223,54.1878],[-3.2148,54.1857],[-3.219,54.1875],[-3.212,54.1997],[-3.2131,54.2072],[-3.2045,54.2095],[-3.2101,54.2086],[-3.2092,54.2097],[-3.2055,54.2143],[-3.2005,54.2082],[-3.1825,54.2036],[-3.1676,54.2032],[-3.1476,54.2185],[-3.1495,54.2073],[-3.1638,54.1924],[-3.1583,54.1926],[-3.1446,54.1709]]],[[[-2.7219,54.6957],[-2.7195,54.6856],[-2.707,54.6714],[-2.7107,54.6699],[-2.732,54.6703],[-2.7395,54.6611],[-2.749,54.6616],[-2.751,54.6654],[-2.772,54.6737],[-2.7843,54.6726],[-2.797,54.6833],[-2.788,54.692],[-2.7886,54.697],[-2.7946,54.6996],[-2.7903,54.6993],[-2.7754,54.7117],[-2.779,54.721],[-2.7605,54.7233],[-2.7602,54.726],[-2.7464,54.7239],[-2.7377,54.6986],[-2.7219,54.6957]]]]}},{"type":"Feature","properties":{"cd":"SND:houghton-south-and-hetton-downs","nm":"Houghton South & Hetton Downs"},"geometry":{"type":"MultiPolygon","coordinates":[[[[-1.4763,54.8333],[-1.4689,54.8303],[-1.4599,54.8327],[-1.4523,54.8217],[-1.4258,54.8278],[-1.4131,54.8233],[-1.4229,54.8083],[-1.4225,54.8032],[-1.4375,54.8005],[-1.444,54.8025],[-1.4546,54.8],[-1.4935,54.8],[-1.4819,54.8097],[-1.4943,54.816],[-1.4903,54.8202],[-1.4937,54.8235],[-1.4975,54.8226],[-1.5043,54.8312],[-1.5033,54.8366],[-1.4937,54.8352],[-1.4835,54.8383],[-1.4763,54.8333]]],[[[-1.4763,54.8333],[-1.4835,54.8383],[-1.4937,54.8352],[-1.5033,54.8366],[-1.5036,54.8375],[-1.5103,54.8601],[-1.4943,54.8587],[-1.4804,54.861],[-1.476,54.849],[-1.4681,54.8459],[-1.4676,54.8414],[-1.4763,54.8333]]]]}},{"type":"Feature","properties":{"cd":"SND:hylton-castle","nm":"Hylton Castle"},"geometry":{"type":"Polygon","coordinates":[[[-1.4257,54.9224],[-1.4281,54.916],[-1.4403,54.9121],[-1.4582,54.9044],[-1.461,54.9092],[-1.4608,54.9215],[-1.4664,54.9301],[-1.4574,54.9327],[-1.4435,54.9234],[-1.4257,54.9224]]]}},{"type":"Feature","properties":{"cd":"SND:pallion-and-ford","nm":"Pallion & Ford"},"geometry":{"type":"Polygon","coordinates":[[[-1.4059,54.9138],[-1.4063,54.9093],[-1.4143,54.908],[-1.4096,54.9005],[-1.4296,54.8949],[-1.4283,54.9016],[-1.4404,54.9023],[-1.4403,54.9121],[-1.4281,54.916],[-1.4181,54.9172],[-1.4059,54.9138]]]}},{"type":"Feature","properties":{"cd":"SND:penshaw-and-shiney-row","nm":"Penshaw & Shiney Row"},"geometry":{"type":"Polygon","coordinates":[[[-1.4598,54.8994],[-1.4568,54.8976],[-1.4554,54.8994],[-1.4583,54.8894],[-1.4562,54.8845],[-1.4509,54.8703],[-1.4609,54.8705],[-1.4788,54.8633],[-1.4846,54.8663],[-1.494,54.8644],[-1.4943,54.8587],[-1.5103,54.8601],[-1.5065,54.8711],[-1.4993,54.8809],[-1.5009,54.8871],[-1.4844,54.8937],[-1.4734,54.9032],[-1.4671,54.9035],[-1.4631,54.8986],[-1.4598,54.8994]]]}},{"type":"Feature","properties":{"cd":"E05013609","nm":"Chiswick Gunnersbury"},"geometry":{"type":"Polygon","coordinates":[[[-0.2742,51.4973],[-0.2691,51.494],[-0.2554,51.495],[-0.2527,51.4873],[-0.2599,51.4876],[-0.286,51.4927],[-0.2931,51.4917],[-0.2975,51.4949],[-0.3007,51.4993],[-0.2808,51.5028],[-0.2742,51.4973]]]}},{"type":"Feature","properties":{"cd":"E05013626","nm":"Osterley & Spring Grove"},"geometry":{"type":"Polygon","coordinates":[[[-0.3353,51.4962],[-0.3312,51.4955],[-0.3144,51.486],[-0.3362,51.4752],[-0.3383,51.4741],[-0.3419,51.4722],[-0.3478,51.4739],[-0.3467,51.476],[-0.3534,51.4761],[-0.3528,51.4806],[-0.3622,51.4793],[-0.3607,51.4815],[-0.3684,51.4831],[-0.3634,51.489],[-0.367,51.4928],[-0.3506,51.4991],[-0.3353,51.4962]]]}},{"type":"Feature","properties":{"cd":"E05011352","nm":"Baguley"},"geometry":{"type":"Polygon","coordinates":[[[-2.2689,53.4006],[-2.2736,53.3899],[-2.2754,53.3861],[-2.2863,53.3758],[-2.2999,53.3843],[-2.2996,53.3877],[-2.3002,53.3922],[-2.2899,53.3932],[-2.295,53.4037],[-2.2879,53.4006],[-2.2689,53.4006]]]}},{"type":"Feature","properties":{"cd":"E05011136","nm":"Frankley Great Park"},"geometry":{"type":"Polygon","coordinates":[[[-1.9978,52.4097],[-1.9835,52.4095],[-1.992,52.4044],[-1.9917,52.4013],[-2.0017,52.4002],[-1.9983,52.3979],[-2.0217,52.4001],[-2.0322,52.4015],[-2.0275,52.4081],[-2.0175,52.4056],[-2.0092,52.4104],[-1.9978,52.4097]]]}},{"type":"Feature","properties":{"cd":"E05011167","nm":"Small Heath"},"geometry":{"type":"Polygon","coordinates":[[[-1.8275,52.4697],[-1.8275,52.4697],[-1.8488,52.4589],[-1.8593,52.4646],[-1.8543,52.4681],[-1.858,52.4695],[-1.8548,52.4731],[-1.8417,52.4759],[-1.8275,52.4697]]]}},{"type":"Feature","properties":{"cd":"E05013868","nm":"Church"},"geometry":{"type":"Polygon","coordinates":[[[-0.9481,51.4393],[-0.9437,51.4384],[-0.9434,51.4293],[-0.9542,51.4215],[-0.9537,51.425],[-0.97,51.4246],[-0.9683,51.4355],[-0.9627,51.4338],[-0.9626,51.437],[-0.9567,51.4363],[-0.955,51.4428],[-0.9481,51.4393]]]}},{"type":"Feature","properties":{"cd":"E05013867","nm":"Caversham Heights"},"geometry":{"type":"Polygon","coordinates":[[[-0.972,51.4774],[-0.9797,51.4753],[-0.983,51.4677],[-0.9888,51.4684],[-1.0065,51.4686],[-1.0073,51.4682],[-1.0069,51.4734],[-0.9982,51.4775],[-0.9984,51.4843],[-0.9754,51.4874],[-0.9671,51.4806],[-0.972,51.4774]]]}},{"type":"Feature","properties":{"cd":"E05013965","nm":"St Stephen"},"geometry":{"type":"Polygon","coordinates":[[[-0.3445,51.7326],[-0.3593,51.7213],[-0.3551,51.7161],[-0.3622,51.709],[-0.356,51.7063],[-0.3435,51.7067],[-0.341,51.7004],[-0.3497,51.6995],[-0.3558,51.6975],[-0.3553,51.6906],[-0.372,51.6876],[-0.3754,51.6925],[-0.3756,51.6929],[-0.3808,51.707],[-0.3964,51.7095],[-0.4059,51.7138],[-0.4025,51.7212],[-0.4095,51.7219],[-0.4066,51.7244],[-0.4119,51.7321],[-0.4003,51.7292],[-0.378,51.7293],[-0.3708,51.7314],[-0.3657,51.7375],[-0.36,51.7378],[-0.3445,51.7326]]]}},{"type":"Feature","properties":{"cd":"E05015811","nm":"Pembury & Capel"},"geometry":{"type":"Polygon","coordinates":[[[0.3842,51.1983],[0.3835,51.1955],[0.3888,51.1946],[0.3829,51.1872],[0.3759,51.1856],[0.3799,51.1842],[0.3773,51.1749],[0.3853,51.1718],[0.3857,51.167],[0.3824,51.1648],[0.3754,51.1661],[0.3735,51.1697],[0.362,51.1694],[0.3524,51.1565],[0.3556,51.1492],[0.3451,51.1368],[0.3429,51.1251],[0.3338,51.1216],[0.3262,51.1224],[0.3253,51.1229],[0.3211,51.1264],[0.3231,51.1343],[0.3136,51.1341],[0.3144,51.1412],[0.3083,51.1434],[0.3029,51.1496],[0.3048,51.1637],[0.2887,51.1614],[0.289,51.1637],[0.2761,51.166],[0.2793,51.1759],[0.2935,51.1891],[0.2997,51.197],[0.3094,51.1999],[0.3304,51.1988],[0.3417,51.1927],[0.3525,51.1963],[0.365,51.1941],[0.3666,51.2003],[0.3842,51.1983]]]}},{"type":"Feature","properties":{"cd":"E05011001","nm":"St Barnabas"},"geometry":{"type":"Polygon","coordinates":[[[-1.3213,51.0754],[-1.3206,51.0725],[-1.3294,51.0695],[-1.3336,51.0715],[-1.3418,51.0677],[-1.3525,51.0707],[-1.3335,51.0889],[-1.3213,51.0754]]]}},{"type":"Feature","properties":{"cd":"E05011137","nm":"Garretts Green"},"geometry":{"type":"Polygon","coordinates":[[[-1.7676,52.473],[-1.7678,52.4694],[-1.7819,52.4629],[-1.7898,52.4678],[-1.794,52.4732],[-1.7916,52.4769],[-1.8007,52.4784],[-1.7962,52.483],[-1.7676,52.473]]]}},{"type":"Feature","properties":{"cd":"E05011148","nm":"King's Norton North"},"geometry":{"type":"Polygon","coordinates":[[[-1.9141,52.4154],[-1.9194,52.4132],[-1.9166,52.4084],[-1.9393,52.4029],[-1.947,52.3947],[-1.9454,52.3907],[-1.9525,52.3933],[-1.9487,52.4053],[-1.9528,52.4084],[-1.9636,52.4089],[-1.9596,52.4105],[-1.9309,52.4145],[-1.9169,52.4207],[-1.9178,52.4159],[-1.9141,52.4154]]]}},{"type":"Feature","properties":{"cd":"E05011165","nm":"Shard End"},"geometry":{"type":"Polygon","coordinates":[[[-1.7558,52.4995],[-1.759,52.4952],[-1.7634,52.4873],[-1.7737,52.4856],[-1.7833,52.4945],[-1.7901,52.4945],[-1.7878,52.5024],[-1.7558,52.4995]]]}},{"type":"Feature","properties":{"cd":"E05011178","nm":"Sutton Trinity"},"geometry":{"type":"Polygon","coordinates":[[[-1.8071,52.5669],[-1.8158,52.565],[-1.8151,52.557],[-1.815,52.5551],[-1.8169,52.5512],[-1.8254,52.5559],[-1.8288,52.5539],[-1.8304,52.556],[-1.8309,52.5532],[-1.8352,52.5583],[-1.8406,52.5565],[-1.8396,52.5601],[-1.8434,52.5591],[-1.8387,52.5617],[-1.8565,52.5712],[-1.8509,52.5729],[-1.8537,52.5756],[-1.8482,52.5761],[-1.8397,52.5705],[-1.8392,52.5724],[-1.8231,52.571],[-1.8191,52.5734],[-1.8215,52.5751],[-1.8203,52.5754],[-1.8078,52.5763],[-1.8071,52.5669]]]}},{"type":"Feature","properties":{"cd":"E05011177","nm":"Sutton Roughley"},"geometry":{"type":"Polygon","coordinates":[[[-1.788,52.5879],[-1.7868,52.5831],[-1.7747,52.5746],[-1.7787,52.5689],[-1.7867,52.5715],[-1.7934,52.5673],[-1.8071,52.5669],[-1.8078,52.5763],[-1.8203,52.5754],[-1.8188,52.5982],[-1.8117,52.5983],[-1.8085,52.6031],[-1.7965,52.5991],[-1.788,52.5879]]]}},{"type":"Feature","properties":{"cd":"E05011180","nm":"Sutton Walmley & Minworth"},"geometry":{"type":"Polygon","coordinates":[[[-1.7289,52.5245],[-1.7458,52.5201],[-1.7538,52.5212],[-1.7571,52.5178],[-1.7535,52.513],[-1.7685,52.5142],[-1.7917,52.5092],[-1.7719,52.519],[-1.7839,52.5279],[-1.7897,52.5256],[-1.8112,52.5321],[-1.8076,52.5423],[-1.8117,52.5465],[-1.8074,52.5468],[-1.815,52.5551],[-1.8151,52.557],[-1.8086,52.5532],[-1.8014,52.5539],[-1.7905,52.5606],[-1.7739,52.5538],[-1.7702,52.5636],[-1.7653,52.5567],[-1.7564,52.5559],[-1.7536,52.5453],[-1.7464,52.5417],[-1.7509,52.5363],[-1.7491,52.5314],[-1.7394,52.5319],[-1.7398,52.5291],[-1.7289,52.5245]]]}},{"type":"Feature","properties":{"cd":"E05011176","nm":"Sutton Reddicap"},"geometry":{"type":"Polygon","coordinates":[[[-1.7702,52.5636],[-1.7739,52.5538],[-1.7905,52.5606],[-1.8014,52.5539],[-1.8086,52.5532],[-1.8151,52.557],[-1.8158,52.565],[-1.8071,52.5669],[-1.7934,52.5673],[-1.7867,52.5715],[-1.7787,52.5689],[-1.7747,52.5746],[-1.7697,52.575],[-1.7636,52.5709],[-1.7739,52.5656],[-1.7702,52.5636]]]}},{"type":"Feature","properties":{"cd":"E05011179","nm":"Sutton Vesey"},"geometry":{"type":"Polygon","coordinates":[[[-1.8482,52.5761],[-1.8537,52.5756],[-1.8509,52.5729],[-1.8565,52.5712],[-1.8387,52.5617],[-1.8434,52.5591],[-1.8396,52.5601],[-1.8406,52.5565],[-1.8352,52.5583],[-1.8309,52.5532],[-1.8328,52.5352],[-1.8506,52.5426],[-1.8561,52.5465],[-1.8588,52.545],[-1.882,52.5591],[-1.8916,52.5625],[-1.8785,52.5696],[-1.8726,52.5849],[-1.8724,52.585],[-1.8482,52.5761]]]}},{"type":"Feature","properties":{"cd":"E05011122","nm":"Balsall Heath West"},"geometry":{"type":"Polygon","coordinates":[[[-1.8866,52.4632],[-1.8826,52.4622],[-1.8832,52.4541],[-1.9014,52.4549],[-1.9046,52.4583],[-1.9012,52.4673],[-1.8866,52.4632]]]}},{"type":"Feature","properties":{"cd":"KIR:kirkburton","nm":"Kirkburton"},"geometry":{"type":"Polygon","coordinates":[[[-1.6753,53.6539],[-1.6705,53.651],[-1.6704,53.6431],[-1.6628,53.6417],[-1.6348,53.6539],[-1.6241,53.6541],[-1.6192,53.6463],[-1.6232,53.6381],[-1.6172,53.6377],[-1.6121,53.6327],[-1.6157,53.6302],[-1.6103,53.628],[-1.6146,53.6259],[-1.6291,53.6289],[-1.6479,53.6223],[-1.6675,53.6222],[-1.6683,53.6242],[-1.6768,53.6223],[-1.6805,53.6204],[-1.6739,53.616],[-1.6771,53.6124],[-1.6698,53.6099],[-1.6597,53.5985],[-1.668,53.5945],[-1.6638,53.5919],[-1.6899,53.5835],[-1.6996,53.576],[-1.7143,53.5735],[-1.7222,53.578],[-1.7261,53.5744],[-1.7307,53.5753],[-1.7286,53.5808],[-1.7333,53.5851],[-1.7513,53.5845],[-1.7614,53.5887],[-1.7544,53.5943],[-1.7584,53.6048],[-1.7673,53.6123],[-1.7766,53.6143],[-1.7735,53.6171],[-1.7561,53.6203],[-1.7252,53.6337],[-1.721,53.6247],[-1.7044,53.6221],[-1.7047,53.6269],[-1.6983,53.6314],[-1.6992,53.6379],[-1.7053,53.6398],[-1.7052,53.6449],[-1.7102,53.6477],[-1.7055,53.6566],[-1.6969,53.6559],[-1.6893,53.6512],[-1.678,53.6511],[-1.6753,53.6539]]]}},{"type":"Feature","properties":{"cd":"E05013103","nm":"Headington"},"geometry":{"type":"Polygon","coordinates":[[[-1.2036,51.766],[-1.2027,51.7621],[-1.2095,51.7589],[-1.206,51.7592],[-1.2036,51.7534],[-1.2156,51.7536],[-1.2198,51.7574],[-1.2267,51.7635],[-1.2143,51.7615],[-1.2185,51.7664],[-1.2147,51.7695],[-1.2036,51.766]]]}},{"type":"Feature","properties":{"cd":"E05002444","nm":"Copnor"},"geometry":{"type":"Polygon","coordinates":[[[-1.0495,50.8325],[-1.0441,50.8314],[-1.0424,50.8156],[-1.0646,50.817],[-1.064,50.8116],[-1.0764,50.8119],[-1.0747,50.817],[-1.0726,50.8225],[-1.0599,50.8247],[-1.0547,50.8334],[-1.0495,50.8325]]]}},{"type":"Feature","properties":{"cd":"E05015503","nm":"Sholing"},"geometry":{"type":"Polygon","coordinates":[[[-1.3541,50.9124],[-1.3368,50.904],[-1.3454,50.901],[-1.342,50.8937],[-1.3494,50.8886],[-1.3494,50.8886],[-1.3621,50.8957],[-1.3653,50.8969],[-1.3606,50.9007],[-1.3646,50.9025],[-1.3561,50.9135],[-1.3541,50.9124]]]}},{"type":"Feature","properties":{"cd":"E05014048","nm":"South Middleton"},"geometry":{"type":"Polygon","coordinates":[[[-2.209,53.5547],[-2.1949,53.5483],[-2.2001,53.5435],[-2.1859,53.5406],[-2.1872,53.534],[-2.1939,53.5316],[-2.2068,53.5342],[-2.2071,53.5382],[-2.2187,53.5439],[-2.2372,53.5389],[-2.2342,53.5434],[-2.2417,53.5572],[-2.2365,53.5592],[-2.2264,53.5592],[-2.2305,53.5549],[-2.2255,53.5505],[-2.209,53.5547]]]}},{"type":"Feature","properties":{"cd":"E05013034","nm":"Walkden North"},"geometry":{"type":"Polygon","coordinates":[[[-2.3937,53.5365],[-2.3854,53.5315],[-2.3544,53.5262],[-2.3544,53.5247],[-2.3665,53.5201],[-2.3945,53.5226],[-2.413,53.5274],[-2.4238,53.5311],[-2.4103,53.5385],[-2.3937,53.5365]]]}},{"type":"Feature","properties":{"cd":"SAW:blackheath","nm":"Blackheath"},"geometry":{"type":"Polygon","coordinates":[[[-2.0229,52.4803],[-2.0417,52.4736],[-2.0475,52.4675],[-2.048,52.4675],[-2.0553,52.4688],[-2.0577,52.4797],[-2.0449,52.4841],[-2.0403,52.4817],[-2.04,52.4874],[-2.0333,52.4893],[-2.0281,52.4875],[-2.0316,52.4802],[-2.0229,52.4803]]]}},{"type":"Feature","properties":{"cd":"SAW:friar-park-and-stone-cross","nm":"Friar Park & Stone Cross"},"geometry":{"type":"Polygon","coordinates":[[[-1.9752,52.5559],[-1.9751,52.5557],[-1.9799,52.5505],[-2.0016,52.5467],[-2.0112,52.5528],[-1.9998,52.5652],[-1.9752,52.5559]]]}},{"type":"Feature","properties":{"cd":"SAW:charlemont-and-grove-vale","nm":"Charlemont & Grove Vale"},"geometry":{"type":"Polygon","coordinates":[[[-1.9424,52.5448],[-1.9599,52.542],[-1.9691,52.5359],[-1.985,52.5348],[-1.9897,52.5294],[-1.9953,52.532],[-1.9874,52.5352],[-1.9799,52.5505],[-1.9751,52.5557],[-1.9668,52.5519],[-1.9433,52.5508],[-1.9476,52.5479],[-1.9424,52.5448]]]}},{"type":"Feature","properties":{"cd":"SAW:st-pauls","nm":"St Pauls"},"geometry":{"type":"Polygon","coordinates":[[[-1.962,52.5099],[-1.963,52.5049],[-1.9573,52.5033],[-1.9617,52.4993],[-1.9731,52.4973],[-1.9764,52.4986],[-1.995,52.4912],[-2.0068,52.4914],[-1.9964,52.5005],[-1.9982,52.5058],[-1.9921,52.5066],[-1.9809,52.5065],[-1.9755,52.5116],[-1.962,52.5099]]]}},{"type":"Feature","properties":{"cd":"SAW:princes-end","nm":"Princes End"},"geometry":{"type":"Polygon","coordinates":[[[-2.0485,52.5517],[-2.0375,52.5502],[-2.0452,52.5458],[-2.0395,52.5425],[-2.0543,52.5392],[-2.0588,52.5361],[-2.0568,52.5337],[-2.0599,52.5325],[-2.073,52.5418],[-2.0739,52.5499],[-2.0615,52.5469],[-2.051,52.5527],[-2.0485,52.5517]]]}},{"type":"Feature","properties":{"cd":"SAW:old-warley","nm":"Old Warley"},"geometry":{"type":"Polygon","coordinates":[[[-1.9941,52.4753],[-1.9817,52.4663],[-2.0132,52.4622],[-2.0185,52.4744],[-2.0067,52.4761],[-2.0028,52.4783],[-1.9995,52.4745],[-1.9941,52.4753]]]}},{"type":"Feature","properties":{"cd":"SAW:soho-and-victoria","nm":"Soho & Victoria"},"geometry":{"type":"Polygon","coordinates":[[[-1.951,52.5015],[-1.9381,52.4984],[-1.9443,52.4957],[-1.943,52.4915],[-1.9516,52.4828],[-1.9647,52.4815],[-1.972,52.4831],[-1.9683,52.4906],[-1.9731,52.4973],[-1.9617,52.4993],[-1.9573,52.5033],[-1.951,52.5015]]]}},{"type":"Feature","properties":{"cd":"SAW:newton-and-valley","nm":"Newton & Valley"},"geometry":{"type":"Polygon","coordinates":[[[-1.9294,52.5313],[-1.9428,52.5338],[-1.9513,52.5298],[-1.9602,52.5314],[-1.9691,52.5359],[-1.9599,52.542],[-1.9424,52.5448],[-1.9331,52.5458],[-1.9294,52.5313]]]}},{"type":"Feature","properties":{"cd":"SAW:tividale","nm":"Tividale"},"geometry":{"type":"Polygon","coordinates":[[[-2.0244,52.4962],[-2.0293,52.4974],[-2.036,52.4943],[-2.0381,52.4983],[-2.0454,52.4965],[-2.0553,52.5012],[-2.0578,52.4987],[-2.0627,52.4999],[-2.0624,52.5077],[-2.0573,52.5123],[-2.0412,52.5085],[-2.0244,52.4962]]]}},{"type":"Feature","properties":{"cd":"SAW:wednesbury","nm":"Wednesbury"},"geometry":{"type":"MultiPolygon","coordinates":[[[[-1.9998,52.5652],[-2.0112,52.5528],[-2.0189,52.5498],[-2.0189,52.5531],[-2.0297,52.5495],[-2.0375,52.5502],[-2.0485,52.5517],[-2.0254,52.5623],[-2.027,52.5646],[-2.011,52.5691],[-1.9998,52.5652]]],[[[-2.0112,52.5528],[-2.0016,52.5467],[-2.0012,52.5418],[-2.0112,52.5369],[-2.0076,52.53],[-2.0103,52.5294],[-2.0223,52.5304],[-2.032,52.5328],[-2.0348,52.5411],[-2.0395,52.5425],[-2.0452,52.5458],[-2.0375,52.5502],[-2.0297,52.5495],[-2.0189,52.5531],[-2.0189,52.5498],[-2.0112,52.5528]]]]}},{"type":"Feature","properties":{"cd":"SAW:west-bromwich-central","nm":"West Bromwich Central"},"geometry":{"type":"Polygon","coordinates":[[[-1.9602,52.5314],[-1.958,52.52],[-1.9626,52.5137],[-1.9596,52.5097],[-1.962,52.5099],[-1.9755,52.5116],[-1.9809,52.5065],[-1.9921,52.5066],[-1.9912,52.514],[-2.0056,52.5212],[-2.0103,52.5294],[-2.0076,52.53],[-2.0028,52.532],[-2.0053,52.5259],[-1.9932,52.5235],[-1.9897,52.5294],[-1.985,52.5348],[-1.9691,52.5359],[-1.9602,52.5314]]]}},{"type":"Feature","properties":{"cd":"SAW:tipton-green","nm":"Tipton Green"},"geometry":{"type":"Polygon","coordinates":[[[-2.0568,52.5337],[-2.0484,52.5242],[-2.0632,52.5137],[-2.0714,52.5218],[-2.0796,52.5241],[-2.0786,52.5305],[-2.0793,52.5354],[-2.0759,52.5341],[-2.073,52.5418],[-2.0599,52.5325],[-2.0568,52.5337]]]}},{"type":"Feature","properties":{"cd":"E58000580","nm":"Odiham & Hook"},"geometry":{"type":"MultiPolygon","coordinates":[[[[-0.9287,51.2786],[-0.9799,51.2676],[-0.9817,51.2866],[-1.0002,51.2892],[-1.0016,51.2959],[-1.0012,51.3002],[-0.9954,51.2987],[-0.9839,51.31],[-0.9659,51.3141],[-0.9622,51.3108],[-0.9605,51.3139],[-0.9494,51.3104],[-0.9422,51.3113],[-0.9475,51.3049],[-0.9248,51.2927],[-0.9296,51.2921],[-0.922,51.2844],[-0.9294,51.283],[-0.9287,51.2786]]],[[[-0.8693,51.2778],[-0.8693,51.2765],[-0.8763,51.2608],[-0.8718,51.2506],[-0.8639,51.2522],[-0.855,51.2458],[-0.8483,51.2453],[-0.8509,51.2353],[-0.8373,51.2354],[-0.835,51.2307],[-0.8285,51.2307],[-0.8291,51.2254],[-0.8489,51.2107],[-0.8691,51.2127],[-0.8844,51.2102],[-0.9043,51.2099],[-0.9092,51.2055],[-0.9512,51.2004],[-0.9738,51.186],[-0.9859,51.1904],[-0.9842,51.2124],[-0.9781,51.2205],[-0.9833,51.2231],[-0.9755,51.2259],[-0.9831,51.2353],[-0.9748,51.2385],[-0.9788,51.2421],[-0.9937,51.2444],[-0.9799,51.2676],[-0.9287,51.2786],[-0.9164,51.2748],[-0.9136,51.2628],[-0.9089,51.268],[-0.8693,51.2778]]]]}},{"type":"Feature","properties":{"cd":"E58000581","nm":"Petersfield Butser"},"geometry":{"type":"MultiPolygon","coordinates":[[[[-0.9476,51.0024],[-0.952,50.996],[-0.9549,51.0081],[-0.9481,51.0152],[-0.9338,51.0183],[-0.9401,51.0129],[-0.9358,51.01],[-0.9476,51.0024]]],[[[-0.9358,51.0002],[-0.9319,50.9919],[-0.9507,50.9905],[-0.9544,50.9917],[-0.952,50.996],[-0.9476,51.0024],[-0.9358,51.0002]]],[[[-0.8997,51.0013],[-0.9056,50.9968],[-0.9219,50.9915],[-0.9319,50.9919],[-0.9358,51.0002],[-0.9212,51.0045],[-0.9223,51.0079],[-0.9101,51.0098],[-0.8997,51.0013]]],[[[-0.9223,51.0079],[-0.9212,51.0045],[-0.9358,51.0002],[-0.9476,51.0024],[-0.9358,51.01],[-0.9401,51.0129],[-0.9338,51.0183],[-0.9265,51.0197],[-0.9294,51.0138],[-0.9223,51.0079]]]]}},{"type":"Feature","properties":{"cd":"E05011540","nm":"Pickering"},"geometry":{"type":"Polygon","coordinates":[[[-0.3998,53.7371],[-0.4051,53.7295],[-0.3971,53.7302],[-0.3946,53.7265],[-0.3882,53.7269],[-0.3975,53.7243],[-0.397,53.7232],[-0.419,53.7196],[-0.4198,53.7343],[-0.4136,53.7404],[-0.4108,53.7356],[-0.3998,53.7371]]]}},{"type":"Feature","properties":{"cd":"E05010945","nm":"St Michaels"},"geometry":{"type":"Polygon","coordinates":[[[-2.8133,53.4173],[-2.8177,53.4155],[-2.8291,53.4133],[-2.8354,53.4159],[-2.8397,53.4134],[-2.8409,53.4159],[-2.8466,53.4157],[-2.8501,53.4243],[-2.8422,53.4255],[-2.8358,53.4231],[-2.8234,53.4274],[-2.8133,53.4173]]]}},{"type":"Feature","properties":{"cd":"E05015257","nm":"Timperley Central"},"geometry":{"type":"Polygon","coordinates":[[[-2.3086,53.3989],[-2.3002,53.3922],[-2.2996,53.3877],[-2.3165,53.3898],[-2.3175,53.3927],[-2.3296,53.3916],[-2.3413,53.3912],[-2.3421,53.3958],[-2.328,53.3999],[-2.3086,53.3989]]]}},{"type":"Feature","properties":{"cd":"E05014849","nm":"Merry Hill"},"geometry":{"type":"Polygon","coordinates":[[[-2.1554,52.5767],[-2.163,52.5698],[-2.173,52.5546],[-2.1758,52.555],[-2.1755,52.5645],[-2.1796,52.564],[-2.181,52.5664],[-2.177,52.567],[-2.183,52.5769],[-2.1639,52.5799],[-2.1554,52.5767]]]}},{"type":"Feature","properties":{"cd":"E05011233","nm":"West Heath"},"geometry":{"type":"Polygon","coordinates":[[[0.1431,51.479],[0.1446,51.4734],[0.1433,51.4702],[0.1379,51.472],[0.1291,51.4684],[0.1202,51.4703],[0.1125,51.4734],[0.1155,51.4762],[0.1185,51.4789],[0.1242,51.4768],[0.122,51.483],[0.1378,51.4826],[0.1431,51.479]]]}},{"type":"Feature","properties":{"cd":"E05014522","nm":"Audenshaw"},"geometry":{"type":"Polygon","coordinates":[[[-2.1052,53.4684],[-2.1057,53.4651],[-2.1165,53.463],[-2.1224,53.4678],[-2.1255,53.4636],[-2.1389,53.4632],[-2.1452,53.4587],[-2.1492,53.4603],[-2.1528,53.4632],[-2.1469,53.4675],[-2.1499,53.4709],[-2.1507,53.4729],[-2.1282,53.4858],[-2.1223,53.4832],[-2.1159,53.4871],[-2.1172,53.4804],[-2.1284,53.4742],[-2.1147,53.4745],[-2.1188,53.4725],[-2.1126,53.4702],[-2.1145,53.4673],[-2.1052,53.4684]]]}},{"type":"Feature","properties":{"cd":"E05014532","nm":"Hyde Werneth"},"geometry":{"type":"Polygon","coordinates":[[[-2.0838,53.4535],[-2.0664,53.44],[-2.0337,53.4421],[-2.0273,53.4324],[-2.0263,53.4299],[-2.0391,53.4272],[-2.0558,53.4318],[-2.0694,53.4277],[-2.0829,53.4268],[-2.084,53.4341],[-2.0928,53.4375],[-2.0878,53.4492],[-2.0963,53.4514],[-2.0955,53.4561],[-2.0838,53.4535]]]}},{"type":"Feature","properties":{"cd":"E05015255","nm":"Sale Moor"},"geometry":{"type":"Polygon","coordinates":[[[-2.286,53.4293],[-2.2837,53.425],[-2.2736,53.4225],[-2.2778,53.4155],[-2.2939,53.4136],[-2.2977,53.4084],[-2.3043,53.4099],[-2.3037,53.4197],[-2.3104,53.4177],[-2.3126,53.4227],[-2.3025,53.4244],[-2.3003,53.4306],[-2.2939,53.4267],[-2.286,53.4293]]]}},{"type":"Feature","properties":{"cd":"E05014136","nm":"West Park"},"geometry":{"type":"Polygon","coordinates":[[[-2.7475,53.4559],[-2.7558,53.443],[-2.7482,53.442],[-2.7709,53.4366],[-2.7742,53.4388],[-2.7659,53.4589],[-2.7554,53.4557],[-2.7535,53.459],[-2.7475,53.4559]]]}},{"type":"Feature","properties":{"cd":"E05014134","nm":"Sutton South East"},"geometry":{"type":"Polygon","coordinates":[[[-2.6907,53.4363],[-2.6924,53.427],[-2.703,53.4203],[-2.7118,53.4184],[-2.722,53.4231],[-2.7262,53.4215],[-2.7244,53.4269],[-2.7078,53.4292],[-2.7083,53.4356],[-2.7022,53.4421],[-2.696,53.4421],[-2.6918,53.4397],[-2.6936,53.4356],[-2.6907,53.4363]]]}},{"type":"Feature","properties":{"cd":"BRD:wyke","nm":"Wyke"},"geometry":{"type":"Polygon","coordinates":[[[-1.7363,53.7472],[-1.7474,53.7467],[-1.7459,53.7345],[-1.7609,53.7346],[-1.7701,53.7263],[-1.7737,53.7244],[-1.7795,53.7296],[-1.7793,53.7371],[-1.7866,53.7422],[-1.7809,53.7487],[-1.7707,53.7501],[-1.7646,53.7582],[-1.7617,53.764],[-1.7495,53.7689],[-1.7363,53.7472]]]}},{"type":"Feature","properties":{"cd":"E05014836","nm":"Westhoughton North & Hunger Hill"},"geometry":{"type":"Polygon","coordinates":[[[-2.5185,53.5721],[-2.5207,53.565],[-2.497,53.558],[-2.4758,53.5617],[-2.4868,53.5539],[-2.4902,53.5356],[-2.5073,53.5378],[-2.5161,53.5395],[-2.5198,53.5484],[-2.526,53.5489],[-2.5238,53.5556],[-2.5581,53.5445],[-2.5692,53.5475],[-2.5598,53.5556],[-2.5634,53.5595],[-2.5601,53.5621],[-2.5685,53.5647],[-2.5678,53.5714],[-2.5521,53.5792],[-2.5355,53.5695],[-2.5273,53.5741],[-2.5185,53.5721]]]}},{"type":"Feature","properties":{"cd":"E05014152","nm":"Besses"},"geometry":{"type":"Polygon","coordinates":[[[-2.2606,53.5498],[-2.2855,53.5407],[-2.2891,53.539],[-2.296,53.5515],[-2.285,53.5525],[-2.2732,53.5603],[-2.2606,53.5498]]]}},{"type":"Feature","properties":{"cd":"E05014155","nm":"Elton"},"geometry":{"type":"Polygon","coordinates":[[[-2.3005,53.61],[-2.2999,53.6025],[-2.3074,53.5947],[-2.3198,53.5959],[-2.3258,53.6008],[-2.3214,53.6077],[-2.3303,53.6145],[-2.3236,53.6132],[-2.3225,53.6181],[-2.3201,53.6203],[-2.3093,53.6193],[-2.3005,53.61]]]}},{"type":"Feature","properties":{"cd":"E05014046","nm":"North Middleton"},"geometry":{"type":"Polygon","coordinates":[[[-2.1552,53.5654],[-2.172,53.5582],[-2.1718,53.5514],[-2.1949,53.5483],[-2.209,53.5547],[-2.203,53.5608],[-2.1952,53.5579],[-2.1789,53.5694],[-2.1706,53.5737],[-2.1525,53.576],[-2.1509,53.5671],[-2.1552,53.5654]]]}},{"type":"Feature","properties":{"cd":"E05014047","nm":"Smallbridge & Firgrove"},"geometry":{"type":"Polygon","coordinates":[[[-2.117,53.6307],[-2.1232,53.6232],[-2.117,53.6154],[-2.119,53.6102],[-2.1297,53.6123],[-2.1272,53.6163],[-2.1334,53.6182],[-2.1396,53.6229],[-2.1375,53.6262],[-2.1447,53.629],[-2.1413,53.633],[-2.1445,53.6396],[-2.1332,53.6366],[-2.1266,53.6417],[-2.1227,53.6372],[-2.1275,53.6343],[-2.117,53.6307]]]}},{"type":"Feature","properties":{"cd":"E58000549","nm":"Dibden & Hythe"},"geometry":{"type":"Polygon","coordinates":[[[-1.4006,50.877],[-1.4106,50.8703],[-1.4183,50.8693],[-1.4117,50.8612],[-1.4142,50.86],[-1.4062,50.8562],[-1.4049,50.8533],[-1.408,50.8544],[-1.4114,50.8509],[-1.4086,50.848],[-1.4211,50.8525],[-1.4383,50.8672],[-1.4527,50.8673],[-1.4535,50.8698],[-1.4425,50.8824],[-1.4204,50.8917],[-1.4201,50.8909],[-1.4006,50.877]]]}},{"type":"Feature","properties":{"cd":"E05013186","nm":"Norton South & Preston Brook"},"geometry":{"type":"Polygon","coordinates":[[[-2.6211,53.3192],[-2.6178,53.3161],[-2.6241,53.3094],[-2.6325,53.3075],[-2.6451,53.3101],[-2.6416,53.305],[-2.6854,53.3153],[-2.6906,53.3164],[-2.6838,53.3209],[-2.6727,53.319],[-2.6772,53.323],[-2.6711,53.3262],[-2.6624,53.323],[-2.6525,53.3242],[-2.6384,53.328],[-2.6391,53.326],[-2.628,53.3245],[-2.6211,53.3192]]]}},{"type":"Feature","properties":{"cd":"E05014137","nm":"Windle"},"geometry":{"type":"Polygon","coordinates":[[[-2.7431,53.471],[-2.741,53.4618],[-2.7396,53.4576],[-2.7475,53.4559],[-2.7535,53.459],[-2.7554,53.4557],[-2.7659,53.4589],[-2.7913,53.4711],[-2.8044,53.4672],[-2.8187,53.4669],[-2.8168,53.4779],[-2.8145,53.4762],[-2.7948,53.4796],[-2.7666,53.475],[-2.767,53.4696],[-2.7431,53.471]]]}},{"type":"Feature","properties":{"cd":"CLD:illingworth-and-mixenden","nm":"Illingworth & Mixenden"},"geometry":{"type":"Polygon","coordinates":[[[-1.8956,53.7809],[-1.8734,53.7786],[-1.8694,53.7597],[-1.8727,53.7549],[-1.8657,53.7524],[-1.8707,53.7493],[-1.885,53.7451],[-1.894,53.7519],[-1.8989,53.7513],[-1.9015,53.7488],[-1.897,53.743],[-1.9014,53.7426],[-1.9066,53.7482],[-1.9171,53.7509],[-1.9261,53.7495],[-1.9286,53.7698],[-1.9467,53.7784],[-1.9507,53.786],[-1.927,53.7875],[-1.9146,53.7816],[-1.8956,53.7809]]]}},{"type":"Feature","properties":{"cd":"CLD:northowram-and-shelf","nm":"Northowram & Shelf"},"geometry":{"type":"Polygon","coordinates":[[[-1.7925,53.7449],[-1.8143,53.741],[-1.8263,53.7274],[-1.8346,53.728],[-1.844,53.7244],[-1.85,53.723],[-1.8589,53.728],[-1.8594,53.7333],[-1.8693,53.7415],[-1.8707,53.7493],[-1.8657,53.7524],[-1.8556,53.7508],[-1.8555,53.7483],[-1.8526,53.7527],[-1.8402,53.7556],[-1.8278,53.7637],[-1.8088,53.7639],[-1.8011,53.7549],[-1.7946,53.7531],[-1.7925,53.7449]]]}},{"type":"Feature","properties":{"cd":"CLD:warley","nm":"Warley"},"geometry":{"type":"Polygon","coordinates":[[[-1.9014,53.7426],[-1.8921,53.7327],[-1.8851,53.7314],[-1.884,53.7262],[-1.8864,53.7225],[-1.8921,53.7226],[-1.8931,53.7166],[-1.9023,53.7199],[-1.9128,53.714],[-1.9204,53.716],[-1.9329,53.7287],[-1.9297,53.7311],[-1.9262,53.728],[-1.9203,53.7283],[-1.9201,53.7403],[-1.9261,53.7495],[-1.9171,53.7509],[-1.9066,53.7482],[-1.9014,53.7426]]]}},{"type":"Feature","properties":{"cd":"E05014819","nm":"Bradshaw"},"geometry":{"type":"Polygon","coordinates":[[[-2.3791,53.6309],[-2.3793,53.6293],[-2.3835,53.6255],[-2.3764,53.6221],[-2.3794,53.6203],[-2.363,53.6103],[-2.3684,53.5961],[-2.3769,53.5933],[-2.4006,53.5923],[-2.3985,53.5952],[-2.4079,53.5985],[-2.4213,53.5982],[-2.4242,53.6009],[-2.4185,53.6016],[-2.4085,53.6009],[-2.4056,53.6035],[-2.4097,53.6113],[-2.405,53.6116],[-2.4011,53.6181],[-2.4054,53.6251],[-2.4012,53.6246],[-2.3978,53.6322],[-2.3791,53.6309]]]}},{"type":"Feature","properties":{"cd":"E05014828","nm":"Horwich South & Blackrod"},"geometry":{"type":"Polygon","coordinates":[[[-2.5566,53.6037],[-2.5422,53.5927],[-2.5198,53.5832],[-2.5185,53.5721],[-2.5273,53.5741],[-2.5355,53.5695],[-2.5521,53.5792],[-2.5678,53.5714],[-2.5851,53.5851],[-2.618,53.5911],[-2.6275,53.5894],[-2.6259,53.5937],[-2.6174,53.5958],[-2.6151,53.6029],[-2.5959,53.6108],[-2.5831,53.6047],[-2.574,53.5943],[-2.5595,53.5989],[-2.5566,53.6037]]]}},{"type":"Feature","properties":{"cd":"E05013169","nm":"Appleton"},"geometry":{"type":"Polygon","coordinates":[[[-2.7222,53.3647],[-2.7298,53.368],[-2.7332,53.3667],[-2.7327,53.3703],[-2.733,53.3788],[-2.7172,53.3811],[-2.7222,53.3647]]]}},{"type":"Feature","properties":{"cd":"E05011405","nm":"Moortown"},"geometry":{"type":"Polygon","coordinates":[[[-1.5335,53.8339],[-1.5398,53.8362],[-1.547,53.8285],[-1.5538,53.8307],[-1.5609,53.8271],[-1.5694,53.8271],[-1.5766,53.8314],[-1.5767,53.8422],[-1.5708,53.8429],[-1.5594,53.8424],[-1.5407,53.8483],[-1.5157,53.8496],[-1.5202,53.8422],[-1.5254,53.842],[-1.5335,53.8339]]]}},{"type":"Feature","properties":{"cd":"E05011407","nm":"Morley South"},"geometry":{"type":"Polygon","coordinates":[[[-1.5679,53.7463],[-1.5803,53.7283],[-1.5722,53.7259],[-1.5726,53.7231],[-1.5811,53.7212],[-1.5821,53.7139],[-1.6055,53.7212],[-1.6234,53.7185],[-1.6323,53.7308],[-1.6386,53.7462],[-1.628,53.7454],[-1.6193,53.7492],[-1.6142,53.7469],[-1.6057,53.7501],[-1.5926,53.7486],[-1.5702,53.7535],[-1.5679,53.7463]]]}},{"type":"Feature","properties":{"cd":"E05014006","nm":"St Mary Cray"},"geometry":{"type":"Polygon","coordinates":[[[0.1477,51.3926],[0.1532,51.378],[0.1496,51.3736],[0.1516,51.3684],[0.1473,51.367],[0.1285,51.372],[0.1229,51.3768],[0.1089,51.3782],[0.1078,51.3824],[0.1033,51.38],[0.0888,51.3848],[0.0901,51.3949],[0.0954,51.395],[0.1119,51.3947],[0.1125,51.3966],[0.1477,51.3926]]]}},{"type":"Feature","properties":{"cd":"E05011409","nm":"Pudsey"},"geometry":{"type":"Polygon","coordinates":[[[-1.6305,53.8014],[-1.6271,53.7976],[-1.642,53.7926],[-1.6379,53.7902],[-1.6406,53.78],[-1.6742,53.78],[-1.6823,53.7864],[-1.712,53.7831],[-1.7072,53.788],[-1.7111,53.7916],[-1.7099,53.7929],[-1.7099,53.7929],[-1.6885,53.7999],[-1.6676,53.7979],[-1.6678,53.8014],[-1.6821,53.8044],[-1.6669,53.805],[-1.6371,53.8053],[-1.6305,53.8014]]]}},{"type":"Feature","properties":{"cd":"E05014857","nm":"Wednesfield South"},"geometry":{"type":"Polygon","coordinates":[[[-2.0524,52.6049],[-2.057,52.5983],[-2.0629,52.5977],[-2.0778,52.5861],[-2.1012,52.593],[-2.0842,52.5998],[-2.0865,52.6061],[-2.0699,52.6106],[-2.0524,52.6049]]]}},{"type":"Feature","properties":{"cd":"E05015911","nm":"Halesowen North"},"geometry":{"type":"Polygon","coordinates":[[[-2.0185,52.4744],[-2.0132,52.4622],[-2.0132,52.4621],[-2.0324,52.4609],[-2.045,52.4528],[-2.0501,52.4595],[-2.0475,52.4675],[-2.0417,52.4736],[-2.0229,52.4803],[-2.0185,52.4744]]]}},{"type":"Feature","properties":{"cd":"E05011387","nm":"Bramley & Stanningley"},"geometry":{"type":"Polygon","coordinates":[[[-1.6533,53.8279],[-1.6326,53.828],[-1.6153,53.8213],[-1.61,53.8145],[-1.6221,53.812],[-1.6163,53.8083],[-1.6194,53.8058],[-1.6371,53.8053],[-1.6669,53.805],[-1.6621,53.8158],[-1.6515,53.8251],[-1.6533,53.8279]]]}},{"type":"Feature","properties":{"cd":"E05011397","nm":"Headingley & Hyde Park"},"geometry":{"type":"Polygon","coordinates":[[[-1.548,53.8161],[-1.5527,53.8143],[-1.5505,53.8111],[-1.5561,53.8106],[-1.5622,53.8143],[-1.5686,53.8065],[-1.5759,53.8087],[-1.5895,53.8169],[-1.5886,53.8223],[-1.5689,53.8238],[-1.548,53.8161]]]}},{"type":"Feature","properties":{"cd":"KIR:crosland-moor","nm":"Crosland Moor"},"geometry":{"type":"Polygon","coordinates":[[[-1.7962,53.61],[-1.8293,53.6081],[-1.8345,53.6145],[-1.84,53.6279],[-1.815,53.6394],[-1.7984,53.6416],[-1.7927,53.6348],[-1.8045,53.6272],[-1.8065,53.6187],[-1.7979,53.6151],[-1.7962,53.61]]]}},{"type":"Feature","properties":{"cd":"GAT:bridges","nm":"Bridges"},"geometry":{"type":"Polygon","coordinates":[[[-1.5788,54.9638],[-1.5851,54.9537],[-1.5997,54.9541],[-1.6077,54.9545],[-1.6127,54.9579],[-1.6074,54.961],[-1.6154,54.9604],[-1.6159,54.9621],[-1.6152,54.9623],[-1.5944,54.9698],[-1.5938,54.9698],[-1.5789,54.9638],[-1.5788,54.9638]]]}},{"type":"Feature","properties":{"cd":"GAT:deckham","nm":"Deckham"},"geometry":{"type":"Polygon","coordinates":[[[-1.5851,54.9537],[-1.5836,54.9506],[-1.5745,54.95],[-1.5782,54.9466],[-1.5834,54.9413],[-1.587,54.94],[-1.592,54.9469],[-1.5996,54.9434],[-1.5997,54.9541],[-1.5851,54.9537]]]}},{"type":"Feature","properties":{"cd":"GAT:pelaw-heworth-and-bill-quay","nm":"Pelaw, Heworth & Bill Quay"},"geometry":{"type":"MultiPolygon","coordinates":[[[[-1.5503,54.9608],[-1.554,54.96],[-1.5552,54.9605],[-1.5503,54.9608]]],[[[-1.5293,54.9634],[-1.5307,54.958],[-1.519,54.9593],[-1.5163,54.955],[-1.5376,54.9532],[-1.535,54.9466],[-1.548,54.9411],[-1.5609,54.9453],[-1.554,54.9499],[-1.561,54.9536],[-1.5579,54.9595],[-1.5524,54.958],[-1.5382,54.9607],[-1.5344,54.9649],[-1.5293,54.9634]]]]}},{"type":"Feature","properties":{"cd":"E05013507","nm":"Queens Park"},"geometry":{"type":"Polygon","coordinates":[[[-0.203,51.5329],[-0.2031,51.5329],[-0.2153,51.5314],[-0.216,51.5279],[-0.2284,51.5303],[-0.2338,51.5323],[-0.2256,51.5333],[-0.2268,51.5365],[-0.2186,51.5394],[-0.215,51.5371],[-0.2077,51.5426],[-0.1993,51.535],[-0.203,51.5329]]]}},{"type":"Feature","properties":{"cd":"E58001782","nm":"Andover West"},"geometry":{"type":"MultiPolygon","coordinates":[[[[-1.4333,51.2365],[-1.4275,51.2331],[-1.4276,51.227],[-1.4654,51.2201],[-1.4763,51.2184],[-1.4792,51.2297],[-1.472,51.2321],[-1.4723,51.2371],[-1.4626,51.2348],[-1.4611,51.2275],[-1.4333,51.2365]]],[[[-1.4763,51.2184],[-1.4866,51.2143],[-1.5019,51.2082],[-1.5242,51.2131],[-1.5165,51.2189],[-1.4922,51.218],[-1.4927,51.2255],[-1.4792,51.2297],[-1.4763,51.2184]]],[[[-1.4824,51.2059],[-1.4925,51.2042],[-1.4945,51.1972],[-1.513,51.2058],[-1.5326,51.2051],[-1.5316,51.2099],[-1.5242,51.2131],[-1.5019,51.2082],[-1.4866,51.2143],[-1.4824,51.2059]]],[[[-1.444,51.2002],[-1.4438,51.2],[-1.453,51.2005],[-1.4677,51.2056],[-1.4824,51.2059],[-1.4866,51.2143],[-1.4763,51.2184],[-1.4654,51.2201],[-1.444,51.2002]]],[[[-1.453,51.2005],[-1.4814,51.1946],[-1.4945,51.1972],[-1.4925,51.2042],[-1.4824,51.2059],[-1.4677,51.2056],[-1.453,51.2005]]]]}},{"type":"Feature","properties":{"cd":"E05002218","nm":"Milton"},"geometry":{"type":"Polygon","coordinates":[[[0.7176,51.5403],[0.7185,51.5327],[0.6904,51.5351],[0.693,51.5436],[0.701,51.5399],[0.7176,51.5403]]]}},{"type":"Feature","properties":{"cd":"E05002220","nm":"St Laurence"},"geometry":{"type":"Polygon","coordinates":[[[0.705,51.5671],[0.708,51.5568],[0.6745,51.5626],[0.6659,51.5629],[0.6619,51.5679],[0.6669,51.5687],[0.6678,51.5722],[0.705,51.5671]]]}},{"type":"Feature","properties":{"cd":"E05002225","nm":"Victoria"},"geometry":{"type":"Polygon","coordinates":[[[0.7225,51.5435],[0.7176,51.5403],[0.701,51.5399],[0.693,51.5436],[0.6924,51.5439],[0.6975,51.545],[0.7108,51.55],[0.7214,51.55],[0.7225,51.5435]]]}},{"type":"Feature","properties":{"cd":"E05015798","nm":"Wescott"},"geometry":{"type":"Polygon","coordinates":[[[-0.7967,51.4145],[-0.7925,51.4088],[-0.8018,51.4075],[-0.8329,51.4032],[-0.829,51.3999],[-0.8366,51.399],[-0.8327,51.3904],[-0.8429,51.3868],[-0.8473,51.388],[-0.8391,51.4038],[-0.8409,51.4077],[-0.8364,51.4117],[-0.8202,51.4113],[-0.809,51.4182],[-0.7967,51.4145]]]}},{"type":"Feature","properties":{"cd":"NET:monument","nm":"Monument"},"geometry":{"type":"Polygon","coordinates":[[[-1.6126,54.9829],[-1.603,54.9792],[-1.6002,54.9702],[-1.6205,54.9624],[-1.6205,54.9624],[-1.6243,54.9656],[-1.6345,54.9633],[-1.6295,54.9717],[-1.6227,54.9713],[-1.6212,54.9736],[-1.6265,54.9758],[-1.6252,54.9832],[-1.6126,54.9829]]]}},{"type":"Feature","properties":{"cd":"NET:newbiggin-hall-and-callerton","nm":"Newbiggin Hall & Callerton"},"geometry":{"type":"Polygon","coordinates":[[[-1.6604,55.0123],[-1.6688,55.0054],[-1.6791,54.9967],[-1.6982,55.0029],[-1.7003,55.0113],[-1.6808,55.0099],[-1.6749,55.0138],[-1.6585,55.014],[-1.6604,55.0123]]]}},{"type":"Feature","properties":{"cd":"E05010862","nm":"City"},"geometry":{"type":"Polygon","coordinates":[[[-1.4598,53.3881],[-1.4539,53.3852],[-1.4591,53.3839],[-1.4616,53.3744],[-1.4633,53.3684],[-1.4686,53.3648],[-1.4726,53.3716],[-1.4775,53.3707],[-1.4791,53.3741],[-1.4824,53.3762],[-1.4777,53.3773],[-1.4841,53.3788],[-1.4842,53.3821],[-1.4753,53.3851],[-1.4798,53.3906],[-1.4753,53.3939],[-1.4598,53.3881]]]}},{"type":"Feature","properties":{"cd":"E05013756","nm":"Carshalton Central"},"geometry":{"type":"Polygon","coordinates":[[[-0.1555,51.3592],[-0.1592,51.3586],[-0.1736,51.358],[-0.1879,51.3604],[-0.1786,51.3616],[-0.1811,51.3698],[-0.1711,51.3715],[-0.1674,51.3682],[-0.1596,51.3715],[-0.1555,51.3592]]]}},{"type":"Feature","properties":{"cd":"E05014837","nm":"Westhoughton South"},"geometry":{"type":"Polygon","coordinates":[[[-2.5073,53.5378],[-2.5102,53.5341],[-2.5155,53.5358],[-2.5158,53.5293],[-2.5289,53.5231],[-2.5337,53.523],[-2.5365,53.5278],[-2.5537,53.5362],[-2.5618,53.5389],[-2.5581,53.5445],[-2.5238,53.5556],[-2.526,53.5489],[-2.5198,53.5484],[-2.5161,53.5395],[-2.5073,53.5378]]]}},{"type":"Feature","properties":{"cd":"E05015877","nm":"Preston with Preston Grange"},"geometry":{"type":"Polygon","coordinates":[[[-1.456,55.0263],[-1.4498,55.0147],[-1.4484,55.0107],[-1.4601,55.0078],[-1.469,55.0153],[-1.4638,55.02],[-1.468,55.0198],[-1.4727,55.0255],[-1.4631,55.0289],[-1.4612,55.0296],[-1.456,55.0263]]]}},{"type":"Feature","properties":{"cd":"E05015879","nm":"St Mary's"},"geometry":{"type":"Polygon","coordinates":[[[-1.4504,55.0536],[-1.4746,55.0469],[-1.4706,55.0424],[-1.4769,55.0402],[-1.4859,55.0435],[-1.491,55.0393],[-1.5048,55.0403],[-1.5056,55.0409],[-1.5073,55.0484],[-1.493,55.0544],[-1.4878,55.0536],[-1.4913,55.0659],[-1.4796,55.0672],[-1.4707,55.0745],[-1.462,55.0746],[-1.4618,55.0743],[-1.4561,55.072],[-1.4562,55.0709],[-1.4559,55.0711],[-1.4559,55.0708],[-1.4541,55.0712],[-1.4514,55.0701],[-1.4551,55.0641],[-1.4504,55.0537],[-1.4504,55.0536]]]}},{"type":"Feature","properties":{"cd":"E05014038","nm":"Healey"},"geometry":{"type":"Polygon","coordinates":[[[-2.1445,53.6396],[-2.1413,53.633],[-2.1447,53.629],[-2.1625,53.625],[-2.1793,53.6262],[-2.1792,53.6312],[-2.1863,53.6363],[-2.1854,53.6382],[-2.1611,53.6422],[-2.1458,53.6418],[-2.1445,53.6396]]]}},{"type":"Feature","properties":{"cd":"NET:arthurs-hill","nm":"Arthur's Hill"},"geometry":{"type":"Polygon","coordinates":[[[-1.6295,54.9717],[-1.6439,54.974],[-1.6412,54.9826],[-1.6339,54.98],[-1.6252,54.9832],[-1.6265,54.9758],[-1.6212,54.9736],[-1.6227,54.9713],[-1.6295,54.9717]]]}},{"type":"Feature","properties":{"cd":"E05011132","nm":"Castle Vale"},"geometry":{"type":"Polygon","coordinates":[[[-1.7917,52.5092],[-1.7966,52.5093],[-1.8006,52.5191],[-1.7897,52.5256],[-1.7839,52.5279],[-1.7719,52.519],[-1.7917,52.5092]]]}},{"type":"Feature","properties":{"cd":"E05014820","nm":"Breightmet"},"geometry":{"type":"Polygon","coordinates":[[[-2.374,53.5715],[-2.401,53.5747],[-2.4006,53.5923],[-2.3769,53.5933],[-2.374,53.5715]]]}},{"type":"Feature","properties":{"cd":"E05014821","nm":"Bromley Cross"},"geometry":{"type":"Polygon","coordinates":[[[-2.4054,53.6251],[-2.4011,53.6181],[-2.405,53.6116],[-2.4097,53.6113],[-2.4056,53.6035],[-2.4085,53.6009],[-2.4185,53.6016],[-2.4218,53.6031],[-2.4161,53.6093],[-2.4346,53.6148],[-2.4422,53.6247],[-2.4507,53.6278],[-2.4503,53.6414],[-2.4387,53.6461],[-2.4261,53.635],[-2.4259,53.6259],[-2.4199,53.6236],[-2.4054,53.6251]]]}},{"type":"Feature","properties":{"cd":"E05014824","nm":"Great Lever"},"geometry":{"type":"Polygon","coordinates":[[[-2.4035,53.5672],[-2.4066,53.5627],[-2.4037,53.5592],[-2.409,53.5596],[-2.4105,53.5566],[-2.4294,53.56],[-2.4277,53.5568],[-2.4383,53.5521],[-2.4502,53.554],[-2.4462,53.5617],[-2.4364,53.5665],[-2.4159,53.5714],[-2.4035,53.5672]]]}},{"type":"Feature","properties":{"cd":"E05014825","nm":"Halliwell"},"geometry":{"type":"Polygon","coordinates":[[[-2.4239,53.594],[-2.4183,53.5869],[-2.422,53.5798],[-2.4273,53.5848],[-2.4441,53.5842],[-2.4524,53.5885],[-2.4529,53.5954],[-2.4465,53.5984],[-2.4268,53.5966],[-2.4239,53.594]]]}},{"type":"Feature","properties":{"cd":"E05014826","nm":"Heaton, Lostock & Chew Moor"},"geometry":{"type":"Polygon","coordinates":[[[-2.4577,53.58],[-2.4516,53.5761],[-2.4555,53.5737],[-2.4643,53.574],[-2.4614,53.5685],[-2.4647,53.5672],[-2.4773,53.5651],[-2.4758,53.5617],[-2.497,53.558],[-2.5207,53.565],[-2.5185,53.5721],[-2.5198,53.5832],[-2.4995,53.586],[-2.4625,53.5887],[-2.4577,53.58]]]}},{"type":"Feature","properties":{"cd":"NET:kenton","nm":"Kenton"},"geometry":{"type":"Polygon","coordinates":[[[-1.6387,55.0023],[-1.6426,54.9966],[-1.657,54.9984],[-1.6594,55.0024],[-1.6671,55.0017],[-1.6688,55.0054],[-1.6604,55.0123],[-1.6449,55.0107],[-1.6387,55.0023]]]}},{"type":"Feature","properties":{"cd":"NET:ouseburn","nm":"Ouseburn"},"geometry":{"type":"MultiPolygon","coordinates":[[[[-1.5938,54.9698],[-1.5944,54.9698],[-1.5941,54.9699],[-1.5938,54.9698]]],[[[-1.5887,54.9706],[-1.6002,54.9702],[-1.603,54.9792],[-1.5916,54.9818],[-1.5819,54.9839],[-1.5805,54.9803],[-1.593,54.9765],[-1.5887,54.9706]]]]}},{"type":"Feature","properties":{"cd":"SND:southwick","nm":"Southwick"},"geometry":{"type":"Polygon","coordinates":[[[-1.3837,54.923],[-1.383,54.9099],[-1.3916,54.9118],[-1.3952,54.9172],[-1.4059,54.9138],[-1.4181,54.9172],[-1.4281,54.916],[-1.4257,54.9224],[-1.4068,54.9261],[-1.4125,54.9358],[-1.4048,54.9379],[-1.3924,54.9339],[-1.3867,54.9225],[-1.3837,54.923]]]}},{"type":"Feature","properties":{"cd":"SND:washington-central","nm":"Washington Central"},"geometry":{"type":"Polygon","coordinates":[[[-1.5148,54.9056],[-1.508,54.8935],[-1.531,54.8882],[-1.5401,54.8885],[-1.5354,54.896],[-1.5384,54.9019],[-1.5258,54.906],[-1.5148,54.9056]]]}},{"type":"Feature","properties":{"cd":"SND:washington-east","nm":"Washington East"},"geometry":{"type":"Polygon","coordinates":[[[-1.4582,54.9044],[-1.4598,54.8994],[-1.4631,54.8986],[-1.4671,54.9035],[-1.4734,54.9032],[-1.4844,54.8937],[-1.5009,54.8871],[-1.4993,54.8809],[-1.5065,54.8711],[-1.5196,54.8759],[-1.5329,54.8771],[-1.545,54.8832],[-1.5288,54.885],[-1.531,54.8882],[-1.508,54.8935],[-1.5148,54.9056],[-1.461,54.9092],[-1.4582,54.9044]]]}},{"type":"Feature","properties":{"cd":"SND:washington-south","nm":"Washington South"},"geometry":{"type":"Polygon","coordinates":[[[-1.5384,54.9019],[-1.5354,54.896],[-1.5401,54.8885],[-1.531,54.8882],[-1.5288,54.885],[-1.545,54.8832],[-1.5329,54.8771],[-1.5416,54.8735],[-1.5619,54.8757],[-1.5594,54.882],[-1.5561,54.8848],[-1.5582,54.9027],[-1.5628,54.9051],[-1.5587,54.9065],[-1.5493,54.9016],[-1.5384,54.9019]]]}},{"type":"Feature","properties":{"cd":"SND:washington-west","nm":"Washington West"},"geometry":{"type":"Polygon","coordinates":[[[-1.5258,54.906],[-1.5384,54.9019],[-1.5493,54.9016],[-1.5587,54.9065],[-1.5689,54.9246],[-1.5567,54.93],[-1.5533,54.9277],[-1.5431,54.9314],[-1.5273,54.9331],[-1.5232,54.9294],[-1.5322,54.922],[-1.5352,54.913],[-1.5305,54.9131],[-1.5258,54.906]]]}},{"type":"Feature","properties":{"cd":"E05010847","nm":"Hawkwell West"},"geometry":{"type":"Polygon","coordinates":[[[0.6989,51.5848],[0.6804,51.5904],[0.6408,51.5911],[0.6376,51.5941],[0.6436,51.5936],[0.6432,51.5965],[0.6483,51.5939],[0.6694,51.6022],[0.6858,51.6038],[0.6989,51.5848]]]}},{"type":"Feature","properties":{"cd":"E05010849","nm":"Hockley & Ashingdon"},"geometry":{"type":"Polygon","coordinates":[[[0.7102,51.6338],[0.6993,51.619],[0.7015,51.6136],[0.7075,51.6137],[0.7125,51.6012],[0.6964,51.5982],[0.6892,51.6099],[0.6822,51.6074],[0.6858,51.6038],[0.6694,51.6022],[0.6602,51.6034],[0.659,51.6096],[0.653,51.6079],[0.6525,51.6194],[0.6659,51.6232],[0.6579,51.6285],[0.6568,51.6352],[0.7102,51.6338]]]}},{"type":"Feature","properties":{"cd":"E05010848","nm":"Hockley"},"geometry":{"type":"Polygon","coordinates":[[[0.6694,51.6022],[0.6483,51.5939],[0.6432,51.5965],[0.6436,51.5936],[0.6376,51.5941],[0.6202,51.5968],[0.617,51.6012],[0.6297,51.6057],[0.6272,51.6172],[0.6525,51.6194],[0.653,51.6079],[0.659,51.6096],[0.6602,51.6034],[0.6694,51.6022]]]}},{"type":"Feature","properties":{"cd":"E05010850","nm":"Hullbridge"},"geometry":{"type":"Polygon","coordinates":[[[0.6568,51.6352],[0.6579,51.6285],[0.6659,51.6232],[0.6525,51.6194],[0.6272,51.6172],[0.6297,51.6057],[0.617,51.6012],[0.6125,51.6026],[0.6088,51.6106],[0.6052,51.6296],[0.6062,51.6293],[0.6053,51.629],[0.6068,51.6291],[0.6073,51.629],[0.6087,51.6293],[0.6372,51.6317],[0.6475,51.6299],[0.6469,51.6334],[0.6516,51.6359],[0.6571,51.6331],[0.6568,51.6352],[0.6568,51.6352]]]}},{"type":"Feature","properties":{"cd":"E05011002","nm":"St Bartholomew"},"geometry":{"type":"Polygon","coordinates":[[[-1.2977,51.0756],[-1.2891,51.0742],[-1.2898,51.0641],[-1.2802,51.0641],[-1.2824,51.0614],[-1.2894,51.0614],[-1.3049,51.0629],[-1.3079,51.061],[-1.3073,51.0642],[-1.3158,51.0661],[-1.3195,51.0637],[-1.3206,51.0725],[-1.3213,51.0754],[-1.3125,51.0796],[-1.2977,51.0756]]]}},{"type":"Feature","properties":{"cd":"E05011008","nm":"Upper Meon Valley"},"geometry":{"type":"Polygon","coordinates":[[[-1.095,51.0637],[-1.0889,51.0607],[-1.0907,51.0549],[-1.0817,51.0464],[-1.0673,51.0476],[-1.0622,51.0445],[-1.0538,51.0472],[-1.0738,51.034],[-1.0728,51.0313],[-1.0649,51.0309],[-1.0623,51.0201],[-1.0688,51.0086],[-1.0695,50.9937],[-1.0634,50.9777],[-1.068,50.9741],[-1.0757,50.978],[-1.0913,50.9652],[-1.0874,50.9626],[-1.0912,50.9516],[-1.1039,50.9542],[-1.0983,50.9601],[-1.1001,50.9632],[-1.1301,50.9642],[-1.1293,50.9737],[-1.1522,50.9745],[-1.1593,50.9776],[-1.1789,50.9751],[-1.1871,50.9764],[-1.1942,50.9845],[-1.1917,50.9887],[-1.1977,50.9906],[-1.2089,50.9857],[-1.2157,50.9876],[-1.228,50.9834],[-1.2348,50.9731],[-1.2444,50.9672],[-1.2406,50.9641],[-1.2434,50.9592],[-1.27,50.9655],[-1.2582,50.9783],[-1.2666,50.9802],[-1.2721,50.9791],[-1.2754,50.9739],[-1.2934,50.9741],[-1.2932,50.9837],[-1.2848,50.9922],[-1.288,50.997],[-1.298,51.0006],[-1.2892,51.0129],[-1.28,51.0165],[-1.2823,51.0235],[-1.2768,51.0276],[-1.2847,51.0436],[-1.2923,51.0446],[-1.2938,51.0532],[-1.2899,51.0533],[-1.2894,51.0614],[-1.2824,51.0614],[-1.2802,51.0641],[-1.2898,51.0641],[-1.2891,51.0742],[-1.2784,51.0719],[-1.2801,51.0672],[-1.2763,51.0635],[-1.2619,51.0647],[-1.2496,51.0547],[-1.2534,51.0486],[-1.2448,51.0451],[-1.2382,51.033],[-1.2086,51.0528],[-1.1966,51.0748],[-1.1841,51.0872],[-1.1812,51.0816],[-1.1576,51.0792],[-1.1583,51.0685],[-1.1515,51.0658],[-1.1292,51.0664],[-1.1239,51.0621],[-1.1178,51.0629],[-1.118,51.0602],[-1.095,51.0637]]]}},{"type":"Feature","properties":{"cd":"E05011009","nm":"Whiteley & Shedfield"},"geometry":{"type":"Polygon","coordinates":[[[-1.2153,50.9358],[-1.2123,50.9352],[-1.2143,50.9316],[-1.223,50.9234],[-1.2131,50.9277],[-1.2008,50.9246],[-1.1997,50.9279],[-1.1843,50.9308],[-1.169,50.9228],[-1.1725,50.9185],[-1.1823,50.9193],[-1.1994,50.9089],[-1.2065,50.9076],[-1.2174,50.9109],[-1.2331,50.9063],[-1.2332,50.9032],[-1.238,50.9036],[-1.2299,50.902],[-1.2163,50.8905],[-1.2165,50.8841],[-1.2358,50.8713],[-1.2327,50.8699],[-1.2366,50.8638],[-1.2535,50.8724],[-1.2553,50.8749],[-1.2547,50.887],[-1.2652,50.8979],[-1.256,50.9035],[-1.262,50.9037],[-1.2612,50.903],[-1.2688,50.9097],[-1.2642,50.9205],[-1.2672,50.9293],[-1.2353,50.9396],[-1.2307,50.9347],[-1.2153,50.9358]]]}},{"type":"Feature","properties":{"cd":"E05011010","nm":"Wonston & Micheldever"},"geometry":{"type":"Polygon","coordinates":[[[-1.2486,51.1911],[-1.2279,51.1905],[-1.2066,51.1807],[-1.2012,51.1856],[-1.1903,51.1838],[-1.1929,51.1794],[-1.1817,51.1752],[-1.1856,51.164],[-1.2144,51.1588],[-1.2133,51.1519],[-1.2037,51.1502],[-1.2046,51.1417],[-1.2137,51.1429],[-1.2204,51.1478],[-1.2211,51.1438],[-1.238,51.1415],[-1.234,51.1342],[-1.2409,51.1221],[-1.2654,51.1243],[-1.2874,51.1206],[-1.3072,51.1175],[-1.3574,51.1168],[-1.3335,51.0889],[-1.3525,51.0707],[-1.3581,51.0669],[-1.3693,51.0647],[-1.3735,51.0603],[-1.4155,51.0627],[-1.4101,51.0767],[-1.4158,51.0771],[-1.412,51.0856],[-1.4145,51.0957],[-1.43,51.0944],[-1.4312,51.0981],[-1.4363,51.0979],[-1.4363,51.112],[-1.4314,51.1168],[-1.4176,51.1097],[-1.4142,51.113],[-1.4116,51.1107],[-1.4048,51.1124],[-1.4072,51.1205],[-1.3803,51.1241],[-1.3702,51.1291],[-1.3778,51.1363],[-1.3641,51.1497],[-1.3482,51.1555],[-1.3477,51.1595],[-1.3369,51.1591],[-1.3372,51.1674],[-1.3286,51.1717],[-1.331,51.174],[-1.3088,51.1947],[-1.2989,51.197],[-1.2927,51.1944],[-1.2874,51.1962],[-1.2486,51.1911]]]}},{"type":"Feature","properties":{"cd":"E05014141","nm":"Brockhurst & Privett"},"geometry":{"type":"Polygon","coordinates":[[[-1.1528,50.8066],[-1.1487,50.8011],[-1.1494,50.793],[-1.1681,50.7926],[-1.1628,50.8099],[-1.1571,50.8133],[-1.1528,50.8066]]]}},{"type":"Feature","properties":{"cd":"COV:bablake","nm":"Bablake"},"geometry":{"type":"Polygon","coordinates":[[[-1.5198,52.4534],[-1.5256,52.4516],[-1.5246,52.4487],[-1.5288,52.4493],[-1.5266,52.4455],[-1.5319,52.4425],[-1.5276,52.4387],[-1.5264,52.4423],[-1.5224,52.4424],[-1.5226,52.4354],[-1.5289,52.4285],[-1.5258,52.4253],[-1.5293,52.4187],[-1.5413,52.43],[-1.5516,52.4247],[-1.5487,52.4193],[-1.5551,52.4203],[-1.5703,52.4219],[-1.5739,52.4263],[-1.5801,52.4178],[-1.5847,52.4174],[-1.6003,52.4221],[-1.6022,52.4161],[-1.6111,52.4223],[-1.6065,52.4254],[-1.6145,52.428],[-1.6114,52.4321],[-1.6065,52.431],[-1.6083,52.4388],[-1.5952,52.4399],[-1.5955,52.4559],[-1.5949,52.4607],[-1.5899,52.4619],[-1.5612,52.4552],[-1.5514,52.457],[-1.5399,52.4648],[-1.5297,52.4571],[-1.5176,52.4568],[-1.5198,52.4534]]]}},{"type":"Feature","properties":{"cd":"E05014145","nm":"Harbourside & Town"},"geometry":{"type":"MultiPolygon","coordinates":[[[[-1.1241,50.7895],[-1.1249,50.7893],[-1.1244,50.7896],[-1.1241,50.7895]]],[[[-1.1166,50.7957],[-1.1187,50.7912],[-1.1283,50.7918],[-1.1269,50.7893],[-1.1307,50.7888],[-1.1362,50.7903],[-1.134,50.7888],[-1.1395,50.7898],[-1.1398,50.7923],[-1.1291,50.7949],[-1.1292,50.7979],[-1.1218,50.7996],[-1.1214,50.7993],[-1.1172,50.7962],[-1.1166,50.7957]]]]}},{"type":"Feature","properties":{"cd":"COV:binley-and-willenhall","nm":"Binley & Willenhall"},"geometry":{"type":"Polygon","coordinates":[[[-1.4322,52.3959],[-1.445,52.3864],[-1.4631,52.3797],[-1.4629,52.3764],[-1.4822,52.3904],[-1.472,52.3936],[-1.4604,52.4046],[-1.4456,52.4028],[-1.4322,52.3959]]]}},{"type":"Feature","properties":{"cd":"COV:cheylesmore","nm":"Cheylesmore"},"geometry":{"type":"Polygon","coordinates":[[[-1.4867,52.3962],[-1.472,52.3936],[-1.4822,52.3904],[-1.4629,52.3764],[-1.4612,52.3752],[-1.464,52.3733],[-1.4666,52.3772],[-1.4804,52.3743],[-1.4823,52.3771],[-1.5045,52.3778],[-1.5094,52.3788],[-1.5004,52.3837],[-1.5155,52.3911],[-1.5158,52.4011],[-1.4867,52.3962]]]}},{"type":"Feature","properties":{"cd":"E05013359","nm":"Bembridge"},"geometry":{"type":"Polygon","coordinates":[[[-1.109,50.6655],[-1.1284,50.6719],[-1.1432,50.6731],[-1.1388,50.6775],[-1.1375,50.6756],[-1.1286,50.6786],[-1.1085,50.6939],[-1.108,50.6939],[-1.1083,50.6935],[-1.0983,50.6905],[-1.0955,50.6937],[-1.0948,50.6944],[-1.0936,50.6958],[-1.0838,50.6946],[-1.0819,50.6942],[-1.0707,50.6879],[-1.0698,50.6839],[-1.0947,50.672],[-1.0976,50.6658],[-1.0981,50.6652],[-1.1089,50.6655],[-1.109,50.6655]]]}},{"type":"Feature","properties":{"cd":"E05014521","nm":"Ashton Waterloo"},"geometry":{"type":"Polygon","coordinates":[[[-2.0772,53.5203],[-2.0775,53.5148],[-2.0895,53.5087],[-2.0966,53.5085],[-2.0952,53.4972],[-2.0889,53.4968],[-2.0922,53.4946],[-2.0996,53.4918],[-2.1184,53.4917],[-2.126,53.499],[-2.1197,53.5057],[-2.1163,53.5063],[-2.1033,53.5097],[-2.0921,53.5206],[-2.0772,53.5203]]]}},{"type":"Feature","properties":{"cd":"E05014528","nm":"Dukinfield"},"geometry":{"type":"Polygon","coordinates":[[[-2.0749,53.4808],[-2.0787,53.4765],[-2.0736,53.4718],[-2.0777,53.4665],[-2.0984,53.4636],[-2.1057,53.4651],[-2.1052,53.4684],[-2.1085,53.4727],[-2.1009,53.4816],[-2.0895,53.4846],[-2.0885,53.4819],[-2.0758,53.4827],[-2.0749,53.4808]]]}},{"type":"Feature","properties":{"cd":"E05014131","nm":"Rainhill"},"geometry":{"type":"Polygon","coordinates":[[[-2.7618,53.4251],[-2.752,53.4159],[-2.7403,53.4134],[-2.7385,53.4101],[-2.7285,53.4103],[-2.7387,53.4021],[-2.7344,53.4005],[-2.7452,53.4021],[-2.7868,53.4012],[-2.7857,53.415],[-2.7782,53.4163],[-2.7817,53.4209],[-2.7762,53.4267],[-2.7699,53.4241],[-2.7618,53.4251]]]}},{"type":"Feature","properties":{"cd":"COV:radford","nm":"Radford"},"geometry":{"type":"Polygon","coordinates":[[[-1.5051,52.4329],[-1.5126,52.4209],[-1.5057,52.4213],[-1.5092,52.4131],[-1.5149,52.4116],[-1.5167,52.4171],[-1.523,52.4135],[-1.5293,52.4187],[-1.5258,52.4253],[-1.5289,52.4285],[-1.5226,52.4354],[-1.5051,52.4329]]]}},{"type":"Feature","properties":{"cd":"E05014133","nm":"Sutton North West"},"geometry":{"type":"Polygon","coordinates":[[[-2.7022,53.4421],[-2.7083,53.4356],[-2.7078,53.4292],[-2.7244,53.4269],[-2.7248,53.4279],[-2.7228,53.4368],[-2.7154,53.4374],[-2.7106,53.4454],[-2.7026,53.4446],[-2.7022,53.4421]]]}},{"type":"Feature","properties":{"cd":"E05014130","nm":"Rainford"},"geometry":{"type":"Polygon","coordinates":[[[-2.7304,53.5206],[-2.723,53.51],[-2.7317,53.5073],[-2.7373,53.501],[-2.7294,53.4927],[-2.7394,53.4838],[-2.7509,53.4799],[-2.7431,53.471],[-2.767,53.4696],[-2.7666,53.475],[-2.7948,53.4796],[-2.8145,53.4762],[-2.8168,53.4779],[-2.825,53.4852],[-2.8199,53.4965],[-2.8225,53.5051],[-2.8166,53.5123],[-2.7947,53.5212],[-2.7824,53.5314],[-2.7689,53.5136],[-2.7598,53.5125],[-2.7304,53.5206]]]}},{"type":"Feature","properties":{"cd":"COV:wainbody","nm":"Wainbody"},"geometry":{"type":"Polygon","coordinates":[[[-1.5473,52.3905],[-1.528,52.3839],[-1.5197,52.3879],[-1.5161,52.3798],[-1.5094,52.3788],[-1.5045,52.3778],[-1.5137,52.369],[-1.5247,52.3794],[-1.5355,52.3776],[-1.5457,52.3693],[-1.5419,52.3666],[-1.5556,52.365],[-1.555,52.3744],[-1.5626,52.3769],[-1.5678,52.3848],[-1.5695,52.3917],[-1.5473,52.3905]]]}},{"type":"Feature","properties":{"cd":"COV:whoberley","nm":"Whoberley"},"geometry":{"type":"Polygon","coordinates":[[[-1.5551,52.4203],[-1.5486,52.4125],[-1.5368,52.4082],[-1.5278,52.4085],[-1.5257,52.4039],[-1.5411,52.4006],[-1.5526,52.4074],[-1.5591,52.407],[-1.5703,52.4219],[-1.5551,52.4203]]]}},{"type":"Feature","properties":{"cd":"E05011004","nm":"St Michael"},"geometry":{"type":"Polygon","coordinates":[[[-1.2894,51.0614],[-1.2899,51.0533],[-1.2938,51.0532],[-1.2923,51.0446],[-1.3018,51.0467],[-1.3156,51.0436],[-1.3198,51.0398],[-1.3269,51.0402],[-1.3264,51.0501],[-1.3242,51.0556],[-1.3195,51.0637],[-1.3158,51.0661],[-1.3073,51.0642],[-1.3079,51.061],[-1.3049,51.0629],[-1.2894,51.0614]]]}},{"type":"Feature","properties":{"cd":"E05011005","nm":"St Paul"},"geometry":{"type":"Polygon","coordinates":[[[-1.3195,51.0637],[-1.3242,51.0556],[-1.3402,51.0582],[-1.3438,51.0546],[-1.3522,51.0579],[-1.3581,51.0669],[-1.3525,51.0707],[-1.3418,51.0677],[-1.3336,51.0715],[-1.3294,51.0695],[-1.3206,51.0725],[-1.3195,51.0637]]]}},{"type":"Feature","properties":{"cd":"E05011401","nm":"Kippax & Methley"},"geometry":{"type":"Polygon","coordinates":[[[-1.3149,53.8096],[-1.3138,53.7816],[-1.3038,53.7751],[-1.3068,53.773],[-1.2964,53.7719],[-1.2904,53.7631],[-1.2967,53.759],[-1.2949,53.7555],[-1.3122,53.7559],[-1.3154,53.7437],[-1.302,53.7417],[-1.3082,53.7391],[-1.3136,53.741],[-1.3231,53.7348],[-1.3401,53.7364],[-1.372,53.7296],[-1.3945,53.7238],[-1.399,53.7194],[-1.4122,53.7231],[-1.4283,53.7214],[-1.4346,53.7257],[-1.4271,53.7265],[-1.4158,53.7347],[-1.4198,53.7447],[-1.4071,53.7411],[-1.3937,53.7475],[-1.3887,53.745],[-1.3851,53.7471],[-1.3883,53.7596],[-1.3826,53.7613],[-1.3892,53.7671],[-1.3931,53.78],[-1.3739,53.7799],[-1.3742,53.7823],[-1.3493,53.7793],[-1.3448,53.8085],[-1.3312,53.8126],[-1.3149,53.8096]]]}},{"type":"Feature","properties":{"cd":"E05011403","nm":"Little London & Woodhouse"},"geometry":{"type":"Polygon","coordinates":[[[-1.528,53.8102],[-1.5286,53.8046],[-1.5335,53.7998],[-1.5309,53.7967],[-1.5587,53.797],[-1.5591,53.7944],[-1.5656,53.7942],[-1.5779,53.8024],[-1.5759,53.8087],[-1.5686,53.8065],[-1.5622,53.8143],[-1.5561,53.8106],[-1.5505,53.8111],[-1.5527,53.8143],[-1.548,53.8161],[-1.5361,53.8076],[-1.5344,53.8108],[-1.528,53.8102]]]}},{"type":"Feature","properties":{"cd":"E05011007","nm":"The Worthys"},"geometry":{"type":"Polygon","coordinates":[[[-1.2977,51.0756],[-1.3125,51.0796],[-1.3213,51.0754],[-1.3335,51.0889],[-1.3574,51.1168],[-1.3072,51.1175],[-1.2874,51.1206],[-1.2787,51.1],[-1.2869,51.0943],[-1.287,51.0884],[-1.297,51.0868],[-1.2977,51.0756]]]}},{"type":"Feature","properties":{"cd":"E05014135","nm":"Thatto Heath"},"geometry":{"type":"Polygon","coordinates":[[[-2.7228,53.4368],[-2.7248,53.4279],[-2.7531,53.4283],[-2.7618,53.4251],[-2.7699,53.4241],[-2.7762,53.4267],[-2.782,53.4286],[-2.7671,53.4343],[-2.778,53.4345],[-2.7742,53.4388],[-2.7709,53.4366],[-2.7482,53.442],[-2.7405,53.4461],[-2.7228,53.4368]]]}},{"type":"Feature","properties":{"cd":"SOL:blythe","nm":"Blythe"},"geometry":{"type":"Polygon","coordinates":[[[-1.8454,52.3994],[-1.8038,52.3888],[-1.7925,52.3941],[-1.772,52.3918],[-1.8042,52.3628],[-1.8079,52.3666],[-1.8351,52.3673],[-1.8429,52.3651],[-1.872,52.3676],[-1.8668,52.3727],[-1.8614,52.3838],[-1.8456,52.3994],[-1.8454,52.3994]]]}},{"type":"Feature","properties":{"cd":"SOL:castle-bromwich","nm":"Castle Bromwich"},"geometry":{"type":"Polygon","coordinates":[[[-1.7535,52.513],[-1.7591,52.5101],[-1.7524,52.5018],[-1.7558,52.4995],[-1.7878,52.5024],[-1.7993,52.5037],[-1.7917,52.5092],[-1.7685,52.5142],[-1.7535,52.513]]]}},{"type":"Feature","properties":{"cd":"SOL:chelmsley-wood","nm":"Chelmsley Wood"},"geometry":{"type":"Polygon","coordinates":[[[-1.7331,52.492],[-1.7153,52.4784],[-1.7252,52.4713],[-1.7344,52.4691],[-1.7313,52.4713],[-1.7376,52.4775],[-1.7466,52.4721],[-1.7486,52.4749],[-1.7374,52.4847],[-1.7443,52.4886],[-1.7356,52.4917],[-1.7332,52.4921],[-1.7331,52.492]]]}},{"type":"Feature","properties":{"cd":"SOL:shirley-south","nm":"Shirley South"},"geometry":{"type":"Polygon","coordinates":[[[-1.7925,52.3941],[-1.8038,52.3888],[-1.8454,52.3994],[-1.8423,52.4062],[-1.8346,52.4033],[-1.8231,52.4054],[-1.8097,52.4031],[-1.8006,52.4063],[-1.7924,52.4029],[-1.7982,52.3997],[-1.7925,52.3941]]]}},{"type":"Feature","properties":{"cd":"SOL:silhill","nm":"Silhill"},"geometry":{"type":"Polygon","coordinates":[[[-1.7811,52.4322],[-1.766,52.425],[-1.7573,52.4247],[-1.7629,52.4177],[-1.7572,52.4101],[-1.7611,52.4083],[-1.7681,52.4136],[-1.7797,52.4157],[-1.7874,52.4138],[-1.7991,52.4242],[-1.7985,52.43],[-1.7835,52.4329],[-1.7811,52.4322]]]}},{"type":"Feature","properties":{"cd":"SOL:st-alphege-with-monkspath-and-hillfield","nm":"St Alphege with Monkspath & Hillfield"},"geometry":{"type":"Polygon","coordinates":[[[-1.7611,52.4083],[-1.7597,52.4026],[-1.7725,52.3944],[-1.7703,52.3928],[-1.772,52.3918],[-1.7925,52.3941],[-1.7982,52.3997],[-1.7924,52.4029],[-1.8006,52.4063],[-1.8137,52.4207],[-1.7991,52.4242],[-1.7874,52.4138],[-1.7797,52.4157],[-1.7681,52.4136],[-1.7611,52.4083]]]}},{"type":"Feature","properties":{"cd":"E05014827","nm":"Horwich North"},"geometry":{"type":"Polygon","coordinates":[[[-2.5104,53.6264],[-2.517,53.6148],[-2.4775,53.6021],[-2.5038,53.6022],[-2.5082,53.5882],[-2.4995,53.586],[-2.5198,53.5832],[-2.5422,53.5927],[-2.5566,53.6037],[-2.5113,53.627],[-2.5104,53.6264]]]}},{"type":"Feature","properties":{"cd":"E05014162","nm":"Radcliffe West"},"geometry":{"type":"Polygon","coordinates":[[[-2.3338,53.5651],[-2.328,53.5583],[-2.315,53.5567],[-2.31,53.5532],[-2.3123,53.5498],[-2.318,53.5512],[-2.3249,53.5469],[-2.3442,53.5456],[-2.3736,53.5539],[-2.3667,53.5533],[-2.3622,53.5561],[-2.3583,53.5532],[-2.3573,53.5633],[-2.3364,53.5669],[-2.3338,53.5651]]]}},{"type":"Feature","properties":{"cd":"E05013020","nm":"Boothstown & Ellenbrook"},"geometry":{"type":"Polygon","coordinates":[[[-2.3814,53.486],[-2.3962,53.4794],[-2.4361,53.4719],[-2.4385,53.4924],[-2.4304,53.5047],[-2.4205,53.5068],[-2.4195,53.5122],[-2.4153,53.512],[-2.3699,53.513],[-2.3706,53.5054],[-2.3737,53.5083],[-2.3843,53.4999],[-2.3789,53.4907],[-2.3814,53.486]]]}},{"type":"Feature","properties":{"cd":"E05009322","nm":"Bromley South"},"geometry":{"type":"Polygon","coordinates":[[[-0.0081,51.5238],[-0.0216,51.5166],[-0.0273,51.5207],[-0.0239,51.5232],[-0.0078,51.5253],[-0.0081,51.5238]]]}},{"type":"Feature","properties":{"cd":"E05013026","nm":"Kersal & Broughton Park"},"geometry":{"type":"Polygon","coordinates":[[[-2.2452,53.5122],[-2.2503,53.508],[-2.2606,53.506],[-2.2647,53.5085],[-2.2739,53.5092],[-2.2788,53.5003],[-2.2904,53.5073],[-2.2908,53.512],[-2.2793,53.5159],[-2.257,53.5179],[-2.2452,53.5122]]]}},{"type":"Feature","properties":{"cd":"E05014993","nm":"Atherton North"},"geometry":{"type":"Polygon","coordinates":[[[-2.4902,53.5356],[-2.4511,53.5286],[-2.4541,53.5262],[-2.4719,53.5287],[-2.4725,53.5233],[-2.5008,53.5215],[-2.5051,53.5246],[-2.5088,53.5233],[-2.5106,53.5289],[-2.5158,53.5293],[-2.5155,53.5358],[-2.5102,53.5341],[-2.5073,53.5378],[-2.4902,53.5356]]]}},{"type":"Feature","properties":{"cd":"WLL:paddock","nm":"Paddock"},"geometry":{"type":"Polygon","coordinates":[[[-1.9445,52.5855],[-1.9484,52.5758],[-1.9381,52.576],[-1.9389,52.5692],[-1.9326,52.5593],[-1.9423,52.5608],[-1.9511,52.5568],[-1.9541,52.5622],[-1.9524,52.5646],[-1.9654,52.5706],[-1.9633,52.5734],[-1.974,52.5806],[-1.9694,52.5875],[-1.9656,52.5887],[-1.9582,52.5836],[-1.9504,52.5828],[-1.9445,52.5855]]]}},{"type":"Feature","properties":{"cd":"E05009324","nm":"Island Gardens"},"geometry":{"type":"Polygon","coordinates":[[[-0.0173,51.4935],[-0.0032,51.4913],[-0.003,51.4909],[-0.0065,51.4871],[-0.0164,51.4861],[-0.0244,51.4894],[-0.0262,51.4939],[-0.0173,51.4935]]]}},{"type":"Feature","properties":{"cd":"E05013025","nm":"Higher Irlam & Peel Green"},"geometry":{"type":"Polygon","coordinates":[[[-2.3621,53.4717],[-2.3691,53.4693],[-2.3933,53.4602],[-2.4075,53.4488],[-2.4096,53.4457],[-2.4164,53.4438],[-2.4356,53.4699],[-2.4361,53.4719],[-2.3962,53.4794],[-2.3814,53.486],[-2.3767,53.4876],[-2.3736,53.4764],[-2.3638,53.4793],[-2.3598,53.4774],[-2.3574,53.4745],[-2.3621,53.4717]]]}},{"type":"Feature","properties":{"cd":"COV:wyken","nm":"Wyken"},"geometry":{"type":"Polygon","coordinates":[[[-1.4324,52.4157],[-1.438,52.4098],[-1.431,52.4003],[-1.4322,52.3959],[-1.4456,52.4028],[-1.4604,52.4046],[-1.4605,52.4169],[-1.4743,52.4243],[-1.4696,52.422],[-1.462,52.4259],[-1.4499,52.4268],[-1.4452,52.4204],[-1.4324,52.4157]]]}},{"type":"Feature","properties":{"cd":"BRD:bradford-moor","nm":"Bradford Moor"},"geometry":{"type":"Polygon","coordinates":[[[-1.7099,53.7929],[-1.7099,53.7929],[-1.7323,53.7894],[-1.7308,53.7994],[-1.7233,53.8027],[-1.726,53.8053],[-1.708,53.8098],[-1.7066,53.8041],[-1.7013,53.8023],[-1.7099,53.7929]]]}},{"type":"Feature","properties":{"cd":"BRD:clayton-and-fairweather-green","nm":"Clayton & Fairweather Green"},"geometry":{"type":"Polygon","coordinates":[[[-1.7929,53.7988],[-1.7919,53.7952],[-1.7991,53.7938],[-1.8033,53.785],[-1.7991,53.7832],[-1.8073,53.7771],[-1.8129,53.7746],[-1.8205,53.777],[-1.8497,53.7727],[-1.852,53.7778],[-1.8428,53.7812],[-1.8351,53.7875],[-1.809,53.7919],[-1.8216,53.7967],[-1.8079,53.8046],[-1.7929,53.7988]]]}},{"type":"Feature","properties":{"cd":"BRD:eccleshill","nm":"Eccleshill"},"geometry":{"type":"Polygon","coordinates":[[[-1.7063,53.8292],[-1.708,53.8098],[-1.726,53.8053],[-1.7275,53.8067],[-1.723,53.8083],[-1.7369,53.8236],[-1.7336,53.8261],[-1.7314,53.8312],[-1.7204,53.8301],[-1.7156,53.8266],[-1.7122,53.8314],[-1.7063,53.8292]]]}},{"type":"Feature","properties":{"cd":"BRD:great-horton","nm":"Great Horton"},"geometry":{"type":"Polygon","coordinates":[[[-1.7804,53.7807],[-1.7727,53.7759],[-1.778,53.7716],[-1.7831,53.7743],[-1.7907,53.7692],[-1.7943,53.7756],[-1.8051,53.7743],[-1.8073,53.7771],[-1.7991,53.7832],[-1.8033,53.785],[-1.7991,53.7938],[-1.7919,53.7952],[-1.7841,53.795],[-1.7818,53.7908],[-1.7871,53.7851],[-1.7804,53.7807]]]}},{"type":"Feature","properties":{"cd":"E05009332","nm":"Shadwell"},"geometry":{"type":"Polygon","coordinates":[[[-0.0557,51.5143],[-0.0418,51.5129],[-0.0389,51.5127],[-0.0419,51.5106],[-0.0605,51.5094],[-0.0619,51.5148],[-0.0557,51.5143]]]}},{"type":"Feature","properties":{"cd":"E05009329","nm":"St Dunstan's"},"geometry":{"type":"Polygon","coordinates":[[[-0.0365,51.5126],[-0.0389,51.5127],[-0.0418,51.5129],[-0.0427,51.5178],[-0.05,51.5211],[-0.037,51.5242],[-0.0338,51.5168],[-0.0365,51.5126]]]}},{"type":"Feature","properties":{"cd":"E05013037","nm":"Worsley & Westwood Park"},"geometry":{"type":"Polygon","coordinates":[[[-2.344,53.5049],[-2.3528,53.4958],[-2.358,53.4921],[-2.3767,53.4876],[-2.3814,53.486],[-2.3789,53.4907],[-2.3843,53.4999],[-2.3737,53.5083],[-2.3706,53.5054],[-2.3699,53.513],[-2.344,53.5049]]]}},{"type":"Feature","properties":{"cd":"E05011187","nm":"Bishopstoke"},"geometry":{"type":"Polygon","coordinates":[[[-1.3164,50.9851],[-1.313,50.9827],[-1.314,50.9679],[-1.3036,50.971],[-1.3114,50.966],[-1.3054,50.9624],[-1.3174,50.9559],[-1.3254,50.9547],[-1.3349,50.9579],[-1.3418,50.9784],[-1.3466,50.9814],[-1.3441,50.9849],[-1.3355,50.9835],[-1.3304,50.9837],[-1.3277,50.9801],[-1.3227,50.9875],[-1.3164,50.9851]]]}},{"type":"Feature","properties":{"cd":"E05013172","nm":"Birchfield"},"geometry":{"type":"Polygon","coordinates":[[[-2.7344,53.4005],[-2.7309,53.4],[-2.7287,53.3973],[-2.735,53.3977],[-2.7378,53.3894],[-2.733,53.3788],[-2.755,53.3755],[-2.7537,53.3793],[-2.7577,53.3807],[-2.7603,53.3843],[-2.7481,53.3885],[-2.7506,53.3938],[-2.7434,53.3953],[-2.7452,53.4021],[-2.7344,53.4005]]]}},{"type":"Feature","properties":{"cd":"E05011190","nm":"Chandler's Ford"},"geometry":{"type":"Polygon","coordinates":[[[-1.3662,50.9826],[-1.3727,50.9757],[-1.3749,50.9734],[-1.388,50.9751],[-1.3928,50.9645],[-1.3965,50.9685],[-1.3931,50.9748],[-1.3964,50.9775],[-1.3914,50.9868],[-1.3972,50.9904],[-1.3787,50.9926],[-1.3796,50.9897],[-1.3662,50.9826]]]}},{"type":"Feature","properties":{"cd":"KIR:denby-dale","nm":"Denby Dale"},"geometry":{"type":"Polygon","coordinates":[[[-1.6146,53.6259],[-1.6075,53.6196],[-1.5919,53.6147],[-1.5865,53.6072],[-1.5912,53.6068],[-1.5852,53.6005],[-1.588,53.5935],[-1.6018,53.5878],[-1.6003,53.5773],[-1.5962,53.577],[-1.6097,53.572],[-1.6156,53.563],[-1.6194,53.5631],[-1.6566,53.5606],[-1.6639,53.5575],[-1.6619,53.5537],[-1.6695,53.5532],[-1.699,53.5538],[-1.7041,53.5602],[-1.7143,53.5735],[-1.6996,53.576],[-1.6899,53.5835],[-1.6638,53.5919],[-1.668,53.5945],[-1.6597,53.5985],[-1.6698,53.6099],[-1.6771,53.6124],[-1.6739,53.616],[-1.6805,53.6204],[-1.6768,53.6223],[-1.6683,53.6242],[-1.6675,53.6222],[-1.6479,53.6223],[-1.6291,53.6289],[-1.6146,53.6259]]]}},{"type":"Feature","properties":{"cd":"KIR:dewsbury-east","nm":"Dewsbury East"},"geometry":{"type":"Polygon","coordinates":[[[-1.5842,53.7031],[-1.5984,53.6998],[-1.6025,53.6922],[-1.5923,53.6916],[-1.5919,53.6893],[-1.605,53.6794],[-1.6152,53.6776],[-1.622,53.6806],[-1.6229,53.6866],[-1.6348,53.6889],[-1.6398,53.6986],[-1.6303,53.6982],[-1.6282,53.7005],[-1.6266,53.6984],[-1.62,53.7042],[-1.6038,53.7055],[-1.5979,53.7096],[-1.5872,53.7069],[-1.5842,53.7031]]]}},{"type":"Feature","properties":{"cd":"E05014153","nm":"Bury East"},"geometry":{"type":"Polygon","coordinates":[[[-2.2456,53.5991],[-2.2556,53.5971],[-2.2592,53.5922],[-2.27,53.592],[-2.2701,53.5892],[-2.2766,53.5915],[-2.2781,53.5873],[-2.2996,53.5892],[-2.3044,53.5946],[-2.2716,53.5986],[-2.2772,53.6087],[-2.2666,53.6092],[-2.2594,53.6061],[-2.251,53.6072],[-2.2456,53.5991]]]}},{"type":"Feature","properties":{"cd":"E05014164","nm":"Redvales"},"geometry":{"type":"Polygon","coordinates":[[[-2.3044,53.5946],[-2.2996,53.5892],[-2.2781,53.5873],[-2.2824,53.5867],[-2.2814,53.5827],[-2.2871,53.5784],[-2.2862,53.5725],[-2.3028,53.576],[-2.3139,53.5792],[-2.3074,53.5947],[-2.3044,53.5946]]]}},{"type":"Feature","properties":{"cd":"E05015909","nm":"Cradley North & Wollescote"},"geometry":{"type":"Polygon","coordinates":[[[-2.0792,52.463],[-2.0756,52.4591],[-2.0812,52.4573],[-2.0902,52.4544],[-2.0881,52.4492],[-2.0933,52.4453],[-2.1052,52.4442],[-2.1088,52.4412],[-2.1175,52.4527],[-2.1089,52.4524],[-2.1091,52.4563],[-2.1037,52.4565],[-2.1037,52.4644],[-2.0971,52.4684],[-2.0792,52.463]]]}},{"type":"Feature","properties":{"cd":"WKF:south-elmsall-and-south-kirkby","nm":"South Elmsall & South Kirkby"},"geometry":{"type":"Polygon","coordinates":[[[-1.2522,53.6071],[-1.2472,53.6007],[-1.2576,53.5999],[-1.2529,53.5971],[-1.258,53.592],[-1.2767,53.59],[-1.2823,53.583],[-1.2986,53.5775],[-1.3078,53.5754],[-1.3487,53.5833],[-1.3514,53.5811],[-1.3539,53.5834],[-1.3561,53.5954],[-1.3479,53.5987],[-1.3496,53.6049],[-1.338,53.6088],[-1.2918,53.5976],[-1.2522,53.6071]]]}},{"type":"Feature","properties":{"cd":"E05011470","nm":"New Addington North"},"geometry":{"type":"Polygon","coordinates":[[[-0.0053,51.3526],[-0.0092,51.3536],[-0.0107,51.3481],[-0.0223,51.348],[-0.0286,51.3544],[-0.0183,51.3612],[-0.0053,51.3526]]]}},{"type":"Feature","properties":{"cd":"E05011488","nm":"West Thornton"},"geometry":{"type":"Polygon","coordinates":[[[-0.1039,51.3889],[-0.1054,51.3879],[-0.1211,51.3854],[-0.1326,51.3901],[-0.1343,51.3908],[-0.1343,51.3909],[-0.1254,51.3988],[-0.1186,51.4019],[-0.1039,51.3889]]]}},{"type":"Feature","properties":{"cd":"E05014092","nm":"Woolwich Arsenal"},"geometry":{"type":"Polygon","coordinates":[[[0.0795,51.491],[0.0787,51.4865],[0.0628,51.4885],[0.0611,51.4953],[0.075,51.4958],[0.0795,51.491]]]}},{"type":"Feature","properties":{"cd":"E05013929","nm":"Berrylands"},"geometry":{"type":"Polygon","coordinates":[[[-0.2757,51.3967],[-0.2816,51.3894],[-0.2912,51.3865],[-0.2966,51.3954],[-0.277,51.3998],[-0.2757,51.3967]]]}},{"type":"Feature","properties":{"cd":"E05013946","nm":"Tudor"},"geometry":{"type":"Polygon","coordinates":[[[-0.2878,51.4227],[-0.2976,51.4219],[-0.3022,51.4204],[-0.3066,51.4277],[-0.3084,51.425],[-0.3144,51.4282],[-0.3107,51.4322],[-0.3016,51.4314],[-0.2948,51.4264],[-0.2906,51.429],[-0.2878,51.4227]]]}},{"type":"Feature","properties":{"cd":"WKF:pontefract-north","nm":"Pontefract North"},"geometry":{"type":"Polygon","coordinates":[[[-1.2675,53.6957],[-1.2666,53.6923],[-1.2846,53.6876],[-1.2998,53.6936],[-1.3054,53.6895],[-1.3053,53.6837],[-1.3124,53.6855],[-1.3165,53.691],[-1.3333,53.6813],[-1.3525,53.6861],[-1.3553,53.6985],[-1.3521,53.7042],[-1.3119,53.7101],[-1.2936,53.7114],[-1.283,53.7085],[-1.2754,53.6986],[-1.2675,53.6957]]]}},{"type":"Feature","properties":{"cd":"GAT:wardley-and-leam-lane","nm":"Wardley & Leam Lane"},"geometry":{"type":"Polygon","coordinates":[[[-1.5112,54.9317],[-1.5273,54.9331],[-1.5431,54.9314],[-1.548,54.9411],[-1.535,54.9466],[-1.5376,54.9532],[-1.5163,54.955],[-1.5181,54.947],[-1.5112,54.9317]]]}},{"type":"Feature","properties":{"cd":"E05013692","nm":"Southgate"},"geometry":{"type":"Polygon","coordinates":[[[-0.1095,51.644],[-0.1096,51.6399],[-0.1055,51.639],[-0.1179,51.6336],[-0.1195,51.6295],[-0.112,51.6261],[-0.1131,51.6245],[-0.117,51.627],[-0.1324,51.6272],[-0.1291,51.6323],[-0.1384,51.6365],[-0.1389,51.6412],[-0.133,51.6419],[-0.1273,51.6433],[-0.1257,51.6392],[-0.1169,51.6395],[-0.116,51.6443],[-0.1095,51.644]]]}},{"type":"Feature","properties":{"cd":"E05014010","nm":"Battersea Park"},"geometry":{"type":"MultiPolygon","coordinates":[[[[-0.1707,51.4815],[-0.1724,51.481],[-0.1725,51.4812],[-0.1707,51.4815]]],[[[-0.1476,51.4766],[-0.1572,51.4704],[-0.1644,51.4704],[-0.1666,51.4748],[-0.1732,51.4749],[-0.1699,51.4783],[-0.1713,51.4798],[-0.1663,51.4813],[-0.1474,51.4832],[-0.1476,51.4766]]]]}},{"type":"Feature","properties":{"cd":"E05014018","nm":"St Mary's"},"geometry":{"type":"MultiPolygon","coordinates":[[[[-0.1859,51.4674],[-0.1859,51.4674],[-0.1823,51.4718],[-0.1823,51.4718],[-0.1845,51.4676],[-0.1859,51.4674]]],[[[-0.1699,51.4783],[-0.1732,51.4749],[-0.1666,51.4748],[-0.1644,51.4704],[-0.1668,51.4707],[-0.176,51.4696],[-0.1847,51.4616],[-0.195,51.4606],[-0.195,51.4606],[-0.1949,51.4607],[-0.1871,51.4642],[-0.1779,51.4706],[-0.1742,51.4789],[-0.1713,51.4798],[-0.1699,51.4783]]],[[[-0.1724,51.481],[-0.1732,51.4807],[-0.1725,51.4812],[-0.1724,51.481]]]]}},{"type":"Feature","properties":{"cd":"E05011549","nm":"Otley & Yeadon"},"geometry":{"type":"Polygon","coordinates":[[[-1.6521,53.9057],[-1.6556,53.8943],[-1.6609,53.889],[-1.666,53.8903],[-1.6451,53.8766],[-1.6346,53.8736],[-1.6308,53.8569],[-1.643,53.8578],[-1.6563,53.8549],[-1.6891,53.8617],[-1.6888,53.8695],[-1.6948,53.8723],[-1.6894,53.8755],[-1.6861,53.8933],[-1.7173,53.8923],[-1.7321,53.896],[-1.7272,53.9102],[-1.7221,53.9119],[-1.718,53.9085],[-1.7164,53.9176],[-1.7061,53.9171],[-1.7071,53.9191],[-1.687,53.9164],[-1.6892,53.9126],[-1.6846,53.9106],[-1.6551,53.9125],[-1.6521,53.9057]]]}},{"type":"Feature","properties":{"cd":"E05011371","nm":"Miles Platting & Newton Heath"},"geometry":{"type":"Polygon","coordinates":[[[-2.1783,53.5068],[-2.1755,53.5027],[-2.1619,53.4983],[-2.163,53.4928],[-2.166,53.4916],[-2.1997,53.4883],[-2.205,53.4895],[-2.217,53.4843],[-2.2238,53.4883],[-2.2294,53.4886],[-2.2292,53.4916],[-2.2218,53.4965],[-2.2175,53.4945],[-2.1938,53.5027],[-2.1835,53.5077],[-2.1783,53.5068]]]}},{"type":"Feature","properties":{"cd":"E05013879","nm":"Whitley"},"geometry":{"type":"Polygon","coordinates":[[[-0.9779,51.4351],[-0.9683,51.4355],[-0.97,51.4246],[-0.9537,51.425],[-0.9542,51.4215],[-0.9619,51.4123],[-0.9711,51.4101],[-0.9797,51.4129],[-0.9814,51.4206],[-0.9963,51.4196],[-1.0013,51.4263],[-1.0007,51.4298],[-0.9995,51.4367],[-0.9835,51.4336],[-0.9779,51.4351]]]}},{"type":"Feature","properties":{"cd":"E05013874","nm":"Park"},"geometry":{"type":"Polygon","coordinates":[[[-0.9323,51.441],[-0.9442,51.4463],[-0.9477,51.4527],[-0.9521,51.4532],[-0.95,51.4578],[-0.9351,51.452],[-0.9286,51.4451],[-0.9323,51.441]]]}},{"type":"Feature","properties":{"cd":"E05013878","nm":"Tilehurst"},"geometry":{"type":"Polygon","coordinates":[[[-1.0243,51.4595],[-1.0197,51.4588],[-1.0221,51.4568],[-1.0169,51.4535],[-1.0272,51.4536],[-1.0295,51.4495],[-1.0306,51.4499],[-1.033,51.4518],[-1.0468,51.4502],[-1.0467,51.4562],[-1.053,51.4604],[-1.0478,51.464],[-1.0243,51.4595]]]}},{"type":"Feature","properties":{"cd":"E05013872","nm":"Kentwood"},"geometry":{"type":"Polygon","coordinates":[[[-1.0073,51.4682],[-1.0065,51.4686],[-1.0082,51.4623],[-1.0138,51.4627],[-1.0243,51.4595],[-1.0478,51.464],[-1.0366,51.4752],[-1.0182,51.4666],[-1.0073,51.4682]]]}},{"type":"Feature","properties":{"cd":"E05015024","nm":"Hazel Grove"},"geometry":{"type":"Polygon","coordinates":[[[-2.0985,53.3984],[-2.095,53.3955],[-2.1019,53.3837],[-2.0961,53.3798],[-2.1068,53.3726],[-2.1034,53.3682],[-2.125,53.3761],[-2.1236,53.3782],[-2.1312,53.3819],[-2.1172,53.3861],[-2.1122,53.3911],[-2.1127,53.4043],[-2.0985,53.3984]]]}},{"type":"Feature","properties":{"cd":"E05015031","nm":"Norbury & Woodsmoor"},"geometry":{"type":"Polygon","coordinates":[[[-2.1448,53.3876],[-2.1312,53.3819],[-2.1236,53.3782],[-2.125,53.3761],[-2.1034,53.3682],[-2.1039,53.366],[-2.1144,53.3646],[-2.1243,53.362],[-2.139,53.3673],[-2.1503,53.3734],[-2.1445,53.3801],[-2.1555,53.3823],[-2.1476,53.3888],[-2.1448,53.3876]]]}},{"type":"Feature","properties":{"cd":"E05015032","nm":"Offerton"},"geometry":{"type":"Polygon","coordinates":[[[-2.1127,53.4043],[-2.1122,53.3911],[-2.1172,53.3861],[-2.1312,53.3819],[-2.1448,53.3876],[-2.1409,53.39],[-2.1498,53.396],[-2.1291,53.3979],[-2.1228,53.4017],[-2.125,53.4036],[-2.1207,53.4036],[-2.1257,53.404],[-2.1252,53.4064],[-2.1127,53.4043]]]}},{"type":"Feature","properties":{"cd":"E05014520","nm":"Ashton St Michael's"},"geometry":{"type":"Polygon","coordinates":[[[-2.0688,53.4968],[-2.0749,53.4808],[-2.0758,53.4827],[-2.0885,53.4819],[-2.0895,53.4846],[-2.0867,53.4884],[-2.0922,53.4946],[-2.0889,53.4968],[-2.0737,53.5009],[-2.0688,53.4968]]]}},{"type":"Feature","properties":{"cd":"E05014523","nm":"Denton North East"},"geometry":{"type":"Polygon","coordinates":[[[-2.1057,53.4651],[-2.0984,53.4636],[-2.0955,53.4561],[-2.0963,53.4514],[-2.1153,53.4487],[-2.1176,53.4562],[-2.1316,53.4566],[-2.1255,53.4636],[-2.1224,53.4678],[-2.1165,53.463],[-2.1057,53.4651]]]}},{"type":"Feature","properties":{"cd":"E05014524","nm":"Denton South"},"geometry":{"type":"Polygon","coordinates":[[[-2.0928,53.4375],[-2.1029,53.4326],[-2.1161,53.4407],[-2.1203,53.4364],[-2.1233,53.4411],[-2.1189,53.4487],[-2.1153,53.4487],[-2.0963,53.4514],[-2.0878,53.4492],[-2.0928,53.4375]]]}},{"type":"Feature","properties":{"cd":"E05014527","nm":"Droylsden West"},"geometry":{"type":"Polygon","coordinates":[[[-2.1409,53.4911],[-2.1373,53.49],[-2.1458,53.4854],[-2.1475,53.4795],[-2.1675,53.4811],[-2.166,53.4916],[-2.163,53.4928],[-2.1562,53.4939],[-2.1409,53.4911]]]}},{"type":"Feature","properties":{"cd":"E05014533","nm":"Longdendale"},"geometry":{"type":"Polygon","coordinates":[[[-1.9815,53.4645],[-1.9874,53.4589],[-1.9869,53.4543],[-1.9982,53.4458],[-2.0083,53.4415],[-2.0042,53.4359],[-2.0137,53.4399],[-2.0273,53.4324],[-2.0337,53.4421],[-2.0447,53.4469],[-2.0477,53.4531],[-2.0435,53.456],[-2.0487,53.4571],[-2.0455,53.4584],[-2.0289,53.4571],[-2.0151,53.4611],[-2.0101,53.4593],[-2.012,53.4634],[-1.9887,53.4747],[-1.9815,53.4645]]]}},{"type":"Feature","properties":{"cd":"E05014535","nm":"St Peter's"},"geometry":{"type":"Polygon","coordinates":[[[-2.0895,53.4846],[-2.1009,53.4816],[-2.1085,53.4727],[-2.1052,53.4684],[-2.1145,53.4673],[-2.1126,53.4702],[-2.1188,53.4725],[-2.1147,53.4745],[-2.1284,53.4742],[-2.1172,53.4804],[-2.1159,53.4871],[-2.1184,53.4917],[-2.0996,53.4918],[-2.0922,53.4946],[-2.0867,53.4884],[-2.0895,53.4846]]]}},{"type":"Feature","properties":{"cd":"E05015239","nm":"Altrincham"},"geometry":{"type":"Polygon","coordinates":[[[-2.3421,53.3958],[-2.3413,53.3912],[-2.3296,53.3916],[-2.3261,53.3888],[-2.33,53.3834],[-2.3458,53.3863],[-2.3503,53.3818],[-2.3621,53.384],[-2.364,53.3957],[-2.3477,53.3994],[-2.3421,53.3958]]]}},{"type":"Feature","properties":{"cd":"E05015250","nm":"Longford"},"geometry":{"type":"Polygon","coordinates":[[[-2.273,53.4506],[-2.2862,53.4491],[-2.2931,53.4444],[-2.2899,53.4413],[-2.2954,53.4388],[-2.2943,53.4361],[-2.2997,53.4373],[-2.316,53.4347],[-2.316,53.4347],[-2.3018,53.4507],[-2.2972,53.4536],[-2.2925,53.4516],[-2.2766,53.462],[-2.273,53.4506]]]}},{"type":"Feature","properties":{"cd":"E05015249","nm":"Hale Barns & Timperley South"},"geometry":{"type":"Polygon","coordinates":[[[-2.2996,53.3877],[-2.2999,53.3843],[-2.2863,53.3758],[-2.2986,53.3608],[-2.314,53.3574],[-2.3235,53.3583],[-2.3245,53.3615],[-2.3287,53.3606],[-2.3401,53.3674],[-2.3392,53.3705],[-2.3271,53.3722],[-2.3229,53.3825],[-2.33,53.3834],[-2.3261,53.3888],[-2.3296,53.3916],[-2.3175,53.3927],[-2.3165,53.3898],[-2.2996,53.3877]]]}},{"type":"Feature","properties":{"cd":"E05015254","nm":"Sale Central"},"geometry":{"type":"Polygon","coordinates":[[[-2.2867,53.4302],[-2.286,53.4293],[-2.2939,53.4267],[-2.3003,53.4306],[-2.3025,53.4244],[-2.3126,53.4227],[-2.3104,53.4177],[-2.3319,53.4196],[-2.316,53.4347],[-2.2997,53.4373],[-2.2999,53.4334],[-2.2867,53.4302]]]}},{"type":"Feature","properties":{"cd":"E05015241","nm":"Bowdon"},"geometry":{"type":"Polygon","coordinates":[[[-2.364,53.3957],[-2.3621,53.384],[-2.3503,53.3818],[-2.3522,53.3752],[-2.3476,53.3739],[-2.354,53.3682],[-2.365,53.3631],[-2.3847,53.3701],[-2.4007,53.3752],[-2.408,53.3828],[-2.4266,53.3875],[-2.4484,53.3948],[-2.4586,53.393],[-2.4659,53.3948],[-2.471,53.3923],[-2.4784,53.3962],[-2.466,53.4007],[-2.4537,53.4132],[-2.4462,53.4142],[-2.4333,53.4096],[-2.4155,53.4099],[-2.4067,53.4105],[-2.4049,53.4151],[-2.3796,53.4154],[-2.3777,53.4082],[-2.3682,53.4053],[-2.3747,53.394],[-2.364,53.3957]]]}},{"type":"Feature","properties":{"cd":"E05013821","nm":"Pollards Hill"},"geometry":{"type":"Polygon","coordinates":[[[-0.1254,51.3988],[-0.1343,51.3909],[-0.1588,51.3983],[-0.1575,51.4031],[-0.1506,51.4039],[-0.1458,51.3997],[-0.1315,51.4049],[-0.1254,51.3988]]]}},{"type":"Feature","properties":{"cd":"E05013921","nm":"Plashet"},"geometry":{"type":"Polygon","coordinates":[[[0.0572,51.5464],[0.057,51.5409],[0.0536,51.5396],[0.0442,51.5374],[0.039,51.5403],[0.0427,51.5423],[0.0498,51.5436],[0.0484,51.5483],[0.0572,51.5464]]]}},{"type":"Feature","properties":{"cd":"E05011253","nm":"Valentines"},"geometry":{"type":"Polygon","coordinates":[[[0.0745,51.5751],[0.0794,51.5743],[0.0768,51.5713],[0.0813,51.5665],[0.0633,51.5576],[0.0569,51.5625],[0.0682,51.5693],[0.0675,51.5763],[0.0745,51.5751]]]}},{"type":"Feature","properties":{"cd":"E05011106","nm":"North Bermondsey"},"geometry":{"type":"Polygon","coordinates":[[[-0.0578,51.5009],[-0.0589,51.4948],[-0.0511,51.4916],[-0.0553,51.4902],[-0.0728,51.4981],[-0.0701,51.4988],[-0.0775,51.5024],[-0.0761,51.5044],[-0.0724,51.5031],[-0.0708,51.5025],[-0.0735,51.5005],[-0.0578,51.5009]]]}},{"type":"Feature","properties":{"cd":"E05013755","nm":"Belmont"},"geometry":{"type":"Polygon","coordinates":[[[-0.1787,51.3513],[-0.1875,51.3408],[-0.1973,51.3436],[-0.202,51.3401],[-0.2021,51.3401],[-0.2117,51.3561],[-0.2016,51.3579],[-0.1979,51.3513],[-0.1842,51.3541],[-0.1787,51.3513]]]}},{"type":"Feature","properties":{"cd":"E05013773","nm":"Worcester Park South"},"geometry":{"type":"Polygon","coordinates":[[[-0.2339,51.3752],[-0.2231,51.3657],[-0.2269,51.3626],[-0.2339,51.3654],[-0.2454,51.3669],[-0.2447,51.3691],[-0.245,51.38],[-0.2339,51.3752]]]}},{"type":"Feature","properties":{"cd":"E05015840","nm":"St Mary's"},"geometry":{"type":"Polygon","coordinates":[[[-1.4663,52.528],[-1.4619,52.5252],[-1.4662,52.521],[-1.4767,52.5179],[-1.4775,52.5222],[-1.4822,52.5229],[-1.4789,52.5268],[-1.4962,52.5275],[-1.5038,52.5326],[-1.498,52.5335],[-1.4967,52.5386],[-1.492,52.5367],[-1.4847,52.5398],[-1.4663,52.528]]]}},{"type":"Feature","properties":{"cd":"E05011142","nm":"Handsworth"},"geometry":{"type":"Polygon","coordinates":[[[-1.9243,52.5128],[-1.9189,52.5105],[-1.9263,52.5062],[-1.92,52.506],[-1.9188,52.5022],[-1.9234,52.5009],[-1.9406,52.5045],[-1.9393,52.5144],[-1.9243,52.5128]]]}},{"type":"Feature","properties":{"cd":"E05013086","nm":"Kempshott & Buckskin"},"geometry":{"type":"Polygon","coordinates":[[[-1.1264,51.2618],[-1.1303,51.2538],[-1.1251,51.2497],[-1.1188,51.25],[-1.1202,51.2481],[-1.1283,51.2438],[-1.1443,51.2329],[-1.1511,51.2351],[-1.1409,51.2521],[-1.1524,51.2546],[-1.1356,51.2621],[-1.1264,51.2618]]]}},{"type":"Feature","properties":{"cd":"E05013095","nm":"Winklebury & Manydown"},"geometry":{"type":"Polygon","coordinates":[[[-1.1129,51.2756],[-1.1093,51.2672],[-1.1231,51.2658],[-1.1264,51.2618],[-1.1356,51.2621],[-1.1524,51.2546],[-1.1524,51.2621],[-1.1714,51.2587],[-1.1753,51.2716],[-1.1672,51.2733],[-1.1783,51.282],[-1.1774,51.2974],[-1.1651,51.2902],[-1.1514,51.2895],[-1.149,51.2766],[-1.1396,51.2796],[-1.1129,51.2756]]]}},{"type":"Feature","properties":{"cd":"E05015656","nm":"Herongate, Ingrave & West Horndon"},"geometry":{"type":"Polygon","coordinates":[[[0.3419,51.615],[0.3751,51.6152],[0.3836,51.5987],[0.386,51.5859],[0.3813,51.585],[0.382,51.5821],[0.3826,51.5658],[0.3438,51.5678],[0.313,51.5658],[0.2902,51.5645],[0.2871,51.5727],[0.2699,51.5925],[0.296,51.5929],[0.3037,51.5993],[0.3154,51.6],[0.324,51.6077],[0.3365,51.6167],[0.3419,51.615]]]}},{"type":"Feature","properties":{"cd":"E05009008","nm":"Hoddesdon Town and Rye Park"},"geometry":{"type":"Polygon","coordinates":[[[0.014,51.7644],[0.013,51.7575],[0.0042,51.7554],[-0.0068,51.7587],[-0.012,51.7567],[-0.0116,51.761],[-0.0141,51.7724],[-0.0053,51.7724],[0.0034,51.7776],[0.0052,51.7709],[0.014,51.7644]]]}},{"type":"Feature","properties":{"cd":"E05013700","nm":"Caledonian"},"geometry":{"type":"Polygon","coordinates":[[[-0.1164,51.5432],[-0.1142,51.5314],[-0.1198,51.5309],[-0.1251,51.5411],[-0.1264,51.5451],[-0.1196,51.5468],[-0.1164,51.5432]]]}},{"type":"Feature","properties":{"cd":"E05013701","nm":"Canonbury"},"geometry":{"type":"Polygon","coordinates":[[[-0.0866,51.5374],[-0.0986,51.5432],[-0.1005,51.5463],[-0.0986,51.5468],[-0.0838,51.5466],[-0.0866,51.5374]]]}},{"type":"Feature","properties":{"cd":"E05013702","nm":"Clerkenwell"},"geometry":{"type":"Polygon","coordinates":[[[-0.1001,51.5265],[-0.1035,51.5259],[-0.1017,51.5197],[-0.1053,51.5186],[-0.1142,51.5255],[-0.1198,51.5309],[-0.1142,51.5314],[-0.1063,51.5319],[-0.1001,51.5265]]]}},{"type":"Feature","properties":{"cd":"E05011100","nm":"Dulwich Village"},"geometry":{"type":"Polygon","coordinates":[[[-0.0857,51.456],[-0.0755,51.4502],[-0.0712,51.4455],[-0.0929,51.4411],[-0.1008,51.4503],[-0.0922,51.4611],[-0.0878,51.458],[-0.0907,51.4563],[-0.0857,51.456]]]}},{"type":"Feature","properties":{"cd":"E05011104","nm":"London Bridge & West Bermondsey"},"geometry":{"type":"Polygon","coordinates":[[[-0.0761,51.5044],[-0.0775,51.5024],[-0.0701,51.4988],[-0.0728,51.4981],[-0.0798,51.4922],[-0.0835,51.4927],[-0.0853,51.494],[-0.0814,51.4979],[-0.0917,51.5032],[-0.0886,51.5069],[-0.0881,51.5068],[-0.0761,51.5044]]]}},{"type":"Feature","properties":{"cd":"E05014020","nm":"South Balham"},"geometry":{"type":"Polygon","coordinates":[[[-0.1436,51.4418],[-0.1359,51.442],[-0.1375,51.4402],[-0.1398,51.4357],[-0.1353,51.4303],[-0.1384,51.4305],[-0.1491,51.4317],[-0.1597,51.4356],[-0.1531,51.4431],[-0.1436,51.4418]]]}},{"type":"Feature","properties":{"cd":"E05010841","nm":"Stanway"},"geometry":{"type":"Polygon","coordinates":[[[0.8468,51.8892],[0.8547,51.8695],[0.8564,51.8645],[0.869,51.8614],[0.8668,51.8526],[0.8467,51.8548],[0.8196,51.8625],[0.8132,51.8705],[0.8201,51.8729],[0.8175,51.8791],[0.8337,51.8798],[0.8356,51.8833],[0.8257,51.8853],[0.8233,51.8914],[0.8447,51.8967],[0.8468,51.8892]]]}},{"type":"Feature","properties":{"cd":"E05010836","nm":"Old Heath & The Hythe"},"geometry":{"type":"Polygon","coordinates":[[[0.9356,51.8764],[0.9508,51.8628],[0.9494,51.8562],[0.9542,51.8542],[0.9527,51.8491],[0.9451,51.8466],[0.9377,51.8478],[0.9302,51.8429],[0.9278,51.8456],[0.9202,51.8453],[0.9082,51.8772],[0.9129,51.8775],[0.9139,51.8817],[0.9197,51.8812],[0.9183,51.8872],[0.9259,51.8859],[0.9271,51.8807],[0.9356,51.8764]]]}},{"type":"Feature","properties":{"cd":"E05010837","nm":"Prettygate"},"geometry":{"type":"Polygon","coordinates":[[[0.8752,51.8813],[0.8747,51.8788],[0.8547,51.8695],[0.8468,51.8892],[0.8638,51.8902],[0.8621,51.8865],[0.8752,51.8813]]]}},{"type":"Feature","properties":{"cd":"E05010840","nm":"Shrub End"},"geometry":{"type":"Polygon","coordinates":[[[0.8812,51.848],[0.8668,51.8526],[0.869,51.8614],[0.8564,51.8645],[0.8547,51.8695],[0.8747,51.8788],[0.9014,51.8785],[0.8964,51.8699],[0.8841,51.863],[0.8812,51.848]]]}},{"type":"Feature","properties":{"cd":"E05010839","nm":"St Anne's & St John's"},"geometry":{"type":"Polygon","coordinates":[[[0.9517,51.8993],[0.9449,51.9007],[0.9387,51.8964],[0.9328,51.8966],[0.925,51.8902],[0.9171,51.8933],[0.9089,51.8993],[0.9166,51.8992],[0.9235,51.9021],[0.9322,51.9182],[0.9315,51.9132],[0.948,51.91],[0.9441,51.9062],[0.9571,51.9036],[0.9517,51.8993]]]}},{"type":"Feature","properties":{"cd":"E05002085","nm":"Honicknowle"},"geometry":{"type":"Polygon","coordinates":[[[-4.178,50.4235],[-4.1695,50.4231],[-4.1582,50.4166],[-4.1394,50.4132],[-4.141,50.4115],[-4.1479,50.4089],[-4.1511,50.4029],[-4.1634,50.4073],[-4.1771,50.4116],[-4.1903,50.4076],[-4.2005,50.408],[-4.1951,50.4191],[-4.1923,50.4247],[-4.1862,50.4237],[-4.1858,50.4236],[-4.1759,50.422],[-4.1697,50.4222],[-4.1695,50.4224],[-4.1766,50.4226],[-4.178,50.4235],[-4.178,50.4235]]]}},{"type":"Feature","properties":{"cd":"E05009397","nm":"Holland"},"geometry":{"type":"Polygon","coordinates":[[[-0.1985,51.4991],[-0.2058,51.4966],[-0.2031,51.4934],[-0.208,51.496],[-0.215,51.5022],[-0.217,51.5045],[-0.217,51.5045],[-0.2038,51.5077],[-0.1985,51.4991]]]}},{"type":"Feature","properties":{"cd":"SAW:greets-green-and-lyng","nm":"Greets Green & Lyng"},"geometry":{"type":"Polygon","coordinates":[[[-2.0103,52.5294],[-2.0056,52.5212],[-1.9912,52.514],[-1.9921,52.5066],[-1.9982,52.5058],[-2.012,52.5087],[-2.0295,52.5183],[-2.0245,52.5214],[-2.0263,52.5243],[-2.0224,52.5242],[-2.0223,52.5304],[-2.0103,52.5294]]]}},{"type":"Feature","properties":{"cd":"E05014853","nm":"St Peters"},"geometry":{"type":"Polygon","coordinates":[[[-2.1259,52.5996],[-2.1226,52.5941],[-2.1214,52.5889],[-2.1127,52.5853],[-2.1125,52.5797],[-2.116,52.577],[-2.1248,52.5779],[-2.1255,52.5805],[-2.1327,52.5804],[-2.1354,52.5848],[-2.1325,52.5889],[-2.1455,52.5939],[-2.1485,52.5969],[-2.1453,52.6014],[-2.1513,52.6034],[-2.1453,52.6106],[-2.1259,52.5996]]]}},{"type":"Feature","properties":{"cd":"E05015729","nm":"Grange Hill"},"geometry":{"type":"Polygon","coordinates":[[[0.0981,51.6154],[0.0923,51.6136],[0.0947,51.6108],[0.0888,51.6049],[0.0794,51.607],[0.0728,51.6047],[0.0587,51.6091],[0.0686,51.6131],[0.0702,51.6091],[0.0801,51.6109],[0.077,51.6174],[0.0842,51.6158],[0.0959,51.6191],[0.0981,51.6154]]]}},{"type":"Feature","properties":{"cd":"E05015730","nm":"Loughton Fairmead"},"geometry":{"type":"Polygon","coordinates":[[[0.1001,51.6547],[0.0921,51.6512],[0.0855,51.6521],[0.0855,51.6487],[0.0806,51.6473],[0.0688,51.6575],[0.0756,51.6571],[0.0891,51.6656],[0.1001,51.6547]]]}},{"type":"Feature","properties":{"cd":"E05015731","nm":"Loughton Forest"},"geometry":{"type":"Polygon","coordinates":[[[0.0669,51.648],[0.0678,51.6456],[0.0575,51.642],[0.0507,51.6339],[0.0337,51.6393],[0.0252,51.6352],[0.0252,51.6373],[0.0349,51.6446],[0.0393,51.6557],[0.0477,51.6501],[0.0574,51.6516],[0.0572,51.6495],[0.0669,51.648]]]}},{"type":"Feature","properties":{"cd":"E05015736","nm":"Roydon & Lower Nazeing"},"geometry":{"type":"Polygon","coordinates":[[[0.0554,51.7706],[0.0585,51.7611],[0.0675,51.7614],[0.064,51.7515],[0.0545,51.7475],[0.0554,51.7399],[0.0462,51.7421],[0.038,51.7341],[0.0336,51.7364],[0.0216,51.7311],[0.0243,51.728],[0.0197,51.7188],[0.023,51.7167],[0.0155,51.7137],[0.0097,51.7162],[0.0152,51.7176],[0.0141,51.7207],[-0.0141,51.7231],[-0.0137,51.7354],[-0.013,51.7428],[-0.0062,51.7417],[0.0013,51.7451],[0.0042,51.7554],[0.013,51.7575],[0.014,51.7644],[0.0268,51.7742],[0.0423,51.7751],[0.0577,51.7797],[0.0612,51.7781],[0.0541,51.7755],[0.0554,51.7706]]]}},{"type":"Feature","properties":{"cd":"E05015737","nm":"Rural East"},"geometry":{"type":"Polygon","coordinates":[[[0.1886,51.8193],[0.1966,51.7958],[0.2073,51.7921],[0.2186,51.7982],[0.2257,51.7945],[0.2315,51.7952],[0.2357,51.7886],[0.2409,51.7884],[0.2368,51.7861],[0.2377,51.7798],[0.2575,51.7819],[0.2814,51.7895],[0.2975,51.79],[0.2965,51.7806],[0.3028,51.7774],[0.2994,51.7719],[0.313,51.7688],[0.3201,51.7726],[0.3216,51.7699],[0.3467,51.7676],[0.3411,51.752],[0.3475,51.7304],[0.334,51.717],[0.3231,51.7142],[0.3238,51.7098],[0.3075,51.6943],[0.3021,51.681],[0.2835,51.6941],[0.2741,51.6969],[0.2913,51.7085],[0.3047,51.7078],[0.3059,51.7147],[0.288,51.7157],[0.2701,51.7129],[0.262,51.7154],[0.266,51.7229],[0.2526,51.7283],[0.2475,51.7249],[0.2438,51.7302],[0.2351,51.7279],[0.2338,51.7212],[0.2375,51.7185],[0.2339,51.7077],[0.2041,51.709],[0.2055,51.7165],[0.1956,51.713],[0.1791,51.7134],[0.1791,51.7166],[0.1873,51.7204],[0.185,51.726],[0.1898,51.7331],[0.1799,51.7383],[0.1735,51.7365],[0.1693,51.7488],[0.1608,51.7575],[0.168,51.7622],[0.156,51.7683],[0.1606,51.7726],[0.168,51.7828],[0.155,51.7858],[0.1536,51.7938],[0.1474,51.7935],[0.1461,51.7962],[0.1508,51.797],[0.1583,51.8135],[0.167,51.8133],[0.1726,51.8163],[0.173,51.8189],[0.1647,51.8192],[0.1663,51.8222],[0.1886,51.8193]]]}},{"type":"Feature","properties":{"cd":"E05015741","nm":"Waltham Abbey West"},"geometry":{"type":"Polygon","coordinates":[[[0.0105,51.6864],[0.0031,51.6813],[0.0102,51.6799],[0.0081,51.6765],[-0.0103,51.6767],[-0.0119,51.6809],[-0.0185,51.6984],[-0.0197,51.7033],[-0.0176,51.7074],[-0.0089,51.7054],[-0.002,51.6901],[0.0178,51.6906],[0.0105,51.6864]]]}},{"type":"Feature","properties":{"cd":"E05015727","nm":"Epping East"},"geometry":{"type":"Polygon","coordinates":[[[0.0965,51.6891],[0.0936,51.6903],[0.1192,51.7052],[0.1356,51.7072],[0.14,51.7055],[0.132,51.6954],[0.1356,51.6888],[0.125,51.6795],[0.0965,51.6891]]]}},{"type":"Feature","properties":{"cd":"E05015728","nm":"Epping West & Rural"},"geometry":{"type":"Polygon","coordinates":[[[0.1001,51.7393],[0.1152,51.7405],[0.1223,51.7193],[0.118,51.715],[0.1236,51.7096],[0.1192,51.7052],[0.0936,51.6903],[0.0965,51.6891],[0.0932,51.682],[0.0809,51.6815],[0.0672,51.6923],[0.0677,51.7051],[0.0583,51.7061],[0.0584,51.7149],[0.0527,51.7221],[0.0439,51.7198],[0.0364,51.7213],[0.0269,51.716],[0.023,51.7167],[0.0197,51.7188],[0.0243,51.728],[0.0216,51.7311],[0.0336,51.7364],[0.038,51.7341],[0.0462,51.7421],[0.0554,51.7399],[0.0545,51.7475],[0.064,51.7515],[0.0808,51.7414],[0.0843,51.7347],[0.1001,51.7393]]]}},{"type":"Feature","properties":{"cd":"E05009355","nm":"Fleet Central"},"geometry":{"type":"Polygon","coordinates":[[[-0.8288,51.2765],[-0.8386,51.2701],[-0.8412,51.2722],[-0.8483,51.2696],[-0.8458,51.2662],[-0.8536,51.2671],[-0.8582,51.2763],[-0.8482,51.2796],[-0.8518,51.2826],[-0.8487,51.2846],[-0.8375,51.2851],[-0.834,51.2833],[-0.8371,51.2797],[-0.8288,51.2765]]]}},{"type":"Feature","properties":{"cd":"E05009356","nm":"Fleet East"},"geometry":{"type":"Polygon","coordinates":[[[-0.8029,51.293],[-0.796,51.2868],[-0.7979,51.2845],[-0.7903,51.2822],[-0.8075,51.2753],[-0.8288,51.2765],[-0.8371,51.2797],[-0.834,51.2833],[-0.8375,51.2851],[-0.8304,51.2961],[-0.8336,51.299],[-0.7971,51.3024],[-0.7969,51.2977],[-0.8029,51.293]]]}},{"type":"Feature","properties":{"cd":"E05013176","nm":"Ditton, Hale Village & Halebank"},"geometry":{"type":"Polygon","coordinates":[[[-2.7607,53.3659],[-2.7549,53.367],[-2.7538,53.3643],[-2.7623,53.3532],[-2.7604,53.3491],[-2.769,53.3456],[-2.7772,53.3356],[-2.7783,53.3326],[-2.7843,53.3364],[-2.7777,53.3292],[-2.7898,53.3224],[-2.8191,53.333],[-2.8257,53.3318],[-2.8323,53.3373],[-2.8187,53.3398],[-2.8188,53.348],[-2.8091,53.3551],[-2.7873,53.3563],[-2.7848,53.3607],[-2.7848,53.3608],[-2.7782,53.3606],[-2.7687,53.3671],[-2.7607,53.3659]]]}},{"type":"Feature","properties":{"cd":"E05011296","nm":"Harston & Comberton"},"geometry":{"type":"Polygon","coordinates":[[[0.0687,52.2149],[0.0711,52.2151],[0.0698,52.2122],[0.0742,52.2115],[0.079,52.2044],[0.0949,52.1993],[0.0969,52.1921],[0.1047,52.1907],[0.0981,52.1806],[0.0993,52.1713],[0.1079,52.1683],[0.1011,52.1607],[0.1034,52.1579],[0.0938,52.1543],[0.0974,52.1506],[0.1104,52.1511],[0.1103,52.1354],[0.0816,52.1265],[0.0704,52.1179],[0.0645,52.1323],[0.067,52.1343],[0.0482,52.1382],[0.0343,52.1467],[0.0028,52.1433],[-0.0062,52.1456],[0.0086,52.1512],[0.0218,52.1614],[0.0207,52.1746],[0.0128,52.1714],[0.0064,52.1729],[0.0252,52.2165],[0.0388,52.2156],[0.038,52.2065],[0.0534,52.2084],[0.0492,52.2151],[0.0687,52.2149]]]}},{"type":"Feature","properties":{"cd":"E05002446","nm":"Drayton and Farlington"},"geometry":{"type":"MultiPolygon","coordinates":[[[[-1.0442,50.8317],[-1.0441,50.8314],[-1.0495,50.8325],[-1.0442,50.8317]]],[[[-1.0212,50.8383],[-1.0219,50.8373],[-1.0217,50.8374],[-1.0242,50.833],[-1.024,50.833],[-1.0241,50.8329],[-1.0241,50.8263],[-1.0349,50.8293],[-1.0363,50.8354],[-1.0441,50.8321],[-1.0543,50.8339],[-1.0538,50.8343],[-1.0582,50.84],[-1.0564,50.8461],[-1.0617,50.8465],[-1.0543,50.8551],[-1.0541,50.8565],[-1.0226,50.8521],[-1.0251,50.8477],[-1.0206,50.8392],[-1.0212,50.8383]]]]}},{"type":"Feature","properties":{"cd":"E05002449","nm":"Hilsea"},"geometry":{"type":"MultiPolygon","coordinates":[[[[-1.0599,50.8247],[-1.0726,50.8225],[-1.0747,50.817],[-1.0796,50.817],[-1.0762,50.8211],[-1.0846,50.8223],[-1.0878,50.8261],[-1.0856,50.8249],[-1.0766,50.8368],[-1.0548,50.8334],[-1.0547,50.8334],[-1.0599,50.8247]]],[[[-1.0844,50.8385],[-1.0538,50.8343],[-1.0543,50.8339],[-1.0543,50.8339],[-1.0788,50.8372],[-1.0892,50.8286],[-1.0884,50.8303],[-1.0844,50.8385]]]]}},{"type":"Feature","properties":{"cd":"E05015490","nm":"Banister & Polygon"},"geometry":{"type":"Polygon","coordinates":[[[-1.4049,50.9215],[-1.4049,50.9215],[-1.4005,50.9102],[-1.4154,50.9079],[-1.4231,50.9143],[-1.4154,50.9149],[-1.4154,50.9189],[-1.4101,50.9225],[-1.4049,50.9215]]]}},{"type":"Feature","properties":{"cd":"E05013888","nm":"Grove Green"},"geometry":{"type":"Polygon","coordinates":[[[-0.0054,51.5689],[0.0057,51.5648],[-0.0059,51.5567],[-0.0112,51.5646],[-0.0083,51.5699],[-0.0054,51.5689]]]}},{"type":"Feature","properties":{"cd":"E05013892","nm":"Higham Hill"},"geometry":{"type":"Polygon","coordinates":[[[-0.0204,51.6029],[-0.0271,51.5959],[-0.0402,51.5895],[-0.0532,51.5869],[-0.0523,51.5935],[-0.0414,51.6056],[-0.0339,51.6095],[-0.0204,51.6029]]]}},{"type":"Feature","properties":{"cd":"E05014011","nm":"East Putney"},"geometry":{"type":"Polygon","coordinates":[[[-0.2,51.4603],[-0.1965,51.4529],[-0.1958,51.4501],[-0.2076,51.4499],[-0.211,51.454],[-0.2229,51.4483],[-0.217,51.4612],[-0.2,51.4603]]]}},{"type":"Feature","properties":{"cd":"E05013376","nm":"Lake South"},"geometry":{"type":"Polygon","coordinates":[[[-1.166,50.644],[-1.166,50.644],[-1.169,50.6368],[-1.169,50.6368],[-1.1832,50.6375],[-1.1875,50.633],[-1.197,50.6366],[-1.1792,50.6497],[-1.166,50.644]]]}},{"type":"Feature","properties":{"cd":"E05014163","nm":"Ramsbottom"},"geometry":{"type":"Polygon","coordinates":[[[-2.3253,53.6554],[-2.3156,53.6551],[-2.299,53.6667],[-2.2938,53.6579],[-2.2977,53.6518],[-2.2958,53.6415],[-2.2899,53.6352],[-2.31,53.6311],[-2.3161,53.6341],[-2.3217,53.6317],[-2.335,53.6332],[-2.352,53.6409],[-2.3545,53.6367],[-2.3687,53.637],[-2.3724,53.6423],[-2.367,53.645],[-2.3626,53.6559],[-2.3712,53.6671],[-2.3556,53.6645],[-2.3533,53.6585],[-2.3253,53.6554]]]}},{"type":"Feature","properties":{"cd":"E05015915","nm":"Kingswinford South"},"geometry":{"type":"Polygon","coordinates":[[[-2.14,52.4901],[-2.1608,52.4893],[-2.1619,52.4832],[-2.1786,52.4827],[-2.1852,52.4948],[-2.1742,52.4962],[-2.1718,52.4929],[-2.1658,52.4977],[-2.1535,52.5005],[-2.1426,52.5023],[-2.1449,52.4944],[-2.14,52.4901]]]}},{"type":"Feature","properties":{"cd":"E05015242","nm":"Broadheath"},"geometry":{"type":"Polygon","coordinates":[[[-2.3412,53.4115],[-2.3455,53.4079],[-2.3349,53.408],[-2.3477,53.3994],[-2.364,53.3957],[-2.3747,53.394],[-2.3682,53.4053],[-2.3777,53.4082],[-2.3796,53.4154],[-2.3646,53.4164],[-2.3648,53.4092],[-2.3586,53.4086],[-2.3602,53.4118],[-2.3561,53.4136],[-2.3412,53.4115]]]}},{"type":"Feature","properties":{"cd":"E05006647","nm":"The Bartons"},"geometry":{"type":"Polygon","coordinates":[[[-1.3247,51.9225],[-1.3286,51.8985],[-1.3332,51.8964],[-1.3514,51.8993],[-1.3567,51.9057],[-1.3668,51.9085],[-1.3841,51.92],[-1.3992,51.9236],[-1.4067,51.9286],[-1.3998,51.9438],[-1.4097,51.9507],[-1.41,51.9728],[-1.4019,51.9799],[-1.3772,51.9796],[-1.3649,51.9675],[-1.3614,51.9685],[-1.3619,51.9484],[-1.3464,51.9451],[-1.3453,51.9412],[-1.3325,51.9421],[-1.34,51.935],[-1.3302,51.9335],[-1.3305,51.9274],[-1.3252,51.9267],[-1.3247,51.9225]]]}},{"type":"Feature","properties":{"cd":"E05011395","nm":"Guiseley & Rawdon"},"geometry":{"type":"Polygon","coordinates":[[[-1.7173,53.8923],[-1.6861,53.8933],[-1.6894,53.8755],[-1.6948,53.8723],[-1.6888,53.8695],[-1.6891,53.8617],[-1.6563,53.8549],[-1.6604,53.8495],[-1.694,53.8513],[-1.6951,53.8575],[-1.7021,53.8578],[-1.7103,53.8635],[-1.7153,53.8662],[-1.7464,53.8634],[-1.7444,53.8656],[-1.7536,53.8675],[-1.761,53.8638],[-1.7783,53.8719],[-1.7787,53.8786],[-1.7948,53.8805],[-1.8004,53.886],[-1.795,53.8946],[-1.7875,53.8969],[-1.7767,53.8939],[-1.7795,53.8912],[-1.7673,53.8902],[-1.7563,53.8847],[-1.7254,53.8857],[-1.7268,53.8882],[-1.7173,53.8923]]]}},{"type":"Feature","properties":{"cd":"E05013952","nm":"Harpenden East"},"geometry":{"type":"Polygon","coordinates":[[[-0.3358,51.8109],[-0.3374,51.8106],[-0.347,51.8183],[-0.3523,51.8158],[-0.3559,51.8236],[-0.3451,51.8264],[-0.3422,51.8248],[-0.3487,51.8316],[-0.3423,51.8366],[-0.3323,51.8254],[-0.3265,51.824],[-0.3358,51.8109]]]}},{"type":"Feature","properties":{"cd":"E05013955","nm":"Harpenden West"},"geometry":{"type":"Polygon","coordinates":[[[-0.3559,51.8236],[-0.3523,51.8158],[-0.347,51.8183],[-0.3374,51.8106],[-0.3586,51.8027],[-0.3603,51.8104],[-0.366,51.8137],[-0.3774,51.8134],[-0.3775,51.8169],[-0.3615,51.8244],[-0.3559,51.8236]]]}},{"type":"Feature","properties":{"cd":"WLL:pheasey-park-farm","nm":"Pheasey Park Farm"},"geometry":{"type":"Polygon","coordinates":[[[-1.913,52.5809],[-1.9078,52.5689],[-1.8933,52.5613],[-1.8998,52.555],[-1.9182,52.5473],[-1.9331,52.5538],[-1.9326,52.5593],[-1.9389,52.5692],[-1.9381,52.576],[-1.9484,52.5758],[-1.9445,52.5855],[-1.9422,52.5909],[-1.9393,52.5822],[-1.913,52.5809]]]}},{"type":"Feature","properties":{"cd":"KIR:dewsbury-south","nm":"Dewsbury South"},"geometry":{"type":"Polygon","coordinates":[[[-1.6152,53.6776],[-1.6141,53.6738],[-1.5909,53.6605],[-1.6241,53.6541],[-1.6348,53.6539],[-1.6628,53.6417],[-1.6704,53.6431],[-1.6705,53.651],[-1.6753,53.6539],[-1.6611,53.663],[-1.6649,53.6734],[-1.6496,53.6807],[-1.6367,53.6787],[-1.6348,53.6889],[-1.6229,53.6866],[-1.622,53.6806],[-1.6152,53.6776]]]}},{"type":"Feature","properties":{"cd":"E05013956","nm":"Hill End"},"geometry":{"type":"Polygon","coordinates":[[[-0.3037,51.7376],[-0.3055,51.7458],[-0.3074,51.7599],[-0.306,51.7599],[-0.3057,51.7599],[-0.3032,51.7602],[-0.2948,51.7572],[-0.285,51.7602],[-0.2816,51.7516],[-0.2751,51.7532],[-0.2727,51.7499],[-0.2852,51.7494],[-0.2922,51.7405],[-0.3037,51.7376]]]}},{"type":"Feature","properties":{"cd":"E05013960","nm":"Park Street"},"geometry":{"type":"Polygon","coordinates":[[[-0.3193,51.7312],[-0.312,51.73],[-0.2999,51.7169],[-0.3047,51.7133],[-0.3052,51.7075],[-0.302,51.7081],[-0.3,51.6965],[-0.3092,51.6979],[-0.3223,51.6935],[-0.3267,51.7035],[-0.3368,51.6977],[-0.3497,51.6995],[-0.341,51.7004],[-0.3435,51.7067],[-0.356,51.7063],[-0.3622,51.709],[-0.3551,51.7161],[-0.3593,51.7213],[-0.3445,51.7326],[-0.3298,51.7291],[-0.3193,51.7312]]]}},{"type":"Feature","properties":{"cd":"E05010941","nm":"Prescot South"},"geometry":{"type":"Polygon","coordinates":[[[-2.782,53.4286],[-2.7762,53.4267],[-2.7817,53.4209],[-2.7865,53.4223],[-2.7998,53.4136],[-2.8133,53.4173],[-2.7879,53.4304],[-2.782,53.4286]]]}},{"type":"Feature","properties":{"cd":"E05010942","nm":"Roby"},"geometry":{"type":"Polygon","coordinates":[[[-2.8397,53.4134],[-2.8423,53.4065],[-2.8369,53.4004],[-2.8373,53.3999],[-2.8562,53.395],[-2.8719,53.4004],[-2.8817,53.408],[-2.8557,53.41],[-2.8548,53.4141],[-2.8454,53.4127],[-2.8466,53.4157],[-2.8409,53.4159],[-2.8397,53.4134]]]}},{"type":"Feature","properties":{"cd":"E05010943","nm":"Shevington"},"geometry":{"type":"Polygon","coordinates":[[[-2.8711,53.495],[-2.8883,53.4904],[-2.8924,53.4892],[-2.8996,53.4928],[-2.8984,53.5008],[-2.888,53.5038],[-2.8733,53.5],[-2.8711,53.495]]]}},{"type":"Feature","properties":{"cd":"E05009427","nm":"Chorleywood North & Sarratt"},"geometry":{"type":"Polygon","coordinates":[[[-0.4696,51.6968],[-0.4668,51.6959],[-0.454,51.687],[-0.4525,51.68],[-0.43,51.6834],[-0.4283,51.6706],[-0.4395,51.6728],[-0.4362,51.6599],[-0.4415,51.6576],[-0.4494,51.6589],[-0.4632,51.6579],[-0.4668,51.6506],[-0.4779,51.6539],[-0.4803,51.6506],[-0.4756,51.6458],[-0.4794,51.6429],[-0.4974,51.649],[-0.4988,51.6492],[-0.5135,51.652],[-0.5243,51.6579],[-0.521,51.668],[-0.5147,51.6655],[-0.5051,51.6731],[-0.5109,51.6798],[-0.5249,51.6787],[-0.5243,51.6821],[-0.523,51.6951],[-0.5155,51.7066],[-0.5029,51.7005],[-0.4696,51.6968]]]}},{"type":"Feature","properties":{"cd":"E05009431","nm":"Gade Valley"},"geometry":{"type":"Polygon","coordinates":[[[-0.421,51.6989],[-0.4216,51.6924],[-0.4301,51.6903],[-0.4232,51.6857],[-0.4282,51.6841],[-0.43,51.6834],[-0.4525,51.68],[-0.454,51.687],[-0.4668,51.6959],[-0.4403,51.701],[-0.4501,51.7255],[-0.4399,51.7283],[-0.4277,51.733],[-0.4203,51.7279],[-0.4318,51.7203],[-0.425,51.7182],[-0.4269,51.7155],[-0.4232,51.7137],[-0.438,51.7066],[-0.4346,51.7012],[-0.4248,51.7024],[-0.421,51.6989]]]}},{"type":"Feature","properties":{"cd":"E05015816","nm":"St John's"},"geometry":{"type":"Polygon","coordinates":[[[0.2764,51.1482],[0.2745,51.1461],[0.2699,51.1412],[0.2673,51.1429],[0.2605,51.1406],[0.2618,51.1515],[0.2764,51.1482]]]}},{"type":"Feature","properties":{"cd":"E05011055","nm":"Tudor"},"geometry":{"type":"Polygon","coordinates":[[[-0.3747,51.6735],[-0.3841,51.6692],[-0.3866,51.6568],[-0.3934,51.6618],[-0.3958,51.6671],[-0.3901,51.6757],[-0.3967,51.6783],[-0.393,51.6814],[-0.3747,51.6735]]]}},{"type":"Feature","properties":{"cd":"E05006632","nm":"Carterton North East"},"geometry":{"type":"Polygon","coordinates":[[[-1.5847,51.7624],[-1.5944,51.7592],[-1.5987,51.7675],[-1.5937,51.7688],[-1.5959,51.7732],[-1.5814,51.7718],[-1.5803,51.7639],[-1.5847,51.7624]]]}},{"type":"Feature","properties":{"cd":"E05006645","nm":"Standlake, Aston and Stanton Harcourt"},"geometry":{"type":"Polygon","coordinates":[[[-1.3634,51.7618],[-1.3678,51.7531],[-1.3654,51.7464],[-1.3741,51.7374],[-1.367,51.7296],[-1.3692,51.723],[-1.3919,51.7063],[-1.4034,51.7059],[-1.4193,51.7103],[-1.4386,51.7078],[-1.4421,51.7124],[-1.459,51.7133],[-1.4638,51.7117],[-1.4657,51.6991],[-1.479,51.7039],[-1.4921,51.6939],[-1.4972,51.6987],[-1.5134,51.7012],[-1.5122,51.7056],[-1.5079,51.7058],[-1.516,51.715],[-1.5162,51.7234],[-1.5237,51.7298],[-1.5191,51.7383],[-1.5034,51.7481],[-1.4964,51.7454],[-1.4982,51.7414],[-1.4925,51.7419],[-1.4833,51.752],[-1.4653,51.761],[-1.4532,51.7572],[-1.4466,51.7528],[-1.434,51.7518],[-1.4308,51.748],[-1.4281,51.7553],[-1.418,51.7508],[-1.4112,51.7699],[-1.4021,51.774],[-1.3975,51.7732],[-1.4011,51.7684],[-1.3929,51.7651],[-1.3763,51.7638],[-1.3672,51.7731],[-1.3676,51.7653],[-1.3634,51.7618]]]}},{"type":"Feature","properties":{"cd":"E05006651","nm":"Witney South"},"geometry":{"type":"Polygon","coordinates":[[[-1.4777,51.7756],[-1.5032,51.776],[-1.5052,51.7815],[-1.4998,51.7844],[-1.5018,51.7864],[-1.482,51.7848],[-1.4808,51.7871],[-1.4777,51.7756]]]}},{"type":"Feature","properties":{"cd":"MIK:woughton-and-fishermead","nm":"Woughton & Fishermead"},"geometry":{"type":"Polygon","coordinates":[[[-0.7392,52.0118],[-0.7464,52.0123],[-0.7485,52.0141],[-0.761,52.0236],[-0.7456,52.0314],[-0.7552,52.0369],[-0.7445,52.0417],[-0.7305,52.0352],[-0.7304,52.0275],[-0.7246,52.0256],[-0.7295,52.0254],[-0.7182,52.0191],[-0.7392,52.0118]]]}},{"type":"Feature","properties":{"cd":"GAT:whickham-south-and-sunniside","nm":"Whickham South & Sunniside"},"geometry":{"type":"Polygon","coordinates":[[[-1.6766,54.9361],[-1.6763,54.933],[-1.6566,54.9333],[-1.6413,54.9393],[-1.6439,54.9352],[-1.645,54.9282],[-1.6524,54.9302],[-1.67,54.9205],[-1.667,54.9165],[-1.6704,54.9093],[-1.6748,54.9093],[-1.6877,54.9079],[-1.6906,54.9027],[-1.6976,54.9062],[-1.6996,54.9092],[-1.7249,54.9088],[-1.7376,54.9187],[-1.7373,54.924],[-1.7306,54.9232],[-1.7275,54.928],[-1.7186,54.9314],[-1.7204,54.9375],[-1.7119,54.9364],[-1.7065,54.9458],[-1.6994,54.9475],[-1.6922,54.9393],[-1.6878,54.941],[-1.688,54.936],[-1.6766,54.9361]]]}},{"type":"Feature","properties":{"cd":"E05013926","nm":"Wall End"},"geometry":{"type":"Polygon","coordinates":[[[0.0688,51.5362],[0.0718,51.5329],[0.0726,51.5308],[0.0594,51.5287],[0.0536,51.5396],[0.057,51.5409],[0.0683,51.5443],[0.0688,51.5362]]]}},{"type":"Feature","properties":{"cd":"E05010843","nm":"Wivenhoe"},"geometry":{"type":"Polygon","coordinates":[[[0.9626,51.8914],[0.9581,51.8811],[0.9529,51.8803],[0.9766,51.8733],[0.9794,51.8695],[0.974,51.8605],[0.9781,51.854],[0.9666,51.8517],[0.9662,51.8518],[0.9555,51.8541],[0.9576,51.8533],[0.9542,51.8542],[0.9494,51.8562],[0.9508,51.8628],[0.9356,51.8764],[0.9351,51.8816],[0.9531,51.8917],[0.9626,51.8914]]]}},{"type":"Feature","properties":{"cd":"E05015725","nm":"Buckhurst Hill West"},"geometry":{"type":"Polygon","coordinates":[[[0.0507,51.6339],[0.0408,51.6157],[0.0218,51.6288],[0.0252,51.6352],[0.0337,51.6393],[0.0507,51.6339]]]}},{"type":"Feature","properties":{"cd":"E05013802","nm":"Pimlico North"},"geometry":{"type":"Polygon","coordinates":[[[-0.1426,51.4966],[-0.1315,51.4896],[-0.1414,51.4878],[-0.1483,51.4901],[-0.1448,51.4967],[-0.1426,51.4966]]]}},{"type":"Feature","properties":{"cd":"E05010997","nm":"Bishop's Waltham"},"geometry":{"type":"Polygon","coordinates":[[[-1.1789,50.9751],[-1.1759,50.9646],[-1.1907,50.9428],[-1.2035,50.9441],[-1.2153,50.9358],[-1.2307,50.9347],[-1.2353,50.9396],[-1.2672,50.9293],[-1.2737,50.9357],[-1.2847,50.9364],[-1.2911,50.9468],[-1.291,50.9509],[-1.27,50.9655],[-1.2434,50.9592],[-1.2406,50.9641],[-1.2444,50.9672],[-1.2348,50.9731],[-1.228,50.9834],[-1.2157,50.9876],[-1.2089,50.9857],[-1.1977,50.9906],[-1.1917,50.9887],[-1.1942,50.9845],[-1.1871,50.9764],[-1.1789,50.9751]]]}},{"type":"Feature","properties":{"cd":"E05015670","nm":"Locks Heath"},"geometry":{"type":"Polygon","coordinates":[[[-1.2609,50.8622],[-1.2674,50.8623],[-1.269,50.8565],[-1.2766,50.8523],[-1.2769,50.8556],[-1.2897,50.857],[-1.2877,50.8599],[-1.2949,50.8645],[-1.2874,50.8672],[-1.2802,50.8629],[-1.2739,50.8662],[-1.2708,50.8632],[-1.2609,50.8622]]]}},{"type":"Feature","properties":{"cd":"E05015671","nm":"Park Gate"},"geometry":{"type":"Polygon","coordinates":[[[-1.2553,50.8749],[-1.2535,50.8724],[-1.2547,50.8696],[-1.2654,50.8704],[-1.2609,50.8622],[-1.2708,50.8632],[-1.2739,50.8662],[-1.2802,50.8629],[-1.2874,50.8672],[-1.2809,50.8683],[-1.2846,50.8697],[-1.2793,50.8733],[-1.2826,50.8755],[-1.2802,50.8804],[-1.2553,50.8749]]]}},{"type":"Feature","properties":{"cd":"E05013363","nm":"Carisbrooke & Gunville"},"geometry":{"type":"Polygon","coordinates":[[[-1.3201,50.7013],[-1.3174,50.6934],[-1.3095,50.6921],[-1.3047,50.6957],[-1.303,50.6956],[-1.3115,50.6829],[-1.304,50.6751],[-1.2989,50.6769],[-1.2933,50.6732],[-1.2976,50.6739],[-1.2982,50.6699],[-1.3047,50.673],[-1.3123,50.6717],[-1.3125,50.6742],[-1.3176,50.671],[-1.3234,50.6738],[-1.3279,50.6713],[-1.3343,50.6726],[-1.334,50.6659],[-1.3282,50.6617],[-1.3308,50.6485],[-1.3346,50.6488],[-1.3449,50.6598],[-1.3511,50.6581],[-1.3506,50.665],[-1.3767,50.6662],[-1.3733,50.6783],[-1.3652,50.6844],[-1.3659,50.6963],[-1.3578,50.6985],[-1.3579,50.7085],[-1.3532,50.7094],[-1.3559,50.7137],[-1.3596,50.713],[-1.3612,50.7205],[-1.3474,50.7252],[-1.3371,50.7037],[-1.3224,50.7057],[-1.3201,50.7013]]]}},{"type":"Feature","properties":{"cd":"E05013372","nm":"Freshwater North & Yarmouth"},"geometry":{"type":"MultiPolygon","coordinates":[[[[-1.5046,50.7047],[-1.5049,50.7013],[-1.5028,50.703],[-1.5034,50.6971],[-1.5023,50.6995],[-1.4998,50.698],[-1.5034,50.6969],[-1.508,50.696],[-1.5039,50.6951],[-1.5057,50.6939],[-1.5029,50.6867],[-1.5081,50.6828],[-1.5105,50.6883],[-1.5258,50.6828],[-1.5271,50.6859],[-1.5296,50.69],[-1.5261,50.69],[-1.5274,50.6948],[-1.5241,50.6958],[-1.5313,50.7024],[-1.5238,50.7063],[-1.503,50.7067],[-1.5097,50.7058],[-1.5046,50.7047]]],[[[-1.4168,50.7253],[-1.4121,50.7246],[-1.4212,50.7247],[-1.4128,50.7211],[-1.4131,50.7205],[-1.4183,50.7189],[-1.4138,50.7189],[-1.4155,50.7152],[-1.4167,50.7137],[-1.416,50.7141],[-1.4163,50.7137],[-1.4292,50.7053],[-1.4299,50.6807],[-1.4392,50.6713],[-1.4452,50.6708],[-1.4427,50.6642],[-1.4606,50.6683],[-1.4763,50.6699],[-1.4796,50.6795],[-1.4933,50.6841],[-1.4858,50.6919],[-1.4908,50.6971],[-1.498,50.698],[-1.4979,50.6981],[-1.5013,50.701],[-1.5,50.7007],[-1.4974,50.7002],[-1.4968,50.7027],[-1.501,50.7017],[-1.5039,50.7057],[-1.4935,50.7069],[-1.4895,50.7068],[-1.4871,50.7068],[-1.4762,50.7089],[-1.4701,50.7096],[-1.4347,50.7233],[-1.4274,50.7261],[-1.4168,50.7253]]]]}},{"type":"Feature","properties":{"cd":"E05011359","nm":"Clayton & Openshaw"},"geometry":{"type":"Polygon","coordinates":[[[-2.1675,53.4811],[-2.1616,53.4749],[-2.1507,53.4729],[-2.1499,53.4709],[-2.1724,53.4688],[-2.1942,53.4718],[-2.1997,53.4883],[-2.166,53.4916],[-2.1675,53.4811]]]}},{"type":"Feature","properties":{"cd":"E05010865","nm":"Dore & Totley"},"geometry":{"type":"Polygon","coordinates":[[[-1.513,53.3337],[-1.515,53.3266],[-1.5068,53.3213],[-1.4984,53.3229],[-1.4961,53.3164],[-1.5105,53.316],[-1.5262,53.3104],[-1.5312,53.3107],[-1.5368,53.3047],[-1.5491,53.307],[-1.5585,53.3053],[-1.5618,53.3066],[-1.5558,53.3115],[-1.5614,53.3158],[-1.5805,53.3117],[-1.583,53.3157],[-1.5789,53.3167],[-1.5849,53.3216],[-1.5991,53.3113],[-1.6015,53.3182],[-1.6092,53.3227],[-1.6276,53.3162],[-1.6327,53.3208],[-1.6123,53.3432],[-1.6016,53.3426],[-1.5905,53.3459],[-1.5364,53.3528],[-1.528,53.3478],[-1.5195,53.3514],[-1.5175,53.3429],[-1.5194,53.3372],[-1.5269,53.3375],[-1.5324,53.3329],[-1.5158,53.3297],[-1.513,53.3337]]]}},{"type":"Feature","properties":{"cd":"E05010844","nm":"Downhall & Rawreth"},"geometry":{"type":"Polygon","coordinates":[[[0.6052,51.6296],[0.6088,51.6106],[0.6125,51.6026],[0.617,51.6012],[0.6101,51.5961],[0.5945,51.5975],[0.5942,51.5942],[0.5814,51.5971],[0.5801,51.5892],[0.5637,51.5916],[0.5656,51.5939],[0.5498,51.5982],[0.5515,51.6088],[0.5566,51.6084],[0.5616,51.6125],[0.5625,51.6179],[0.5665,51.6226],[0.5783,51.625],[0.587,51.6234],[0.588,51.6308],[0.6052,51.6296]]]}},{"type":"Feature","properties":{"cd":"E05010845","nm":"Foulness & The Wakerings"},"geometry":{"type":"MultiPolygon","coordinates":[[[[0.8403,51.5609],[0.8314,51.5602],[0.8258,51.5645],[0.8289,51.5723],[0.8322,51.5743],[0.8339,51.57],[0.8403,51.5609]]],[[[0.8144,51.5764],[0.821,51.5644],[0.8178,51.562],[0.8246,51.5636],[0.8296,51.5586],[0.8401,51.5602],[0.8505,51.5566],[0.8486,51.5514],[0.8212,51.5406],[0.8212,51.5406],[0.8192,51.5422],[0.8149,51.5437],[0.8109,51.5401],[0.789,51.5424],[0.7868,51.5473],[0.7867,51.5529],[0.7699,51.5518],[0.7532,51.5549],[0.7521,51.5584],[0.7595,51.5612],[0.7766,51.5587],[0.7764,51.5642],[0.8017,51.5686],[0.7992,51.5709],[0.8019,51.5721],[0.807,51.5696],[0.8038,51.5672],[0.8082,51.5671],[0.8099,51.5698],[0.7957,51.5746],[0.8081,51.5787],[0.8144,51.5764]]],[[[0.8375,51.5852],[0.8229,51.5649],[0.8156,51.5769],[0.8094,51.5791],[0.8082,51.585],[0.8083,51.5858],[0.8183,51.5941],[0.8301,51.596],[0.8364,51.5949],[0.8375,51.5852]]],[[[0.9553,51.6132],[0.9299,51.5924],[0.8866,51.5696],[0.8845,51.5694],[0.8792,51.5689],[0.8664,51.5589],[0.8536,51.5569],[0.8401,51.5616],[0.8327,51.5758],[0.8386,51.5815],[0.8455,51.5821],[0.8479,51.5776],[0.8573,51.5765],[0.8634,51.5719],[0.8579,51.5773],[0.8484,51.5783],[0.8465,51.5827],[0.8401,51.582],[0.838,51.5936],[0.8587,51.5925],[0.8668,51.5952],[0.8744,51.6142],[0.8832,51.6162],[0.8875,51.6156],[0.9008,51.6137],[0.9575,51.6205],[0.9553,51.6132]]]]}},{"type":"Feature","properties":{"cd":"E05013639","nm":"Finchley Church End"},"geometry":{"type":"Polygon","coordinates":[[[-0.1813,51.5961],[-0.1846,51.5944],[-0.1998,51.5898],[-0.2049,51.5889],[-0.2256,51.599],[-0.2148,51.5975],[-0.2076,51.605],[-0.2021,51.6051],[-0.1977,51.6092],[-0.1921,51.6057],[-0.1935,51.6014],[-0.1813,51.5961]]]}},{"type":"Feature","properties":{"cd":"E05013642","nm":"Golders Green"},"geometry":{"type":"Polygon","coordinates":[[[-0.1956,51.5765],[-0.2023,51.5776],[-0.2107,51.5719],[-0.2184,51.5768],[-0.2049,51.5889],[-0.1998,51.5898],[-0.1989,51.582],[-0.1925,51.578],[-0.1956,51.5765]]]}},{"type":"Feature","properties":{"cd":"E05002078","nm":"Budshead"},"geometry":{"type":"Polygon","coordinates":[[[-4.1141,50.4239],[-4.1281,50.4123],[-4.1211,50.4119],[-4.1191,50.406],[-4.141,50.4115],[-4.1394,50.4132],[-4.1582,50.4166],[-4.1695,50.4231],[-4.1634,50.4275],[-4.1439,50.4218],[-4.138,50.4218],[-4.131,50.4263],[-4.1141,50.4239]]]}},{"type":"Feature","properties":{"cd":"E05002082","nm":"Efford and Lipson"},"geometry":{"type":"Polygon","coordinates":[[[-4.0855,50.3905],[-4.0837,50.3866],[-4.0861,50.3858],[-4.084,50.3867],[-4.0887,50.3882],[-4.1043,50.3799],[-4.1043,50.3798],[-4.1307,50.3783],[-4.1324,50.3799],[-4.1188,50.3824],[-4.1151,50.3912],[-4.1105,50.3907],[-4.1125,50.3933],[-4.107,50.3948],[-4.0968,50.3954],[-4.0855,50.3905]]]}},{"type":"Feature","properties":{"cd":"E05010867","nm":"Ecclesall"},"geometry":{"type":"Polygon","coordinates":[[[-1.5064,53.3629],[-1.5082,53.3597],[-1.4918,53.3549],[-1.4879,53.3499],[-1.495,53.3449],[-1.5052,53.3377],[-1.5108,53.3385],[-1.513,53.3337],[-1.5158,53.3297],[-1.5324,53.3329],[-1.5269,53.3375],[-1.5194,53.3372],[-1.5175,53.3429],[-1.5195,53.3514],[-1.528,53.3478],[-1.5364,53.3528],[-1.5439,53.3562],[-1.5424,53.3598],[-1.5272,53.3581],[-1.5198,53.369],[-1.5054,53.3693],[-1.5021,53.3674],[-1.5064,53.3629]]]}},{"type":"Feature","properties":{"cd":"E05009434","nm":"Oxhey Hall & Hayling"},"geometry":{"type":"Polygon","coordinates":[[[-0.3868,51.6396],[-0.3871,51.6283],[-0.4133,51.6255],[-0.4163,51.6337],[-0.4269,51.638],[-0.4245,51.6411],[-0.4109,51.64],[-0.4047,51.6438],[-0.3943,51.6377],[-0.3868,51.6396]]]}},{"type":"Feature","properties":{"cd":"E05009436","nm":"Rickmansworth Town"},"geometry":{"type":"Polygon","coordinates":[[[-0.4668,51.6506],[-0.4607,51.6413],[-0.445,51.6383],[-0.4465,51.6324],[-0.4617,51.6347],[-0.471,51.629],[-0.4591,51.6222],[-0.4669,51.6178],[-0.4597,51.6132],[-0.4971,51.6317],[-0.4848,51.6349],[-0.4866,51.641],[-0.4974,51.649],[-0.4794,51.6429],[-0.4756,51.6458],[-0.4803,51.6506],[-0.4779,51.6539],[-0.4668,51.6506]]]}},{"type":"Feature","properties":{"cd":"E05015659","nm":"Hutton South"},"geometry":{"type":"Polygon","coordinates":[[[0.3426,51.627],[0.339,51.6199],[0.3425,51.6195],[0.3419,51.615],[0.3365,51.6167],[0.324,51.6077],[0.3178,51.6121],[0.3148,51.6141],[0.3206,51.6164],[0.3308,51.6312],[0.3426,51.627]]]}},{"type":"Feature","properties":{"cd":"E05010882","nm":"Walkley"},"geometry":{"type":"Polygon","coordinates":[[[-1.4798,53.3906],[-1.4753,53.3851],[-1.4842,53.3821],[-1.4922,53.3849],[-1.4911,53.3869],[-1.4971,53.3868],[-1.5033,53.3908],[-1.5111,53.3871],[-1.5181,53.3907],[-1.5116,53.3998],[-1.5007,53.4024],[-1.4798,53.3906]]]}},{"type":"Feature","properties":{"cd":"E05002091","nm":"Plymstock Dunstone"},"geometry":{"type":"Polygon","coordinates":[[[-4.0502,50.3766],[-4.0551,50.3683],[-4.0502,50.358],[-4.0578,50.3583],[-4.0582,50.3561],[-4.0717,50.3535],[-4.0906,50.3409],[-4.1047,50.3457],[-4.0865,50.3524],[-4.0838,50.3671],[-4.0684,50.3781],[-4.0502,50.3766]]]}},{"type":"Feature","properties":{"cd":"E05002092","nm":"Plymstock Radford"},"geometry":{"type":"Polygon","coordinates":[[[-4.0684,50.3781],[-4.0838,50.3671],[-4.0865,50.3524],[-4.1047,50.3457],[-4.1147,50.3444],[-4.123,50.3467],[-4.1259,50.357],[-4.1277,50.3575],[-4.1278,50.3577],[-4.1322,50.3586],[-4.1353,50.3594],[-4.1283,50.3607],[-4.1205,50.3579],[-4.1161,50.3604],[-4.1135,50.3542],[-4.1053,50.3565],[-4.1124,50.3594],[-4.1088,50.3666],[-4.098,50.3668],[-4.1082,50.3679],[-4.0993,50.3797],[-4.0861,50.3858],[-4.0837,50.3866],[-4.0855,50.3905],[-4.0684,50.3781]]]}},{"type":"Feature","properties":{"cd":"E05002095","nm":"Southway"},"geometry":{"type":"Polygon","coordinates":[[[-4.1087,50.4383],[-4.1141,50.4239],[-4.131,50.4263],[-4.138,50.4218],[-4.1439,50.4218],[-4.1634,50.4275],[-4.1653,50.43],[-4.1559,50.4364],[-4.1511,50.4366],[-4.1466,50.4311],[-4.1357,50.4329],[-4.1249,50.4357],[-4.1227,50.4408],[-4.1135,50.4442],[-4.1087,50.4383]]]}},{"type":"Feature","properties":{"cd":"E05011379","nm":"Whalley Range"},"geometry":{"type":"Polygon","coordinates":[[[-2.2387,53.4503],[-2.2448,53.4503],[-2.2441,53.4409],[-2.2581,53.439],[-2.2572,53.447],[-2.2676,53.4471],[-2.2715,53.4507],[-2.2582,53.4588],[-2.2568,53.4535],[-2.2372,53.4533],[-2.2387,53.4503]]]}},{"type":"Feature","properties":{"cd":"E05014045","nm":"North Heywood"},"geometry":{"type":"Polygon","coordinates":[[[-2.1921,53.6015],[-2.1893,53.5968],[-2.198,53.5869],[-2.2095,53.5894],[-2.2288,53.5871],[-2.2328,53.5989],[-2.2275,53.6035],[-2.2215,53.6007],[-2.2154,53.6033],[-2.2106,53.6],[-2.2034,53.5999],[-2.2,53.6044],[-2.1921,53.6015]]]}},{"type":"Feature","properties":{"cd":"E05014121","nm":"Blackbrook"},"geometry":{"type":"Polygon","coordinates":[[[-2.6871,53.4574],[-2.7009,53.4596],[-2.7093,53.4573],[-2.7109,53.4589],[-2.7211,53.4616],[-2.7172,53.4675],[-2.7071,53.4649],[-2.7053,53.4681],[-2.7111,53.4728],[-2.6876,53.4724],[-2.6897,53.4695],[-2.679,53.4646],[-2.6845,53.4632],[-2.6871,53.4574]]]}},{"type":"Feature","properties":{"cd":"E05014854","nm":"Tettenhall Regis"},"geometry":{"type":"Polygon","coordinates":[[[-2.1453,52.6106],[-2.1513,52.6034],[-2.1602,52.5971],[-2.1759,52.6001],[-2.1729,52.5948],[-2.1775,52.5964],[-2.1801,52.592],[-2.1886,52.5921],[-2.1899,52.5993],[-2.1952,52.6071],[-2.1873,52.609],[-2.1803,52.6049],[-2.1725,52.6103],[-2.1692,52.6093],[-2.171,52.6143],[-2.165,52.6165],[-2.1453,52.6106]]]}},{"type":"Feature","properties":{"cd":"BRD:toller","nm":"Toller"},"geometry":{"type":"Polygon","coordinates":[[[-1.7848,53.7992],[-1.7929,53.7988],[-1.8079,53.8046],[-1.8136,53.8073],[-1.8032,53.8082],[-1.8018,53.8111],[-1.7821,53.8121],[-1.7769,53.8043],[-1.7848,53.7992]]]}},{"type":"Feature","properties":{"cd":"BRD:windhill-and-wrose","nm":"Windhill & Wrose"},"geometry":{"type":"Polygon","coordinates":[[[-1.7336,53.8261],[-1.7369,53.8236],[-1.7436,53.8254],[-1.7549,53.817],[-1.768,53.819],[-1.7752,53.8293],[-1.762,53.8425],[-1.7528,53.8431],[-1.7467,53.8398],[-1.7469,53.8308],[-1.7336,53.8261]]]}},{"type":"Feature","properties":{"cd":"BRD:worth-valley","nm":"Worth Valley"},"geometry":{"type":"Polygon","coordinates":[[[-1.9259,53.844],[-1.9247,53.8411],[-1.9208,53.8434],[-1.9146,53.8401],[-1.9267,53.8361],[-1.9268,53.8295],[-1.9373,53.824],[-1.9269,53.8213],[-1.9265,53.8023],[-1.9188,53.7973],[-1.9285,53.7898],[-1.927,53.7875],[-1.9507,53.786],[-1.9597,53.7843],[-1.9808,53.7864],[-1.9868,53.7962],[-2.0097,53.8071],[-2.0316,53.8091],[-2.0369,53.8146],[-2.0612,53.8256],[-2.0469,53.8295],[-2.0461,53.8501],[-2.0317,53.8586],[-2.0216,53.8715],[-2.0135,53.8697],[-1.9995,53.8721],[-1.9877,53.8677],[-1.977,53.8755],[-1.9567,53.8638],[-1.958,53.8612],[-1.9443,53.8601],[-1.9457,53.8541],[-1.9407,53.8548],[-1.9418,53.8506],[-1.9355,53.8445],[-1.9306,53.8462],[-1.9259,53.844]]]}},{"type":"Feature","properties":{"cd":"CLD:ryburn","nm":"Ryburn"},"geometry":{"type":"Polygon","coordinates":[[[-1.9286,53.7101],[-1.9161,53.7026],[-1.9298,53.6967],[-1.9292,53.6888],[-1.9212,53.6852],[-1.9011,53.6865],[-1.895,53.6809],[-1.8888,53.6816],[-1.9003,53.6767],[-1.9022,53.6731],[-1.8968,53.6669],[-1.9107,53.6554],[-1.8978,53.6447],[-1.9342,53.6483],[-1.9413,53.6408],[-1.9632,53.6327],[-1.9727,53.6258],[-1.9795,53.6231],[-2.0045,53.6224],[-2.0095,53.6168],[-2.023,53.6158],[-2.0268,53.6242],[-2.0309,53.6292],[-2.03,53.6362],[-2.0416,53.6425],[-2.0357,53.6593],[-2.0529,53.6703],[-2.0549,53.6757],[-2.0507,53.6795],[-2.0444,53.673],[-2.0364,53.6712],[-2.0312,53.6775],[-2.0267,53.6743],[-2.0138,53.6776],[-2.0167,53.6802],[-2.0057,53.6893],[-1.9971,53.6836],[-1.9738,53.7066],[-1.9705,53.6979],[-1.9642,53.7015],[-1.9546,53.6999],[-1.956,53.7027],[-1.9509,53.7036],[-1.9465,53.7103],[-1.9424,53.7092],[-1.9425,53.7134],[-1.9286,53.7101]]]}},{"type":"Feature","properties":{"cd":"E05015581","nm":"Bedhampton"},"geometry":{"type":"MultiPolygon","coordinates":[[[[-1.0053,50.8338],[-1.0024,50.8293],[-1.009,50.8333],[-1.0053,50.8338]]],[[[-1.0185,50.8382],[-1.0102,50.835],[-1.017,50.8369],[-1.024,50.833],[-1.0242,50.833],[-1.0217,50.8374],[-1.0216,50.8374],[-1.0185,50.8382]]],[[[-0.9847,50.8524],[-0.9839,50.848],[-0.9908,50.8488],[-0.9947,50.8403],[-1.0012,50.8437],[-0.9966,50.8466],[-1.0009,50.8449],[-1.0008,50.8506],[-1.0008,50.8514],[-1.001,50.8504],[-1.0027,50.843],[-1.0032,50.843],[-1.0199,50.8432],[-1.0206,50.8391],[-1.0212,50.8383],[-1.0206,50.8392],[-1.0251,50.8477],[-1.0226,50.8521],[-1.0145,50.8549],[-1.0166,50.8644],[-0.9942,50.8642],[-0.9889,50.8596],[-0.9945,50.8537],[-0.9847,50.8524]]]]}},{"type":"Feature","properties":{"cd":"E05015582","nm":"Cowplain"},"geometry":{"type":"Polygon","coordinates":[[[-1.0015,50.8995],[-1.0047,50.8965],[-0.9988,50.8954],[-1.012,50.8777],[-1.0124,50.8881],[-1.0247,50.8872],[-1.0228,50.8901],[-1.0188,50.8938],[-1.0294,50.8968],[-1.0194,50.905],[-1.0015,50.8995]]]}},{"type":"Feature","properties":{"cd":"E05009352","nm":"Blackwater and Hawley"},"geometry":{"type":"Polygon","coordinates":[[[-0.7847,51.3382],[-0.7755,51.332],[-0.7671,51.3262],[-0.7629,51.3187],[-0.7642,51.3176],[-0.7678,51.3201],[-0.7733,51.3168],[-0.7787,51.3175],[-0.793,51.3081],[-0.7891,51.3067],[-0.7914,51.3035],[-0.7966,51.3047],[-0.7971,51.3024],[-0.8336,51.299],[-0.839,51.3223],[-0.8253,51.3234],[-0.7891,51.3292],[-0.7968,51.3355],[-0.7949,51.341],[-0.7847,51.3382]]]}},{"type":"Feature","properties":{"cd":"E58001784","nm":"Romsey Rural"},"geometry":{"type":"MultiPolygon","coordinates":[[[[-1.4857,50.9912],[-1.4953,50.9913],[-1.4876,50.9863],[-1.4789,50.9697],[-1.5119,50.9698],[-1.5214,50.9722],[-1.5079,50.9821],[-1.5098,50.9963],[-1.501,50.9989],[-1.4944,50.9971],[-1.4853,50.9991],[-1.4857,50.9912]]],[[[-1.4514,50.9971],[-1.4478,50.9957],[-1.4486,50.9876],[-1.4545,50.9835],[-1.4579,50.9727],[-1.4789,50.9697],[-1.4876,50.9863],[-1.4953,50.9913],[-1.4857,50.9912],[-1.4653,50.9974],[-1.4557,50.9996],[-1.4514,50.9971]]],[[[-1.4653,50.9974],[-1.4857,50.9912],[-1.4853,50.9991],[-1.4944,50.9971],[-1.501,50.9989],[-1.5085,51.0066],[-1.5013,51.0073],[-1.5002,51.011],[-1.4969,51.0142],[-1.4781,51.0169],[-1.4774,51.0088],[-1.4548,51.0096],[-1.4539,51.0069],[-1.4653,50.9974]]]]}},{"type":"Feature","properties":{"cd":"E05013368","nm":"Cowes South & Northwood"},"geometry":{"type":"Polygon","coordinates":[[[-1.3063,50.7566],[-1.3034,50.751],[-1.2938,50.7507],[-1.2939,50.7506],[-1.2878,50.7341],[-1.2875,50.7339],[-1.3065,50.7316],[-1.3061,50.7286],[-1.3317,50.7283],[-1.3384,50.7357],[-1.3204,50.7417],[-1.3218,50.7443],[-1.3133,50.745],[-1.3148,50.755],[-1.3074,50.7571],[-1.3063,50.7566]]]}},{"type":"Feature","properties":{"cd":"E05015870","nm":"Forest Hall"},"geometry":{"type":"Polygon","coordinates":[[[-1.5742,55.0278],[-1.5366,55.0221],[-1.5483,55.015],[-1.5592,55.0122],[-1.5723,55.0125],[-1.5694,55.0186],[-1.5767,55.0262],[-1.5792,55.0283],[-1.5742,55.0278]]]}},{"type":"Feature","properties":{"cd":"E05010877","nm":"Richmond"},"geometry":{"type":"Polygon","coordinates":[[[-1.3877,53.355],[-1.4091,53.3538],[-1.4274,53.3448],[-1.4242,53.3509],[-1.4287,53.3609],[-1.4048,53.3717],[-1.3969,53.3678],[-1.3977,53.3718],[-1.3915,53.3744],[-1.375,53.363],[-1.3892,53.3639],[-1.3877,53.355]]]}},{"type":"Feature","properties":{"cd":"E05010864","nm":"Darnall"},"geometry":{"type":"Polygon","coordinates":[[[-1.3907,53.4132],[-1.3776,53.3978],[-1.3762,53.3928],[-1.3912,53.3833],[-1.4065,53.3746],[-1.437,53.3844],[-1.4539,53.3852],[-1.4598,53.3881],[-1.4494,53.3899],[-1.4304,53.406],[-1.4085,53.4203],[-1.3983,53.4246],[-1.3817,53.4254],[-1.3823,53.421],[-1.3935,53.42],[-1.3894,53.4186],[-1.3907,53.4132]]]}},{"type":"Feature","properties":{"cd":"E05014129","nm":"Peasley Cross & Fingerpost"},"geometry":{"type":"Polygon","coordinates":[[[-2.7093,53.4573],[-2.7185,53.4485],[-2.7106,53.4454],[-2.7154,53.4374],[-2.7228,53.4368],[-2.7405,53.4461],[-2.7274,53.4562],[-2.7182,53.4553],[-2.7109,53.4589],[-2.7093,53.4573]]]}},{"type":"Feature","properties":{"cd":"E05010868","nm":"Firth Park"},"geometry":{"type":"Polygon","coordinates":[[[-1.4388,53.413],[-1.4494,53.413],[-1.4489,53.4152],[-1.4529,53.4127],[-1.4773,53.4115],[-1.4837,53.4138],[-1.4787,53.4279],[-1.4658,53.4283],[-1.458,53.4296],[-1.455,53.4221],[-1.4433,53.4242],[-1.4298,53.4169],[-1.4388,53.413]]]}},{"type":"Feature","properties":{"cd":"E05010870","nm":"Gleadless Valley"},"geometry":{"type":"Polygon","coordinates":[[[-1.4275,53.3447],[-1.4431,53.3376],[-1.459,53.3398],[-1.4538,53.3423],[-1.4583,53.3512],[-1.4777,53.3499],[-1.4834,53.354],[-1.4686,53.3648],[-1.4633,53.3684],[-1.4642,53.3599],[-1.4474,53.3559],[-1.4275,53.3447]]]}},{"type":"Feature","properties":{"cd":"E05015244","nm":"Bucklow-St Martins"},"geometry":{"type":"Polygon","coordinates":[[[-2.3673,53.4365],[-2.367,53.4331],[-2.3609,53.4315],[-2.3605,53.4354],[-2.3504,53.4376],[-2.3522,53.44],[-2.3465,53.4408],[-2.3435,53.4383],[-2.3494,53.4297],[-2.3504,53.4263],[-2.3597,53.4248],[-2.3646,53.4164],[-2.3796,53.4154],[-2.4049,53.4151],[-2.4067,53.4105],[-2.4155,53.4099],[-2.4333,53.4096],[-2.4462,53.4142],[-2.4537,53.4132],[-2.4494,53.4159],[-2.4224,53.4273],[-2.4135,53.4375],[-2.4012,53.4396],[-2.3993,53.4344],[-2.3912,53.4325],[-2.3894,53.4401],[-2.3847,53.4407],[-2.3843,53.4376],[-2.3785,53.4393],[-2.3796,53.436],[-2.3673,53.4365]]]}},{"type":"Feature","properties":{"cd":"E05015243","nm":"Brooklands"},"geometry":{"type":"Polygon","coordinates":[[[-2.3043,53.4099],[-2.3199,53.4116],[-2.3349,53.408],[-2.3455,53.4079],[-2.3412,53.4115],[-2.3319,53.4196],[-2.3104,53.4177],[-2.3037,53.4197],[-2.3043,53.4099]]]}},{"type":"Feature","properties":{"cd":"E05015008","nm":"Standish with Langtree"},"geometry":{"type":"Polygon","coordinates":[[[-2.6594,53.6036],[-2.653,53.5961],[-2.6437,53.5972],[-2.6339,53.5741],[-2.6399,53.5725],[-2.6402,53.5665],[-2.6538,53.5675],[-2.6636,53.5722],[-2.6696,53.5683],[-2.6804,53.5706],[-2.684,53.5881],[-2.6781,53.5921],[-2.6799,53.6015],[-2.6905,53.6024],[-2.6895,53.6043],[-2.6594,53.6036]]]}},{"type":"Feature","properties":{"cd":"SOL:knowle","nm":"Knowle"},"geometry":{"type":"Polygon","coordinates":[[[-1.6978,52.3833],[-1.7028,52.373],[-1.6822,52.3651],[-1.684,52.3633],[-1.6849,52.356],[-1.6939,52.351],[-1.6981,52.3557],[-1.7103,52.355],[-1.7183,52.3587],[-1.7185,52.3558],[-1.7203,52.3726],[-1.734,52.3707],[-1.7383,52.365],[-1.7436,52.3713],[-1.742,52.3765],[-1.7534,52.3833],[-1.7552,52.3927],[-1.7649,52.3895],[-1.7703,52.3928],[-1.7725,52.3944],[-1.7597,52.4026],[-1.7611,52.4083],[-1.7572,52.4101],[-1.746,52.4129],[-1.7384,52.4113],[-1.7401,52.4045],[-1.7282,52.3991],[-1.7272,52.3944],[-1.707,52.395],[-1.7084,52.385],[-1.703,52.3868],[-1.6978,52.3833]]]}},{"type":"Feature","properties":{"cd":"E05014841","nm":"Bushbury North"},"geometry":{"type":"Polygon","coordinates":[[[-2.0992,52.6328],[-2.0972,52.6234],[-2.1059,52.6215],[-2.1107,52.6168],[-2.1242,52.6195],[-2.1315,52.616],[-2.1304,52.6184],[-2.1426,52.6214],[-2.1371,52.6298],[-2.1338,52.6336],[-2.1316,52.6376],[-2.1182,52.6377],[-2.0992,52.6328]]]}},{"type":"Feature","properties":{"cd":"KIR:heckmondwike","nm":"Heckmondwike"},"geometry":{"type":"Polygon","coordinates":[[[-1.6652,53.7217],[-1.6544,53.717],[-1.6599,53.7145],[-1.6571,53.7034],[-1.6669,53.6983],[-1.6661,53.6937],[-1.6948,53.6935],[-1.6987,53.6968],[-1.6948,53.7058],[-1.6697,53.7207],[-1.6671,53.7233],[-1.6652,53.7217]]]}},{"type":"Feature","properties":{"cd":"KIR:holme-valley-north","nm":"Holme Valley North"},"geometry":{"type":"Polygon","coordinates":[[[-1.8345,53.6145],[-1.8293,53.6081],[-1.7962,53.61],[-1.7766,53.6143],[-1.7673,53.6123],[-1.7584,53.6048],[-1.7544,53.5943],[-1.7614,53.5887],[-1.7513,53.5845],[-1.7633,53.5834],[-1.776,53.5935],[-1.7832,53.5933],[-1.7843,53.5901],[-1.7949,53.5867],[-1.8156,53.5841],[-1.8133,53.5823],[-1.8382,53.5709],[-1.882,53.5645],[-1.8884,53.5745],[-1.9043,53.5837],[-1.9053,53.5947],[-1.8896,53.5973],[-1.8769,53.6099],[-1.8518,53.6075],[-1.8465,53.6095],[-1.8478,53.6147],[-1.8345,53.6145]]]}},{"type":"Feature","properties":{"cd":"E05011258","nm":"Buckden"},"geometry":{"type":"Polygon","coordinates":[[[-0.217,52.3045],[-0.2209,52.2882],[-0.2175,52.2848],[-0.2279,52.2708],[-0.2378,52.2614],[-0.2381,52.2552],[-0.2792,52.2582],[-0.2867,52.2632],[-0.29,52.2608],[-0.2952,52.2621],[-0.3152,52.2637],[-0.2944,52.2913],[-0.2842,52.2875],[-0.277,52.2908],[-0.2863,52.2979],[-0.2843,52.31],[-0.2636,52.3134],[-0.249,52.3084],[-0.2454,52.3026],[-0.2333,52.307],[-0.217,52.3045]]]}},{"type":"Feature","properties":{"cd":"E05011307","nm":"Whittlesford"},"geometry":{"type":"Polygon","coordinates":[[[0.1391,52.1259],[0.1394,52.1226],[0.1488,52.1222],[0.1699,52.1102],[0.1691,52.1037],[0.1425,52.101],[0.1125,52.0871],[0.1066,52.0683],[0.0877,52.0791],[0.0786,52.092],[0.0914,52.1113],[0.083,52.1172],[0.0704,52.1179],[0.0816,52.1265],[0.1103,52.1354],[0.1147,52.1215],[0.1261,52.1212],[0.1391,52.1259]]]}},{"type":"Feature","properties":{"cd":"E05014651","nm":"Crompton"},"geometry":{"type":"Polygon","coordinates":[[[-2.098,53.5964],[-2.0937,53.5865],[-2.1001,53.5794],[-2.0997,53.5668],[-2.1111,53.5679],[-2.1127,53.5746],[-2.1242,53.5751],[-2.1258,53.5865],[-2.1241,53.5891],[-2.1127,53.5928],[-2.112,53.5962],[-2.1106,53.5997],[-2.098,53.5964]]]}},{"type":"Feature","properties":{"cd":"E05014529","nm":"Dukinfield Stalybridge"},"geometry":{"type":"Polygon","coordinates":[[[-2.0501,53.4679],[-2.0777,53.4665],[-2.0736,53.4718],[-2.0787,53.4765],[-2.0749,53.4808],[-2.0513,53.4837],[-2.0446,53.4742],[-2.0501,53.4679]]]}},{"type":"Feature","properties":{"cd":"E05015240","nm":"Ashton upon Mersey"},"geometry":{"type":"Polygon","coordinates":[[[-2.3348,53.4375],[-2.3273,53.4331],[-2.316,53.4347],[-2.316,53.4347],[-2.3319,53.4196],[-2.3494,53.4297],[-2.3435,53.4383],[-2.3348,53.4375]]]}},{"type":"Feature","properties":{"cd":"E05015012","nm":"Winstanley"},"geometry":{"type":"Polygon","coordinates":[[[-2.6723,53.5303],[-2.6708,53.5304],[-2.655,53.5259],[-2.6523,53.5141],[-2.664,53.5057],[-2.6813,53.5116],[-2.6945,53.5177],[-2.6983,53.5328],[-2.6723,53.5303]]]}},{"type":"Feature","properties":{"cd":"E05013079","nm":"Bramley"},"geometry":{"type":"Polygon","coordinates":[[[-0.9861,51.3628],[-0.9867,51.3599],[-0.9946,51.3423],[-0.9907,51.3427],[-0.9917,51.3387],[-0.981,51.3372],[-0.9826,51.3262],[-0.9871,51.3229],[-0.9839,51.31],[-0.9954,51.2987],[-1.0012,51.3002],[-1.0016,51.2959],[-1.0076,51.2963],[-1.0123,51.2914],[-1.0452,51.2929],[-1.0416,51.3023],[-1.0543,51.305],[-1.0559,51.2997],[-1.0566,51.3018],[-1.065,51.3009],[-1.0708,51.2977],[-1.0741,51.3199],[-1.0853,51.3252],[-1.0958,51.3217],[-1.0991,51.3245],[-1.0899,51.3375],[-1.1102,51.3443],[-1.1158,51.3605],[-1.1155,51.3742],[-1.0975,51.3817],[-1.0866,51.3839],[-1.0754,51.3795],[-1.08,51.3746],[-1.0725,51.3753],[-1.0658,51.3723],[-1.0515,51.3626],[-1.0501,51.3581],[-1.0111,51.3592],[-1.0002,51.3627],[-0.9861,51.3628]]]}},{"type":"Feature","properties":{"cd":"E05013081","nm":"Brookvale & Kings Furlong"},"geometry":{"type":"Polygon","coordinates":[[[-1.1036,51.2551],[-1.1093,51.2672],[-1.0803,51.2696],[-1.0878,51.2571],[-1.0982,51.2539],[-1.1036,51.2551]]]}},{"type":"Feature","properties":{"cd":"E05013118","nm":"Walton Manor"},"geometry":{"type":"Polygon","coordinates":[[[-1.2503,51.7631],[-1.2594,51.7593],[-1.2635,51.7579],[-1.2679,51.7614],[-1.2722,51.759],[-1.2734,51.767],[-1.2647,51.7648],[-1.2534,51.7696],[-1.2503,51.7631]]]}},{"type":"Feature","properties":{"cd":"E05013041","nm":"Foggy Furze"},"geometry":{"type":"Polygon","coordinates":[[[-1.2098,54.671],[-1.22,54.6645],[-1.2355,54.6654],[-1.2362,54.6722],[-1.2243,54.6739],[-1.2255,54.6764],[-1.2164,54.6782],[-1.2154,54.6755],[-1.2109,54.6761],[-1.2098,54.671]]]}},{"type":"Feature","properties":{"cd":"E05013044","nm":"Manor House"},"geometry":{"type":"Polygon","coordinates":[[[-1.2255,54.6764],[-1.2243,54.6739],[-1.2362,54.6722],[-1.2355,54.6654],[-1.2411,54.6659],[-1.2404,54.6615],[-1.244,54.6615],[-1.2378,54.6551],[-1.2527,54.6558],[-1.2482,54.6658],[-1.2553,54.6703],[-1.2557,54.6759],[-1.2358,54.6778],[-1.2255,54.6764]]]}},{"type":"Feature","properties":{"cd":"E05002079","nm":"Compton"},"geometry":{"type":"Polygon","coordinates":[[[-4.107,50.3948],[-4.1125,50.3933],[-4.1105,50.3907],[-4.1151,50.3912],[-4.1188,50.3824],[-4.1324,50.3799],[-4.1389,50.383],[-4.1317,50.3861],[-4.1347,50.4005],[-4.107,50.3948]]]}},{"type":"Feature","properties":{"cd":"E05014168","nm":"Unsworth"},"geometry":{"type":"Polygon","coordinates":[[[-2.2507,53.5784],[-2.2433,53.5717],[-2.2481,53.5632],[-2.2427,53.5616],[-2.2426,53.5615],[-2.2606,53.5498],[-2.2732,53.5603],[-2.285,53.5525],[-2.296,53.5515],[-2.2923,53.5665],[-2.3008,53.5618],[-2.3045,53.5689],[-2.2956,53.57],[-2.3035,53.5727],[-2.3028,53.576],[-2.2862,53.5725],[-2.2871,53.5784],[-2.2814,53.5827],[-2.2722,53.5794],[-2.2655,53.5856],[-2.2592,53.5853],[-2.2507,53.5784]]]}},{"type":"Feature","properties":{"cd":"E05015020","nm":"Cheadle Hulme South"},"geometry":{"type":"Polygon","coordinates":[[[-2.1828,53.381],[-2.1757,53.3778],[-2.1873,53.3731],[-2.1823,53.3704],[-2.1822,53.3622],[-2.1893,53.3605],[-2.1854,53.3527],[-2.2004,53.3552],[-2.2036,53.3679],[-2.2096,53.3671],[-2.2141,53.3775],[-2.2037,53.3788],[-2.2042,53.3834],[-2.1949,53.3807],[-2.1894,53.3841],[-2.1828,53.381]]]}},{"type":"Feature","properties":{"cd":"BNS:cudworth","nm":"Cudworth"},"geometry":{"type":"Polygon","coordinates":[[[-1.3765,53.5595],[-1.3761,53.554],[-1.383,53.5588],[-1.3956,53.5567],[-1.4051,53.5595],[-1.4207,53.5672],[-1.4467,53.5674],[-1.4294,53.5809],[-1.431,53.5927],[-1.4235,53.5937],[-1.4072,53.5893],[-1.4026,53.5745],[-1.389,53.5737],[-1.3839,53.5621],[-1.3765,53.5595]]]}},{"type":"Feature","properties":{"cd":"BNS:dearne-south","nm":"Dearne South"},"geometry":{"type":"Polygon","coordinates":[[[-1.286,53.5269],[-1.2765,53.5206],[-1.2813,53.5165],[-1.3124,53.5138],[-1.3436,53.5143],[-1.3588,53.522],[-1.3486,53.5265],[-1.3334,53.5275],[-1.3298,53.5352],[-1.3116,53.5362],[-1.31,53.5333],[-1.286,53.5269]]]}},{"type":"Feature","properties":{"cd":"GAT:blaydon","nm":"Blaydon"},"geometry":{"type":"MultiPolygon","coordinates":[[[[-1.6867,54.967],[-1.6831,54.9659],[-1.684,54.9659],[-1.6867,54.967]]],[[[-1.7082,54.9688],[-1.711,54.9676],[-1.715,54.9679],[-1.7082,54.9688]]],[[[-1.6892,54.9665],[-1.6799,54.9636],[-1.6796,54.9635],[-1.6798,54.9634],[-1.6994,54.9475],[-1.7065,54.9458],[-1.7172,54.948],[-1.7176,54.9532],[-1.7251,54.9534],[-1.723,54.9566],[-1.7366,54.9566],[-1.7351,54.9611],[-1.7195,54.967],[-1.7188,54.9668],[-1.7098,54.9662],[-1.7029,54.9696],[-1.7004,54.97],[-1.6892,54.9665]]]]}},{"type":"Feature","properties":{"cd":"E05015802","nm":"Marshalswick West"},"geometry":{"type":"Polygon","coordinates":[[[-0.306,51.7599],[-0.3074,51.7599],[-0.3231,51.7587],[-0.3228,51.7718],[-0.3049,51.7727],[-0.306,51.7599]]]}},{"type":"Feature","properties":{"cd":"E05006637","nm":"Chipping Norton"},"geometry":{"type":"Polygon","coordinates":[[[-1.516,51.9315],[-1.5241,51.9313],[-1.5258,51.927],[-1.55,51.924],[-1.5688,51.9274],[-1.578,51.9368],[-1.5695,51.9402],[-1.573,51.9496],[-1.5531,51.9427],[-1.5356,51.9527],[-1.5274,51.9507],[-1.5284,51.9463],[-1.5187,51.9495],[-1.5069,51.9469],[-1.5052,51.9437],[-1.5142,51.9392],[-1.5122,51.9359],[-1.5172,51.936],[-1.516,51.9315]]]}},{"type":"Feature","properties":{"cd":"E05013104","nm":"Headington Hill & Northway"},"geometry":{"type":"Polygon","coordinates":[[[-1.2147,51.7695],[-1.2185,51.7664],[-1.2143,51.7615],[-1.2267,51.7635],[-1.2198,51.7574],[-1.2337,51.7531],[-1.237,51.752],[-1.2355,51.7562],[-1.2316,51.758],[-1.2358,51.7615],[-1.2322,51.768],[-1.2214,51.7722],[-1.2147,51.7695]]]}},{"type":"Feature","properties":{"cd":"E05011289","nm":"Cottenham"},"geometry":{"type":"Polygon","coordinates":[[[0.1491,52.3255],[0.1625,52.3242],[0.1674,52.3176],[0.1975,52.3243],[0.1986,52.3184],[0.1919,52.3074],[0.1377,52.274],[0.1355,52.2759],[0.1252,52.2715],[0.0931,52.2659],[0.083,52.2815],[0.0757,52.2782],[0.0678,52.2886],[0.0633,52.2925],[0.0804,52.3044],[0.0902,52.3064],[0.1019,52.3041],[0.1062,52.3101],[0.1014,52.3122],[0.1199,52.3159],[0.118,52.3222],[0.1058,52.3243],[0.1048,52.3288],[0.12,52.3281],[0.1403,52.3207],[0.1491,52.3255]]]}},{"type":"Feature","properties":{"cd":"SWD:highworth","nm":"Highworth"},"geometry":{"type":"Polygon","coordinates":[[[-1.6831,51.6901],[-1.6964,51.6821],[-1.7002,51.6709],[-1.6906,51.6638],[-1.6885,51.6568],[-1.6919,51.6522],[-1.6862,51.6523],[-1.6756,51.6414],[-1.6633,51.6399],[-1.6599,51.635],[-1.6737,51.6228],[-1.667,51.6162],[-1.6749,51.6117],[-1.6811,51.6137],[-1.6906,51.6054],[-1.6848,51.5903],[-1.6904,51.5844],[-1.6945,51.5903],[-1.6912,51.5916],[-1.6944,51.5909],[-1.6978,51.597],[-1.7142,51.5978],[-1.7137,51.6044],[-1.7262,51.6055],[-1.7251,51.6023],[-1.7353,51.6021],[-1.7293,51.6009],[-1.7412,51.5976],[-1.741,51.6008],[-1.7495,51.6013],[-1.7654,51.6037],[-1.7677,51.5979],[-1.7815,51.6044],[-1.8143,51.6245],[-1.8064,51.6327],[-1.7886,51.6327],[-1.7992,51.6625],[-1.7917,51.6632],[-1.7886,51.667],[-1.777,51.6694],[-1.7703,51.668],[-1.7664,51.6627],[-1.7538,51.6622],[-1.7393,51.6674],[-1.7275,51.6672],[-1.711,51.6718],[-1.7096,51.6817],[-1.6966,51.6921],[-1.6831,51.6901]]]}},{"type":"Feature","properties":{"cd":"E05002226","nm":"Westborough"},"geometry":{"type":"Polygon","coordinates":[[[0.6975,51.545],[0.6924,51.5439],[0.6776,51.5457],[0.6773,51.5512],[0.681,51.5514],[0.6969,51.55],[0.6975,51.545]]]}},{"type":"Feature","properties":{"cd":"E05013875","nm":"Redlands"},"geometry":{"type":"Polygon","coordinates":[[[-0.9521,51.4532],[-0.9477,51.4527],[-0.9442,51.4463],[-0.9481,51.4393],[-0.955,51.4428],[-0.9567,51.4363],[-0.9626,51.437],[-0.9643,51.4534],[-0.9592,51.454],[-0.9521,51.4532]]]}},{"type":"Feature","properties":{"cd":"E05014835","nm":"Tonge with the Haulgh"},"geometry":{"type":"Polygon","coordinates":[[[-2.4006,53.5923],[-2.401,53.5747],[-2.4047,53.5737],[-2.4035,53.5672],[-2.4159,53.5714],[-2.422,53.5798],[-2.4183,53.5869],[-2.4239,53.594],[-2.4213,53.5982],[-2.4079,53.5985],[-2.3985,53.5952],[-2.4006,53.5923]]]}},{"type":"Feature","properties":{"cd":"E05015914","nm":"Kingswinford North & Wall Heath"},"geometry":{"type":"Polygon","coordinates":[[[-2.1471,52.5135],[-2.1491,52.5087],[-2.159,52.5065],[-2.1535,52.5005],[-2.1658,52.4977],[-2.1718,52.4929],[-2.1742,52.4962],[-2.1852,52.4948],[-2.1887,52.4945],[-2.1848,52.5003],[-2.1918,52.5034],[-2.1866,52.5048],[-2.188,52.5084],[-2.1781,52.5117],[-2.1488,52.5147],[-2.1471,52.5135]]]}},{"type":"Feature","properties":{"cd":"E05010869","nm":"Fulwood"},"geometry":{"type":"Polygon","coordinates":[[[-1.5469,53.3834],[-1.5394,53.3741],[-1.5141,53.3769],[-1.5048,53.3754],[-1.5054,53.3693],[-1.5198,53.369],[-1.5272,53.3581],[-1.5424,53.3598],[-1.5439,53.3562],[-1.5364,53.3528],[-1.5905,53.3459],[-1.6256,53.3521],[-1.6306,53.3562],[-1.664,53.3669],[-1.6403,53.3737],[-1.6288,53.3736],[-1.6202,53.3851],[-1.6009,53.3824],[-1.5924,53.3772],[-1.5792,53.3763],[-1.5469,53.3834]]]}},{"type":"Feature","properties":{"cd":"BNS:north-east","nm":"North East"},"geometry":{"type":"Polygon","coordinates":[[[-1.3561,53.5954],[-1.3539,53.5834],[-1.3514,53.5811],[-1.3487,53.5833],[-1.3321,53.5629],[-1.3311,53.5564],[-1.3369,53.5504],[-1.3277,53.5449],[-1.3308,53.5404],[-1.3408,53.5457],[-1.3466,53.543],[-1.351,53.5449],[-1.3687,53.5633],[-1.3765,53.5595],[-1.3839,53.5621],[-1.389,53.5737],[-1.4026,53.5745],[-1.4072,53.5893],[-1.4235,53.5937],[-1.431,53.5927],[-1.4325,53.5935],[-1.4249,53.6045],[-1.4002,53.5987],[-1.3767,53.6065],[-1.3561,53.5954]]]}},{"type":"Feature","properties":{"cd":"BNS:stairfoot","nm":"Stairfoot"},"geometry":{"type":"Polygon","coordinates":[[[-1.4119,53.5556],[-1.4094,53.5432],[-1.3953,53.5362],[-1.3975,53.5323],[-1.4068,53.5315],[-1.4163,53.526],[-1.4255,53.528],[-1.4222,53.5329],[-1.4321,53.5395],[-1.4381,53.5397],[-1.446,53.5344],[-1.4642,53.5395],[-1.4637,53.5443],[-1.4483,53.5538],[-1.4388,53.5515],[-1.4226,53.5562],[-1.4119,53.5556]]]}},{"type":"Feature","properties":{"cd":"E05013948","nm":"Bernards Heath"},"geometry":{"type":"Polygon","coordinates":[[[-0.3228,51.7718],[-0.3231,51.7587],[-0.3271,51.7529],[-0.3361,51.7547],[-0.3387,51.7592],[-0.3359,51.7735],[-0.3372,51.7791],[-0.3335,51.7801],[-0.3327,51.7769],[-0.3249,51.7789],[-0.3228,51.7718]]]}},{"type":"Feature","properties":{"cd":"E05013949","nm":"Clarence"},"geometry":{"type":"Polygon","coordinates":[[[-0.3055,51.7458],[-0.3197,51.7493],[-0.3271,51.7529],[-0.3231,51.7587],[-0.3074,51.7599],[-0.3055,51.7458]]]}},{"type":"Feature","properties":{"cd":"E05011154","nm":"Moseley"},"geometry":{"type":"Polygon","coordinates":[[[-1.8832,52.4541],[-1.8775,52.451],[-1.8735,52.4542],[-1.8714,52.443],[-1.86,52.4368],[-1.8558,52.4381],[-1.8574,52.4337],[-1.8695,52.4347],[-1.8767,52.4313],[-1.8879,52.435],[-1.89,52.4411],[-1.9025,52.4351],[-1.9123,52.4379],[-1.9086,52.4498],[-1.9014,52.4549],[-1.8832,52.4541]]]}},{"type":"Feature","properties":{"cd":"WLL:darlaston-south","nm":"Darlaston South"},"geometry":{"type":"Polygon","coordinates":[[[-2.027,52.5646],[-2.0254,52.5623],[-2.0485,52.5517],[-2.051,52.5527],[-2.062,52.5582],[-2.0554,52.561],[-2.0579,52.5642],[-2.0509,52.5724],[-2.0426,52.5777],[-2.0346,52.5751],[-2.0372,52.5676],[-2.0299,52.5682],[-2.027,52.5646]]]}},{"type":"Feature","properties":{"cd":"KIR:dewsbury-west","nm":"Dewsbury West"},"geometry":{"type":"Polygon","coordinates":[[[-1.6422,53.7011],[-1.6398,53.6986],[-1.6348,53.6889],[-1.6367,53.6787],[-1.6496,53.6807],[-1.6649,53.6734],[-1.6779,53.675],[-1.6705,53.6855],[-1.6612,53.6847],[-1.6661,53.6937],[-1.6669,53.6983],[-1.6571,53.7034],[-1.6536,53.6996],[-1.6422,53.7011]]]}},{"type":"Feature","properties":{"cd":"KIR:greenhead","nm":"Greenhead"},"geometry":{"type":"Polygon","coordinates":[[[-1.7752,53.6596],[-1.7828,53.6512],[-1.7919,53.6517],[-1.7984,53.6416],[-1.815,53.6394],[-1.8161,53.6457],[-1.809,53.6601],[-1.8011,53.6657],[-1.7903,53.6675],[-1.7895,53.6641],[-1.7843,53.6647],[-1.781,53.6601],[-1.7752,53.6596]]]}},{"type":"Feature","properties":{"cd":"E05015835","nm":"Galley Common"},"geometry":{"type":"Polygon","coordinates":[[[-1.5239,52.5361],[-1.5179,52.5331],[-1.521,52.5311],[-1.5051,52.524],[-1.5538,52.5186],[-1.5538,52.5335],[-1.5241,52.5361],[-1.5239,52.5361]]]}},{"type":"Feature","properties":{"cd":"E05013049","nm":"Victoria"},"geometry":{"type":"Polygon","coordinates":[[[-1.2117,54.6893],[-1.2111,54.6826],[-1.235,54.6859],[-1.2343,54.691],[-1.2194,54.6934],[-1.2121,54.6939],[-1.2117,54.6893]]]}},{"type":"Feature","properties":{"cd":"E05015783","nm":"Barkham & Arborfield"},"geometry":{"type":"Polygon","coordinates":[[[-0.8746,51.4142],[-0.8706,51.4127],[-0.8701,51.4053],[-0.8629,51.4065],[-0.8608,51.4037],[-0.868,51.3967],[-0.8629,51.3918],[-0.8704,51.3801],[-0.8834,51.3844],[-0.8885,51.3764],[-0.8825,51.3717],[-0.8859,51.3687],[-0.8836,51.3642],[-0.8746,51.3592],[-0.874,51.3524],[-0.9151,51.3608],[-0.9177,51.3646],[-0.9054,51.3784],[-0.9086,51.3818],[-0.9292,51.3866],[-0.9415,51.3948],[-0.9398,51.4001],[-0.9108,51.4202],[-0.9043,51.4215],[-0.8938,51.4169],[-0.8861,51.4209],[-0.8746,51.4142]]]}},{"type":"Feature","properties":{"cd":"E05015789","nm":"Hillside"},"geometry":{"type":"Polygon","coordinates":[[[-0.9323,51.441],[-0.9353,51.4368],[-0.9292,51.4333],[-0.9062,51.4331],[-0.9263,51.4277],[-0.9352,51.4221],[-0.9317,51.4202],[-0.9481,51.4185],[-0.9403,51.425],[-0.9434,51.4293],[-0.9437,51.4384],[-0.9481,51.4393],[-0.9442,51.4463],[-0.9323,51.441]]]}},{"type":"Feature","properties":{"cd":"E05014989","nm":"Abram"},"geometry":{"type":"Polygon","coordinates":[[[-2.5654,53.5212],[-2.5583,53.5208],[-2.5601,53.5152],[-2.5556,53.5125],[-2.5632,53.5078],[-2.5663,53.4995],[-2.5824,53.5015],[-2.5876,53.4989],[-2.5824,53.4967],[-2.5965,53.4897],[-2.5993,53.4968],[-2.6144,53.5015],[-2.6252,53.5072],[-2.6251,53.5104],[-2.6332,53.5105],[-2.6281,53.5145],[-2.6159,53.5246],[-2.6164,53.5286],[-2.6017,53.5356],[-2.5938,53.5335],[-2.5811,53.5221],[-2.5654,53.5212]]]}},{"type":"Feature","properties":{"cd":"E05014990","nm":"Ashton-in-Makerfield South"},"geometry":{"type":"Polygon","coordinates":[[[-2.6144,53.5015],[-2.6236,53.4846],[-2.6173,53.4818],[-2.6455,53.4803],[-2.6559,53.4903],[-2.6385,53.4886],[-2.6419,53.4929],[-2.6315,53.4929],[-2.6252,53.5072],[-2.6144,53.5015]]]}},{"type":"Feature","properties":{"cd":"SND:ryhope","nm":"Ryhope"},"geometry":{"type":"Polygon","coordinates":[[[-1.358,54.8858],[-1.358,54.8857],[-1.3474,54.8606],[-1.3474,54.8606],[-1.369,54.8577],[-1.3828,54.8614],[-1.386,54.868],[-1.3809,54.8729],[-1.3919,54.8759],[-1.3891,54.8785],[-1.3796,54.8765],[-1.3814,54.8816],[-1.3682,54.8859],[-1.358,54.8858]]]}},{"type":"Feature","properties":{"cd":"SND:washington-north","nm":"Washington North"},"geometry":{"type":"Polygon","coordinates":[[[-1.5112,54.9317],[-1.4836,54.9284],[-1.4664,54.9301],[-1.4608,54.9215],[-1.461,54.9092],[-1.5148,54.9056],[-1.5258,54.906],[-1.5305,54.9131],[-1.5352,54.913],[-1.5322,54.922],[-1.5232,54.9294],[-1.5273,54.9331],[-1.5112,54.9317]]]}},{"type":"Feature","properties":{"cd":"E05011175","nm":"Sutton Mere Green"},"geometry":{"type":"Polygon","coordinates":[[[-1.8085,52.6031],[-1.8117,52.5983],[-1.8188,52.5982],[-1.8203,52.5754],[-1.8215,52.5751],[-1.8339,52.589],[-1.8437,52.5925],[-1.8506,52.6009],[-1.8542,52.6],[-1.8528,52.6025],[-1.8324,52.6078],[-1.8085,52.6031]]]}},{"type":"Feature","properties":{"cd":"E05014856","nm":"Wednesfield North"},"geometry":{"type":"Polygon","coordinates":[[[-2.0507,52.6205],[-2.0527,52.6173],[-2.048,52.616],[-2.0524,52.6049],[-2.0699,52.6106],[-2.0865,52.6061],[-2.0892,52.6087],[-2.081,52.6119],[-2.0673,52.6121],[-2.0687,52.6181],[-2.064,52.6207],[-2.0507,52.6205]]]}},{"type":"Feature","properties":{"cd":"WKF:wakefield-east","nm":"Wakefield East"},"geometry":{"type":"Polygon","coordinates":[[[-1.4592,53.6881],[-1.4583,53.6832],[-1.4673,53.6852],[-1.473,53.6754],[-1.4858,53.6731],[-1.4857,53.6647],[-1.4886,53.6659],[-1.4935,53.6607],[-1.4994,53.6631],[-1.5049,53.6659],[-1.4942,53.6676],[-1.491,53.678],[-1.4914,53.6868],[-1.5005,53.6867],[-1.5028,53.6891],[-1.5003,53.6945],[-1.4945,53.693],[-1.4902,53.6963],[-1.4732,53.6935],[-1.4666,53.6966],[-1.4661,53.691],[-1.4592,53.6881]]]}},{"type":"Feature","properties":{"cd":"E05011406","nm":"Morley North"},"geometry":{"type":"Polygon","coordinates":[[[-1.5699,53.7572],[-1.5702,53.7535],[-1.5926,53.7486],[-1.6057,53.7501],[-1.6142,53.7469],[-1.6193,53.7492],[-1.628,53.7454],[-1.6386,53.7462],[-1.6584,53.7455],[-1.6816,53.7565],[-1.6629,53.7668],[-1.6516,53.7674],[-1.636,53.765],[-1.6067,53.7659],[-1.5932,53.7672],[-1.5895,53.7708],[-1.5832,53.7642],[-1.5754,53.7659],[-1.5699,53.7572]]]}},{"type":"Feature","properties":{"cd":"KIR:liversedge-and-gomersal","nm":"Liversedge & Gomersal"},"geometry":{"type":"Polygon","coordinates":[[[-1.6697,53.7207],[-1.6948,53.7058],[-1.6987,53.6968],[-1.7064,53.6916],[-1.727,53.6861],[-1.7243,53.6845],[-1.7272,53.6828],[-1.7322,53.6846],[-1.7332,53.6948],[-1.7395,53.6995],[-1.7368,53.7141],[-1.7362,53.7163],[-1.7291,53.7163],[-1.7208,53.7124],[-1.7096,53.7176],[-1.7004,53.7174],[-1.7062,53.7318],[-1.6918,53.7367],[-1.6774,53.7348],[-1.6708,53.7304],[-1.6697,53.7207]]]}},{"type":"Feature","properties":{"cd":"E05010827","nm":"Berechurch"},"geometry":{"type":"Polygon","coordinates":[[[0.9082,51.8772],[0.9202,51.8453],[0.8989,51.8432],[0.896,51.8461],[0.8887,51.8462],[0.8812,51.848],[0.8841,51.863],[0.8964,51.8699],[0.9014,51.8785],[0.904,51.8804],[0.9082,51.8772]]]}},{"type":"Feature","properties":{"cd":"E05002087","nm":"Peverell"},"geometry":{"type":"Polygon","coordinates":[[[-4.1347,50.4005],[-4.1317,50.3861],[-4.1389,50.383],[-4.1446,50.3788],[-4.1606,50.3868],[-4.1599,50.3931],[-4.1358,50.4006],[-4.1347,50.4005]]]}},{"type":"Feature","properties":{"cd":"E05015491","nm":"Bargate"},"geometry":{"type":"Polygon","coordinates":[[[-1.3883,50.9049],[-1.388,50.8954],[-1.3929,50.8949],[-1.3884,50.8942],[-1.3927,50.8884],[-1.3964,50.8926],[-1.3933,50.8831],[-1.3995,50.8883],[-1.399,50.8945],[-1.4008,50.8903],[-1.4035,50.8956],[-1.4167,50.9006],[-1.4178,50.9009],[-1.4154,50.9079],[-1.4005,50.9102],[-1.3922,50.9082],[-1.3926,50.9047],[-1.3883,50.9049]]]}},{"type":"Feature","properties":{"cd":"E05011223","nm":"Crook Log"},"geometry":{"type":"Polygon","coordinates":[[[0.1433,51.4702],[0.1364,51.4609],[0.1373,51.4518],[0.1325,51.4482],[0.1156,51.4503],[0.1229,51.4519],[0.1226,51.4639],[0.1234,51.4664],[0.1171,51.4673],[0.1202,51.4703],[0.1291,51.4684],[0.1379,51.472],[0.1433,51.4702]]]}},{"type":"Feature","properties":{"cd":"E05015662","nm":"Shenfield"},"geometry":{"type":"Polygon","coordinates":[[[0.3493,51.6454],[0.3308,51.6312],[0.3206,51.6164],[0.3146,51.6232],[0.3099,51.6231],[0.3104,51.6282],[0.3033,51.634],[0.3145,51.6431],[0.3108,51.6455],[0.3122,51.6537],[0.3271,51.6568],[0.3493,51.6454]]]}},{"type":"Feature","properties":{"cd":"E05010828","nm":"Castle"},"geometry":{"type":"Polygon","coordinates":[[[0.9089,51.8993],[0.9171,51.8933],[0.9174,51.8877],[0.8824,51.8876],[0.8893,51.891],[0.8874,51.8949],[0.867,51.9013],[0.8721,51.902],[0.9089,51.8993]]]}},{"type":"Feature","properties":{"cd":"E05014128","nm":"Parr"},"geometry":{"type":"Polygon","coordinates":[[[-2.6871,53.4574],[-2.6772,53.4528],[-2.6822,53.4392],[-2.6907,53.4363],[-2.6936,53.4356],[-2.6918,53.4397],[-2.696,53.4421],[-2.7022,53.4421],[-2.7026,53.4446],[-2.7106,53.4454],[-2.7185,53.4485],[-2.7093,53.4573],[-2.7009,53.4596],[-2.6871,53.4574]]]}},{"type":"Feature","properties":{"cd":"E05011174","nm":"Sutton Four Oaks"},"geometry":{"type":"Polygon","coordinates":[[[-1.8215,52.5751],[-1.8191,52.5734],[-1.8231,52.571],[-1.8392,52.5724],[-1.8397,52.5705],[-1.8482,52.5761],[-1.8724,52.585],[-1.8528,52.6025],[-1.8542,52.6],[-1.8506,52.6009],[-1.8437,52.5925],[-1.8339,52.589],[-1.8215,52.5751]]]}},{"type":"Feature","properties":{"cd":"E05011124","nm":"Billesley"},"geometry":{"type":"Polygon","coordinates":[[[-1.8574,52.4337],[-1.8567,52.4293],[-1.8584,52.421],[-1.8494,52.4108],[-1.8578,52.4084],[-1.8648,52.411],[-1.8676,52.416],[-1.8855,52.4143],[-1.8881,52.4155],[-1.8927,52.4281],[-1.8885,52.4266],[-1.8767,52.4313],[-1.8695,52.4347],[-1.8574,52.4337]]]}},{"type":"Feature","properties":{"cd":"SAW:great-barr-tamebridge-and-yew-tree","nm":"Great Barr, Tamebridge & Yew Tree"},"geometry":{"type":"Polygon","coordinates":[[[-1.9541,52.5622],[-1.9511,52.5568],[-1.9423,52.5608],[-1.9326,52.5593],[-1.9331,52.5538],[-1.9182,52.5473],[-1.9185,52.547],[-1.9331,52.5458],[-1.9424,52.5448],[-1.9476,52.5479],[-1.9433,52.5508],[-1.9668,52.5519],[-1.9751,52.5557],[-1.9752,52.5559],[-1.9668,52.5626],[-1.9541,52.5622]]]}},{"type":"Feature","properties":{"cd":"SAW:cradley-heath-and-old-hill","nm":"Cradley Heath & Old Hill"},"geometry":{"type":"Polygon","coordinates":[[[-2.048,52.4675],[-2.059,52.462],[-2.0721,52.4607],[-2.0761,52.4643],[-2.0792,52.463],[-2.0971,52.4684],[-2.0943,52.4736],[-2.0755,52.4772],[-2.0577,52.4797],[-2.0553,52.4688],[-2.048,52.4675]]]}},{"type":"Feature","properties":{"cd":"SAW:bristnall","nm":"Bristnall"},"geometry":{"type":"Polygon","coordinates":[[[-1.995,52.4912],[-1.9899,52.4833],[-1.9784,52.4809],[-1.9941,52.4753],[-1.9995,52.4745],[-2.0028,52.4783],[-2.0067,52.4761],[-2.0145,52.4822],[-2.0102,52.4825],[-2.0068,52.4914],[-1.995,52.4912]]]}},{"type":"Feature","properties":{"cd":"E05014036","nm":"Central Rochdale"},"geometry":{"type":"Polygon","coordinates":[[[-2.1334,53.6182],[-2.1503,53.6115],[-2.1638,53.6115],[-2.1629,53.6147],[-2.1594,53.6191],[-2.1625,53.625],[-2.1447,53.629],[-2.1375,53.6262],[-2.1396,53.6229],[-2.1334,53.6182]]]}},{"type":"Feature","properties":{"cd":"E05014034","nm":"Bamford"},"geometry":{"type":"Polygon","coordinates":[[[-2.1663,53.6144],[-2.1735,53.6118],[-2.1736,53.6083],[-2.1656,53.6074],[-2.1732,53.6036],[-2.1921,53.6015],[-2.2,53.6044],[-2.2034,53.5999],[-2.2106,53.6],[-2.2154,53.6033],[-2.2215,53.6007],[-2.2275,53.6035],[-2.2224,53.6068],[-2.226,53.6132],[-2.2214,53.6184],[-2.2011,53.6213],[-2.1936,53.6191],[-2.1923,53.6221],[-2.1879,53.6205],[-2.1924,53.6161],[-2.1852,53.613],[-2.1778,53.6162],[-2.1663,53.6144]]]}},{"type":"Feature","properties":{"cd":"E05014035","nm":"Castleton"},"geometry":{"type":"Polygon","coordinates":[[[-2.1659,53.6001],[-2.1566,53.5823],[-2.1525,53.576],[-2.1706,53.5737],[-2.1789,53.5694],[-2.1905,53.5734],[-2.1997,53.5732],[-2.2024,53.5786],[-2.1976,53.5809],[-2.198,53.5869],[-2.1893,53.5968],[-2.1921,53.6015],[-2.1732,53.6036],[-2.1659,53.6001]]]}},{"type":"Feature","properties":{"cd":"E05015844","nm":"Weddington"},"geometry":{"type":"Polygon","coordinates":[[[-1.4519,52.5353],[-1.4561,52.5278],[-1.4663,52.528],[-1.4847,52.5398],[-1.4863,52.5409],[-1.4621,52.5505],[-1.4656,52.5477],[-1.4578,52.538],[-1.4597,52.5347],[-1.4519,52.5353]]]}},{"type":"Feature","properties":{"cd":"E05002212","nm":"Belfairs"},"geometry":{"type":"Polygon","coordinates":[[[0.6632,51.5627],[0.657,51.5603],[0.6553,51.5481],[0.6485,51.5485],[0.6338,51.554],[0.6317,51.5576],[0.6356,51.5606],[0.6321,51.5705],[0.6322,51.5707],[0.6479,51.5642],[0.6632,51.5627]]]}},{"type":"Feature","properties":{"cd":"E05002214","nm":"Chalkwell"},"geometry":{"type":"Polygon","coordinates":[[[0.6776,51.5457],[0.6924,51.5439],[0.693,51.5436],[0.6904,51.5351],[0.6879,51.5354],[0.6707,51.5381],[0.6707,51.5381],[0.6709,51.5384],[0.6671,51.5471],[0.6776,51.5457]]]}},{"type":"Feature","properties":{"cd":"E05015784","nm":"Bulmershe & Coronation"},"geometry":{"type":"Polygon","coordinates":[[[-0.8797,51.4618],[-0.8889,51.4581],[-0.8877,51.4551],[-0.8978,51.454],[-0.9255,51.4508],[-0.9216,51.4599],[-0.8834,51.4691],[-0.8888,51.4636],[-0.8817,51.4651],[-0.8797,51.4618]]]}},{"type":"Feature","properties":{"cd":"E05015787","nm":"Finchampstead"},"geometry":{"type":"Polygon","coordinates":[[[-0.8473,51.388],[-0.8429,51.3868],[-0.8327,51.3904],[-0.8221,51.3662],[-0.8221,51.3661],[-0.8374,51.3529],[-0.8429,51.3523],[-0.8478,51.3525],[-0.8681,51.3547],[-0.874,51.3524],[-0.8746,51.3592],[-0.8836,51.3642],[-0.8859,51.3687],[-0.8825,51.3717],[-0.8885,51.3764],[-0.8834,51.3844],[-0.8704,51.3801],[-0.8629,51.3918],[-0.8473,51.388]]]}},{"type":"Feature","properties":{"cd":"E05015788","nm":"Hawkedon"},"geometry":{"type":"Polygon","coordinates":[[[-0.8999,51.4375],[-0.8926,51.4261],[-0.9043,51.4215],[-0.9108,51.4202],[-0.9317,51.4202],[-0.9352,51.4221],[-0.9263,51.4277],[-0.9062,51.4331],[-0.9066,51.4377],[-0.8999,51.4375]]]}},{"type":"Feature","properties":{"cd":"E05014832","nm":"Queens Park & Central"},"geometry":{"type":"Polygon","coordinates":[[[-2.422,53.5798],[-2.4159,53.5714],[-2.4364,53.5665],[-2.4418,53.5681],[-2.4362,53.5721],[-2.4424,53.5758],[-2.4555,53.5737],[-2.4516,53.5761],[-2.4577,53.58],[-2.4524,53.5885],[-2.4441,53.5842],[-2.4273,53.5848],[-2.422,53.5798]]]}},{"type":"Feature","properties":{"cd":"E05013831","nm":"Temple Newsam"},"geometry":{"type":"Polygon","coordinates":[[[-1.4028,53.8016],[-1.4013,53.7998],[-1.4305,53.7977],[-1.4279,53.7916],[-1.432,53.7768],[-1.4434,53.7741],[-1.4699,53.7763],[-1.4957,53.7852],[-1.4984,53.7891],[-1.4858,53.8012],[-1.4521,53.8048],[-1.4423,53.7985],[-1.4269,53.8043],[-1.4028,53.8016]]]}},{"type":"Feature","properties":{"cd":"E05014655","nm":"Medlock Vale"},"geometry":{"type":"Polygon","coordinates":[[[-2.1141,53.5319],[-2.111,53.5251],[-2.101,53.5282],[-2.0921,53.5206],[-2.1033,53.5097],[-2.1163,53.5063],[-2.1175,53.5105],[-2.1096,53.518],[-2.1115,53.5206],[-2.1172,53.52],[-2.1133,53.5247],[-2.1234,53.5281],[-2.1178,53.5334],[-2.1141,53.5319]]]}},{"type":"Feature","properties":{"cd":"E05014043","nm":"Milnrow & Newhey"},"geometry":{"type":"Polygon","coordinates":[[[-2.0268,53.6242],[-2.0358,53.6029],[-2.0569,53.5974],[-2.0551,53.5946],[-2.0673,53.5924],[-2.0699,53.595],[-2.098,53.5964],[-2.1106,53.5997],[-2.112,53.5962],[-2.1208,53.5985],[-2.119,53.6102],[-2.117,53.6154],[-2.1232,53.6232],[-2.1181,53.6267],[-2.1079,53.6229],[-2.0894,53.6217],[-2.088,53.6163],[-2.0753,53.6242],[-2.0509,53.6248],[-2.0309,53.6292],[-2.0268,53.6242]]]}},{"type":"Feature","properties":{"cd":"E05013021","nm":"Broughton"},"geometry":{"type":"Polygon","coordinates":[[[-2.2503,53.508],[-2.2453,53.5049],[-2.2471,53.5024],[-2.2515,53.5039],[-2.2554,53.4991],[-2.2505,53.4901],[-2.2638,53.4902],[-2.269,53.4838],[-2.2716,53.5017],[-2.2647,53.5085],[-2.2606,53.506],[-2.2503,53.508]]]}},{"type":"Feature","properties":{"cd":"BNS:dearne-north","nm":"Dearne North"},"geometry":{"type":"Polygon","coordinates":[[[-1.286,53.5269],[-1.31,53.5333],[-1.3116,53.5362],[-1.3298,53.5352],[-1.3308,53.5404],[-1.3277,53.5449],[-1.3369,53.5504],[-1.3311,53.5564],[-1.3321,53.5629],[-1.3268,53.5582],[-1.2975,53.5514],[-1.287,53.5377],[-1.2938,53.5358],[-1.2757,53.5298],[-1.286,53.5269]]]}},{"type":"Feature","properties":{"cd":"E05011120","nm":"Alum Rock"},"geometry":{"type":"Polygon","coordinates":[[[-1.8319,52.4896],[-1.8309,52.485],[-1.8489,52.4836],[-1.8669,52.4822],[-1.8645,52.4927],[-1.8574,52.4989],[-1.8319,52.4896]]]}},{"type":"Feature","properties":{"cd":"E05011156","nm":"Newtown"},"geometry":{"type":"Polygon","coordinates":[[[-1.8962,52.5],[-1.8861,52.4985],[-1.8926,52.486],[-1.8999,52.485],[-1.9158,52.4957],[-1.9055,52.5002],[-1.8962,52.5]]]}},{"type":"Feature","properties":{"cd":"SAW:hateley-heath","nm":"Hateley Heath"},"geometry":{"type":"Polygon","coordinates":[[[-1.9897,52.5294],[-1.9932,52.5235],[-2.0053,52.5259],[-2.0028,52.532],[-2.0076,52.53],[-2.0112,52.5369],[-2.0012,52.5418],[-2.0016,52.5467],[-1.9799,52.5505],[-1.9874,52.5352],[-1.9953,52.532],[-1.9897,52.5294]]]}},{"type":"Feature","properties":{"cd":"SAW:oldbury","nm":"Oldbury"},"geometry":{"type":"Polygon","coordinates":[[[-2.0295,52.5183],[-2.012,52.5087],[-1.9982,52.5058],[-1.9964,52.5005],[-2.0068,52.4914],[-2.0162,52.496],[-2.0213,52.4932],[-2.0244,52.4962],[-2.0412,52.5085],[-2.0573,52.5123],[-2.0632,52.5137],[-2.0484,52.5242],[-2.0295,52.5183]]]}},{"type":"Feature","properties":{"cd":"CLD:salterhebble-southowram-and-skircoat-green","nm":"Salterhebble, Southowram & Skircoat Green"},"geometry":{"type":"Polygon","coordinates":[[[-1.8592,53.6964],[-1.8765,53.6981],[-1.878,53.7015],[-1.8851,53.7055],[-1.8745,53.705],[-1.8792,53.7152],[-1.8701,53.7194],[-1.8628,53.72],[-1.8605,53.7153],[-1.8547,53.7142],[-1.8515,53.705],[-1.8592,53.6964]]]}},{"type":"Feature","properties":{"cd":"E05006629","nm":"Bampton and Clanfield"},"geometry":{"type":"Polygon","coordinates":[[[-1.5553,51.7479],[-1.5501,51.7445],[-1.5521,51.7413],[-1.5362,51.7447],[-1.5308,51.7433],[-1.5323,51.7396],[-1.5191,51.7383],[-1.5237,51.7298],[-1.5162,51.7234],[-1.516,51.715],[-1.5079,51.7058],[-1.5122,51.7056],[-1.5134,51.7012],[-1.5343,51.6982],[-1.5452,51.7032],[-1.5608,51.6986],[-1.5749,51.7001],[-1.5768,51.7019],[-1.604,51.699],[-1.607,51.7067],[-1.6203,51.718],[-1.6195,51.7212],[-1.5977,51.7207],[-1.5964,51.7248],[-1.6024,51.7297],[-1.5978,51.7421],[-1.6064,51.7457],[-1.5814,51.7503],[-1.5632,51.7505],[-1.5553,51.7479]]]}},{"type":"Feature","properties":{"cd":"E05015006","nm":"Pemberton"},"geometry":{"type":"Polygon","coordinates":[[[-2.6755,53.5569],[-2.6618,53.5543],[-2.6562,53.5471],[-2.6648,53.5468],[-2.67,53.5402],[-2.6776,53.5385],[-2.6723,53.5303],[-2.6983,53.5328],[-2.7015,53.5609],[-2.6755,53.5569]]]}},{"type":"Feature","properties":{"cd":"E58000558","nm":"Fareham Warsash"},"geometry":{"type":"Polygon","coordinates":[[[-1.2766,50.8523],[-1.2744,50.8503],[-1.2674,50.8529],[-1.253,50.8478],[-1.2669,50.8272],[-1.2672,50.8274],[-1.3064,50.8407],[-1.308,50.8453],[-1.3033,50.8486],[-1.3077,50.8631],[-1.3017,50.8611],[-1.2949,50.8645],[-1.2877,50.8599],[-1.2897,50.857],[-1.2769,50.8556],[-1.2766,50.8523]]]}},{"type":"Feature","properties":{"cd":"E05015793","nm":"Shinfield"},"geometry":{"type":"Polygon","coordinates":[[[-0.9317,51.4202],[-0.9108,51.4202],[-0.9398,51.4001],[-0.9415,51.3948],[-0.9583,51.3975],[-0.9592,51.4024],[-0.9711,51.4101],[-0.9619,51.4123],[-0.9542,51.4215],[-0.9434,51.4293],[-0.9403,51.425],[-0.9481,51.4185],[-0.9317,51.4202]]]}},{"type":"Feature","properties":{"cd":"E05015796","nm":"Thames"},"geometry":{"type":"Polygon","coordinates":[[[-0.8427,51.5448],[-0.8539,51.5261],[-0.8362,51.5128],[-0.8241,51.5125],[-0.8174,51.5072],[-0.8171,51.4964],[-0.8204,51.495],[-0.8209,51.4972],[-0.8291,51.4863],[-0.8474,51.4914],[-0.8826,51.4871],[-0.8728,51.477],[-0.8768,51.4642],[-0.8739,51.462],[-0.8797,51.4618],[-0.8817,51.4651],[-0.8888,51.4636],[-0.8834,51.4691],[-0.9216,51.4599],[-0.9282,51.4613],[-0.9269,51.4673],[-0.9106,51.4768],[-0.9082,51.484],[-0.8977,51.487],[-0.8937,51.4968],[-0.8705,51.5033],[-0.8716,51.5076],[-0.8802,51.5116],[-0.8782,51.523],[-0.8839,51.5272],[-0.8998,51.5362],[-0.8969,51.5449],[-0.8874,51.5595],[-0.8797,51.5621],[-0.8727,51.5603],[-0.8625,51.549],[-0.8427,51.5448]]]}},{"type":"Feature","properties":{"cd":"E05015501","nm":"Redbridge"},"geometry":{"type":"Polygon","coordinates":[[[-1.445,50.9334],[-1.4479,50.9308],[-1.4517,50.927],[-1.4593,50.9287],[-1.4559,50.9177],[-1.4646,50.91],[-1.4646,50.91],[-1.4648,50.9102],[-1.4735,50.9195],[-1.4736,50.9197],[-1.4741,50.9204],[-1.4753,50.9215],[-1.4787,50.9252],[-1.4788,50.9254],[-1.4773,50.9285],[-1.4641,50.9351],[-1.4594,50.9432],[-1.4534,50.9367],[-1.4466,50.9383],[-1.445,50.9334]]]}},{"type":"Feature","properties":{"cd":"E05015502","nm":"Shirley"},"geometry":{"type":"Polygon","coordinates":[[[-1.4049,50.9215],[-1.4101,50.9225],[-1.4154,50.9189],[-1.422,50.9214],[-1.4273,50.9175],[-1.434,50.9227],[-1.4479,50.9308],[-1.445,50.9334],[-1.4316,50.9339],[-1.4288,50.929],[-1.419,50.9342],[-1.4065,50.9359],[-1.4049,50.9215]]]}},{"type":"Feature","properties":{"cd":"E05011402","nm":"Kirkstall"},"geometry":{"type":"Polygon","coordinates":[[[-1.5886,53.8223],[-1.5895,53.8169],[-1.5759,53.8087],[-1.5779,53.8024],[-1.5867,53.8033],[-1.5893,53.8082],[-1.5958,53.8081],[-1.6072,53.8158],[-1.61,53.8145],[-1.6153,53.8213],[-1.6326,53.828],[-1.6143,53.8372],[-1.6008,53.8382],[-1.6042,53.8312],[-1.6005,53.8244],[-1.5886,53.8223]]]}},{"type":"Feature","properties":{"cd":"E05014658","nm":"Saddleworth North"},"geometry":{"type":"Polygon","coordinates":[[[-2.0095,53.6168],[-1.9816,53.5893],[-1.9481,53.5728],[-1.9427,53.5616],[-1.9275,53.5546],[-1.9257,53.5532],[-1.9724,53.5508],[-1.9879,53.5559],[-2.0076,53.5537],[-2.011,53.5482],[-2.0234,53.5435],[-2.0319,53.5428],[-2.0369,53.5475],[-2.0432,53.541],[-2.047,53.5424],[-2.0554,53.5453],[-2.065,53.5433],[-2.062,53.5489],[-2.073,53.5484],[-2.0679,53.5583],[-2.0486,53.5699],[-2.0569,53.5731],[-2.0599,53.579],[-2.0505,53.5889],[-2.0551,53.5946],[-2.0569,53.5974],[-2.0358,53.6029],[-2.0268,53.6242],[-2.023,53.6158],[-2.0095,53.6168]]]}},{"type":"Feature","properties":{"cd":"E05014661","nm":"Shaw"},"geometry":{"type":"Polygon","coordinates":[[[-2.0551,53.5946],[-2.0505,53.5889],[-2.0599,53.579],[-2.0569,53.5731],[-2.0606,53.5702],[-2.0673,53.5739],[-2.0812,53.574],[-2.0817,53.5714],[-2.0892,53.5717],[-2.0936,53.5662],[-2.0997,53.5668],[-2.1001,53.5794],[-2.0937,53.5865],[-2.098,53.5964],[-2.0699,53.595],[-2.0673,53.5924],[-2.0551,53.5946]]]}},{"type":"Feature","properties":{"cd":"E05014662","nm":"St James'"},"geometry":{"type":"Polygon","coordinates":[[[-2.0569,53.5731],[-2.0486,53.5699],[-2.0679,53.5583],[-2.0777,53.5606],[-2.0923,53.5462],[-2.0975,53.5442],[-2.1017,53.5529],[-2.0936,53.5662],[-2.0892,53.5717],[-2.0817,53.5714],[-2.0812,53.574],[-2.0673,53.5739],[-2.0606,53.5702],[-2.0569,53.5731]]]}},{"type":"Feature","properties":{"cd":"COV:lower-stoke","nm":"Lower Stoke"},"geometry":{"type":"Polygon","coordinates":[[[-1.4604,52.4046],[-1.472,52.3936],[-1.4867,52.3962],[-1.4901,52.3999],[-1.488,52.4069],[-1.4845,52.4063],[-1.4841,52.4105],[-1.4726,52.4114],[-1.4717,52.4141],[-1.4605,52.4169],[-1.4604,52.4046]]]}},{"type":"Feature","properties":{"cd":"E05014663","nm":"St Mary's"},"geometry":{"type":"Polygon","coordinates":[[[-2.1017,53.5529],[-2.0975,53.5442],[-2.0923,53.5462],[-2.0919,53.5418],[-2.0801,53.5374],[-2.0846,53.5308],[-2.1151,53.538],[-2.1072,53.5395],[-2.1127,53.542],[-2.1054,53.5459],[-2.1085,53.5516],[-2.1059,53.5543],[-2.1017,53.5529]]]}},{"type":"Feature","properties":{"cd":"E05011046","nm":"Callowland"},"geometry":{"type":"Polygon","coordinates":[[[-0.3934,51.6618],[-0.3988,51.6659],[-0.4059,51.6715],[-0.3967,51.6783],[-0.3901,51.6757],[-0.3958,51.6671],[-0.3934,51.6618]]]}},{"type":"Feature","properties":{"cd":"WKF:featherstone","nm":"Featherstone"},"geometry":{"type":"Polygon","coordinates":[[[-1.3521,53.7042],[-1.3553,53.6985],[-1.3525,53.6861],[-1.3333,53.6813],[-1.3186,53.6713],[-1.3298,53.6729],[-1.3372,53.6697],[-1.3446,53.6628],[-1.3423,53.6581],[-1.3507,53.6588],[-1.3634,53.6673],[-1.3773,53.6686],[-1.377,53.6736],[-1.3945,53.6745],[-1.3908,53.6651],[-1.3949,53.6643],[-1.3952,53.6567],[-1.4043,53.6541],[-1.4054,53.6507],[-1.4135,53.6528],[-1.4118,53.661],[-1.4164,53.6668],[-1.4313,53.6696],[-1.4475,53.6686],[-1.4253,53.6793],[-1.4115,53.68],[-1.4187,53.6843],[-1.4075,53.6916],[-1.3893,53.6947],[-1.3863,53.6978],[-1.3945,53.7017],[-1.3877,53.7082],[-1.3521,53.7042]]]}},{"type":"Feature","properties":{"cd":"E05013377","nm":"Mountjoy & Shide"},"geometry":{"type":"Polygon","coordinates":[[[-1.2868,50.6888],[-1.2905,50.681],[-1.2851,50.6751],[-1.2933,50.6732],[-1.2989,50.6769],[-1.304,50.6751],[-1.3115,50.6829],[-1.303,50.6956],[-1.2903,50.6964],[-1.2868,50.6888]]]}},{"type":"Feature","properties":{"cd":"E05011117","nm":"Surrey Docks"},"geometry":{"type":"Polygon","coordinates":[[[-0.0324,51.4934],[-0.0405,51.4928],[-0.0442,51.4924],[-0.0461,51.4982],[-0.0385,51.502],[-0.0418,51.5044],[-0.0476,51.5035],[-0.0478,51.5042],[-0.043,51.5072],[-0.0339,51.5061],[-0.0335,51.5024],[-0.0324,51.4934]]]}},{"type":"Feature","properties":{"cd":"E05014526","nm":"Droylsden East"},"geometry":{"type":"Polygon","coordinates":[[[-2.1184,53.4917],[-2.1159,53.4871],[-2.1223,53.4832],[-2.1282,53.4858],[-2.1507,53.4729],[-2.1616,53.4749],[-2.1675,53.4811],[-2.1475,53.4795],[-2.1458,53.4854],[-2.1373,53.49],[-2.1409,53.4911],[-2.126,53.499],[-2.1184,53.4917]]]}},{"type":"Feature","properties":{"cd":"E58000582","nm":"Petersfield Hangers"},"geometry":{"type":"Polygon","coordinates":[[[-1.0216,51.1031],[-1.0101,51.1054],[-0.9631,51.1017],[-0.9576,51.0843],[-0.9347,51.0887],[-0.9213,51.0859],[-0.9118,51.0798],[-0.9191,51.0699],[-0.9074,51.0668],[-0.9005,51.0577],[-0.9069,51.0582],[-0.9365,51.0457],[-0.9379,51.0411],[-0.9339,51.0388],[-0.9507,51.0394],[-0.957,51.0472],[-0.9548,51.0528],[-0.9645,51.0472],[-1.0022,51.0597],[-1.0245,51.0537],[-1.0257,51.0624],[-1.0538,51.0472],[-1.0622,51.0445],[-1.0673,51.0476],[-1.0817,51.0464],[-1.0907,51.0549],[-1.0889,51.0607],[-1.095,51.0637],[-1.092,51.0676],[-1.1071,51.0789],[-1.1081,51.0885],[-1.1004,51.094],[-1.0858,51.0972],[-1.0833,51.1029],[-1.0725,51.1075],[-1.0653,51.1062],[-1.0597,51.0975],[-1.0504,51.0944],[-1.0557,51.0907],[-1.016,51.0939],[-1.0216,51.1031]]]}},{"type":"Feature","properties":{"cd":"E05014107","nm":"Myatt's Fields"},"geometry":{"type":"Polygon","coordinates":[[[-0.1082,51.4803],[-0.1036,51.4784],[-0.0994,51.4726],[-0.1015,51.4703],[-0.1125,51.4708],[-0.1121,51.4785],[-0.1107,51.4813],[-0.1082,51.4803]]]}},{"type":"Feature","properties":{"cd":"E05013799","nm":"Little Venice"},"geometry":{"type":"Polygon","coordinates":[[[-0.1768,51.5246],[-0.1702,51.5199],[-0.18,51.5201],[-0.1898,51.5247],[-0.1903,51.5249],[-0.1814,51.5284],[-0.1768,51.5246]]]}},{"type":"Feature","properties":{"cd":"CLD:hipperholme-and-lightcliffe","nm":"Hipperholme & Lightcliffe"},"geometry":{"type":"Polygon","coordinates":[[[-1.7866,53.7422],[-1.7793,53.7371],[-1.7795,53.7296],[-1.7737,53.7244],[-1.7701,53.7263],[-1.7536,53.7259],[-1.7554,53.7207],[-1.7445,53.7158],[-1.7624,53.7134],[-1.7643,53.716],[-1.7867,53.718],[-1.8022,53.7146],[-1.8146,53.7173],[-1.8212,53.7238],[-1.844,53.7244],[-1.8346,53.728],[-1.8263,53.7274],[-1.8143,53.741],[-1.7925,53.7449],[-1.7866,53.7422]]]}},{"type":"Feature","properties":{"cd":"KIR:colne-valley-west","nm":"Colne Valley West"},"geometry":{"type":"Polygon","coordinates":[[[-1.8611,53.6601],[-1.8603,53.6554],[-1.8645,53.6539],[-1.8589,53.6528],[-1.8603,53.6469],[-1.856,53.6447],[-1.8648,53.6413],[-1.8631,53.6382],[-1.851,53.632],[-1.843,53.6351],[-1.8387,53.633],[-1.84,53.6279],[-1.8345,53.6145],[-1.8478,53.6147],[-1.8465,53.6095],[-1.8518,53.6075],[-1.8769,53.6099],[-1.8896,53.5973],[-1.9053,53.5947],[-1.9043,53.5837],[-1.8884,53.5745],[-1.882,53.5645],[-1.9275,53.5546],[-1.9427,53.5616],[-1.9481,53.5728],[-1.9816,53.5893],[-2.0095,53.6168],[-2.0045,53.6224],[-1.9795,53.6231],[-1.9727,53.6258],[-1.9632,53.6327],[-1.9413,53.6408],[-1.9342,53.6483],[-1.8978,53.6447],[-1.875,53.6581],[-1.8634,53.6611],[-1.8611,53.6601]]]}},{"type":"Feature","properties":{"cd":"WKF:ossett","nm":"Ossett"},"geometry":{"type":"Polygon","coordinates":[[[-1.5545,53.7028],[-1.5552,53.6842],[-1.5541,53.6799],[-1.5724,53.6748],[-1.5693,53.6715],[-1.5752,53.6714],[-1.5747,53.6618],[-1.5832,53.6617],[-1.5805,53.6577],[-1.5909,53.6605],[-1.6141,53.6738],[-1.6152,53.6776],[-1.605,53.6794],[-1.5919,53.6893],[-1.5923,53.6916],[-1.6025,53.6922],[-1.5984,53.6998],[-1.5842,53.7031],[-1.5711,53.7064],[-1.5593,53.699],[-1.5545,53.7028]]]}},{"type":"Feature","properties":{"cd":"ESY:walton","nm":"Walton"},"geometry":{"type":"Polygon","coordinates":[[[-1.4374,53.2234],[-1.4415,53.2229],[-1.4401,53.2197],[-1.4617,53.2216],[-1.4676,53.2195],[-1.4795,53.2222],[-1.4773,53.2262],[-1.4543,53.2314],[-1.4491,53.2318],[-1.448,53.2268],[-1.4374,53.2234]]]}},{"type":"Feature","properties":{"cd":"ESY:west-ewell","nm":"West Ewell"},"geometry":{"type":"Polygon","coordinates":[[[-0.2541,51.3553],[-0.2588,51.3473],[-0.2741,51.3564],[-0.2812,51.3604],[-0.2748,51.3594],[-0.2708,51.3642],[-0.2541,51.3553]]]}},{"type":"Feature","properties":{"cd":"WSY:worplesdon","nm":"Worplesdon"},"geometry":{"type":"Polygon","coordinates":[[[-0.5507,51.267],[-0.5553,51.2639],[-0.5716,51.2634],[-0.573,51.2613],[-0.584,51.2655],[-0.5917,51.2667],[-0.5967,51.263],[-0.6038,51.2535],[-0.6012,51.2519],[-0.6026,51.2487],[-0.6138,51.2495],[-0.6189,51.244],[-0.6106,51.2431],[-0.6218,51.2403],[-0.6282,51.2368],[-0.6394,51.2369],[-0.6506,51.2434],[-0.654,51.2512],[-0.6495,51.2508],[-0.6484,51.2556],[-0.6547,51.2594],[-0.6426,51.2679],[-0.6331,51.2685],[-0.6331,51.277],[-0.6243,51.2771],[-0.6186,51.283],[-0.6117,51.2822],[-0.6009,51.2861],[-0.5636,51.2705],[-0.5549,51.2709],[-0.5507,51.267]]]}},{"type":"Feature","properties":{"cd":"E05011282","nm":"Balsham"},"geometry":{"type":"Polygon","coordinates":[[[0.4173,52.1593],[0.4209,52.1556],[0.4175,52.1332],[0.4099,52.1344],[0.4047,52.1293],[0.409,52.124],[0.3964,52.1224],[0.3983,52.1188],[0.3896,52.1175],[0.3818,52.1027],[0.3887,52.0992],[0.3869,52.0973],[0.395,52.096],[0.3908,52.089],[0.3818,52.09],[0.3733,52.0859],[0.3715,52.0913],[0.3628,52.0917],[0.361,52.0877],[0.3609,52.0913],[0.3525,52.0928],[0.3305,52.0884],[0.3172,52.0938],[0.3276,52.1103],[0.2788,52.1242],[0.2323,52.1443],[0.2322,52.1444],[0.2611,52.1651],[0.2917,52.1669],[0.3104,52.1857],[0.3517,52.1686],[0.3774,52.1666],[0.3763,52.1632],[0.3889,52.1618],[0.3949,52.158],[0.4054,52.1596],[0.4099,52.1564],[0.4173,52.1593]]]}},{"type":"Feature","properties":{"cd":"E05011283","nm":"Bar Hill"},"geometry":{"type":"Polygon","coordinates":[[[0.037,52.2509],[0.0331,52.2472],[0.0204,52.2494],[0.0181,52.2454],[0.0084,52.2489],[0.0181,52.2597],[0.037,52.2509]]]}},{"type":"Feature","properties":{"cd":"E05014169","nm":"Duxford"},"geometry":{"type":"Polygon","coordinates":[[[0.2322,52.1444],[0.2323,52.1443],[0.2226,52.1277],[0.2207,52.1291],[0.2043,52.094],[0.2101,52.0916],[0.2035,52.0927],[0.194,52.0755],[0.1832,52.0732],[0.1899,52.0622],[0.1864,52.0567],[0.1676,52.055],[0.1664,52.0482],[0.1608,52.0484],[0.1606,52.0521],[0.1526,52.0503],[0.1511,52.0529],[0.1281,52.0473],[0.1191,52.06],[0.1057,52.0603],[0.1066,52.0683],[0.1125,52.0871],[0.1425,52.101],[0.1691,52.1037],[0.1699,52.1102],[0.1834,52.1202],[0.1867,52.1285],[0.1827,52.1301],[0.1883,52.1365],[0.1737,52.1399],[0.1835,52.1412],[0.1913,52.1565],[0.1994,52.1605],[0.2322,52.1444]]]}},{"type":"Feature","properties":{"cd":"E05011291","nm":"Fen Ditton & Fulbourn"},"geometry":{"type":"Polygon","coordinates":[[[0.3104,52.1857],[0.2917,52.1669],[0.2611,52.1651],[0.2322,52.1444],[0.1994,52.1605],[0.1813,52.1695],[0.181,52.1879],[0.1846,52.1915],[0.1789,52.2014],[0.1757,52.2055],[0.1673,52.2041],[0.1759,52.2173],[0.1609,52.2208],[0.1672,52.2228],[0.1713,52.233],[0.1714,52.2338],[0.1836,52.2426],[0.1859,52.2503],[0.2064,52.263],[0.2116,52.2699],[0.2206,52.2635],[0.2105,52.2495],[0.2182,52.2492],[0.2295,52.2367],[0.2253,52.2317],[0.2304,52.2289],[0.2329,52.2315],[0.2544,52.2145],[0.311,52.1905],[0.3104,52.1857]]]}},{"type":"Feature","properties":{"cd":"E05014017","nm":"Roehampton"},"geometry":{"type":"Polygon","coordinates":[[[-0.2395,51.4649],[-0.2405,51.4555],[-0.2371,51.4556],[-0.2344,51.4444],[-0.2229,51.4483],[-0.2245,51.4386],[-0.2511,51.4326],[-0.2541,51.4373],[-0.2416,51.4431],[-0.2591,51.455],[-0.253,51.4652],[-0.2395,51.4649]]]}},{"type":"Feature","properties":{"cd":"E05015921","nm":"Sedgley"},"geometry":{"type":"Polygon","coordinates":[[[-2.1215,52.5568],[-2.1078,52.5441],[-2.1063,52.5407],[-2.1141,52.5393],[-2.1119,52.533],[-2.1204,52.5318],[-2.1361,52.5322],[-2.1356,52.5345],[-2.1391,52.5481],[-2.1335,52.5541],[-2.1284,52.5538],[-2.1276,52.5582],[-2.1215,52.5568]]]}},{"type":"Feature","properties":{"cd":"E05015740","nm":"Waltham Abbey South & Rural"},"geometry":{"type":"Polygon","coordinates":[[[0.0583,51.7061],[0.0677,51.7051],[0.0672,51.6923],[0.0809,51.6815],[0.0681,51.677],[0.0447,51.6658],[0.0393,51.6557],[0.0349,51.6446],[0.0252,51.6373],[0.0227,51.6411],[0.0011,51.6418],[-0.0123,51.6462],[-0.0118,51.6488],[-0.0098,51.6618],[-0.0103,51.6767],[0.0081,51.6765],[0.0102,51.6799],[0.0031,51.6813],[0.0105,51.6864],[0.0175,51.6838],[0.019,51.6859],[0.0304,51.685],[0.0321,51.6887],[0.038,51.69],[0.0345,51.6984],[0.0443,51.7005],[0.0515,51.7074],[0.0505,51.7038],[0.0583,51.7061]]]}},{"type":"Feature","properties":{"cd":"E05010851","nm":"Lodge"},"geometry":{"type":"Polygon","coordinates":[[[0.644,51.5751],[0.639,51.5768],[0.6322,51.5707],[0.6321,51.5705],[0.6084,51.5761],[0.6107,51.5826],[0.6191,51.5792],[0.6241,51.588],[0.64,51.5879],[0.6406,51.5825],[0.6493,51.5811],[0.644,51.5751]]]}},{"type":"Feature","properties":{"cd":"E05010853","nm":"Roche South"},"geometry":{"type":"MultiPolygon","coordinates":[[[[0.7585,51.5805],[0.7512,51.5804],[0.7587,51.5812],[0.7585,51.5805]]],[[[0.8083,51.5858],[0.8082,51.585],[0.8081,51.5856],[0.8083,51.5858]]],[[[0.6804,51.5904],[0.6989,51.5848],[0.7003,51.5866],[0.7102,51.5831],[0.7127,51.586],[0.7184,51.5853],[0.7169,51.5803],[0.7234,51.5787],[0.7256,51.5771],[0.7137,51.5727],[0.7442,51.5787],[0.7477,51.5794],[0.7531,51.5792],[0.7597,51.5789],[0.761,51.5764],[0.7646,51.5806],[0.8059,51.5861],[0.8068,51.5797],[0.7935,51.5763],[0.7991,51.5709],[0.7992,51.5709],[0.8017,51.5686],[0.7764,51.5642],[0.7766,51.5587],[0.7595,51.5612],[0.7521,51.5584],[0.739,51.5594],[0.7184,51.5609],[0.705,51.5671],[0.6678,51.5722],[0.644,51.5751],[0.6493,51.5811],[0.6406,51.5825],[0.64,51.5879],[0.6408,51.5911],[0.6804,51.5904]]]]}},{"type":"Feature","properties":{"cd":"E05010854","nm":"Sweyne Park & Grange"},"geometry":{"type":"Polygon","coordinates":[[[0.6101,51.5961],[0.606,51.5928],[0.595,51.5882],[0.5801,51.5892],[0.5814,51.5971],[0.5942,51.5942],[0.5945,51.5975],[0.6101,51.5961]]]}},{"type":"Feature","properties":{"cd":"E05010855","nm":"Trinity"},"geometry":{"type":"Polygon","coordinates":[[[0.6376,51.5941],[0.6408,51.5911],[0.64,51.5879],[0.6241,51.588],[0.6191,51.5792],[0.6107,51.5826],[0.6077,51.584],[0.6169,51.5877],[0.606,51.5928],[0.6101,51.5961],[0.617,51.6012],[0.6202,51.5968],[0.6376,51.5941]]]}},{"type":"Feature","properties":{"cd":"E05011297","nm":"Histon & Impington"},"geometry":{"type":"Polygon","coordinates":[[[0.1377,52.274],[0.1308,52.2654],[0.146,52.2535],[0.1299,52.2357],[0.1187,52.2313],[0.1174,52.2282],[0.1101,52.23],[0.1012,52.227],[0.0903,52.2371],[0.0943,52.2393],[0.0885,52.2423],[0.0914,52.2451],[0.0847,52.2477],[0.0852,52.2511],[0.0785,52.2614],[0.0931,52.2659],[0.1252,52.2715],[0.1355,52.2759],[0.1377,52.274]]]}},{"type":"Feature","properties":{"cd":"E05013881","nm":"Over & Willingham"},"geometry":{"type":"Polygon","coordinates":[[[0.1048,52.3288],[0.1058,52.3243],[0.118,52.3222],[0.1199,52.3159],[0.1014,52.3122],[0.1062,52.3101],[0.1019,52.3041],[0.0902,52.3064],[0.0804,52.3044],[0.0633,52.2925],[0.0678,52.2886],[0.0397,52.2959],[0.0371,52.2927],[0.0239,52.2945],[0.0029,52.3102],[0.0044,52.3174],[0.0093,52.3199],[-0.0047,52.3217],[0.0082,52.3345],[0.0096,52.3417],[0.027,52.3515],[0.0439,52.3529],[0.0653,52.3414],[0.1048,52.3288]]]}},{"type":"Feature","properties":{"cd":"E05013503","nm":"Kilburn"},"geometry":{"type":"Polygon","coordinates":[[[-0.1915,51.5363],[-0.1973,51.5279],[-0.203,51.5329],[-0.1993,51.535],[-0.2077,51.5426],[-0.2019,51.5453],[-0.1915,51.5363]]]}},{"type":"Feature","properties":{"cd":"E05013508","nm":"Queensbury"},"geometry":{"type":"Polygon","coordinates":[[[-0.2623,51.5963],[-0.2677,51.5949],[-0.266,51.5896],[-0.2739,51.5859],[-0.2658,51.5842],[-0.2778,51.5797],[-0.2814,51.5788],[-0.2825,51.5851],[-0.2842,51.5905],[-0.2904,51.5935],[-0.2871,51.5946],[-0.2671,51.6004],[-0.2623,51.5963]]]}},{"type":"Feature","properties":{"cd":"E05013510","nm":"Stonebridge"},"geometry":{"type":"Polygon","coordinates":[[[-0.2531,51.5546],[-0.251,51.5509],[-0.2566,51.5411],[-0.2556,51.534],[-0.283,51.5288],[-0.2894,51.5317],[-0.279,51.5332],[-0.2818,51.5381],[-0.2768,51.5419],[-0.2663,51.5555],[-0.2656,51.5588],[-0.2531,51.5546]]]}},{"type":"Feature","properties":{"cd":"E05013511","nm":"Sudbury"},"geometry":{"type":"Polygon","coordinates":[[[-0.302,51.5598],[-0.3034,51.5544],[-0.3149,51.5543],[-0.3124,51.5493],[-0.3125,51.549],[-0.3356,51.5566],[-0.3313,51.5614],[-0.322,51.5574],[-0.3168,51.5623],[-0.3107,51.5625],[-0.3102,51.5603],[-0.3039,51.563],[-0.302,51.5598]]]}},{"type":"Feature","properties":{"cd":"E05013660","nm":"Haverstock"},"geometry":{"type":"Polygon","coordinates":[[[-0.1472,51.5488],[-0.1464,51.5455],[-0.1473,51.5425],[-0.1551,51.5429],[-0.1613,51.5455],[-0.1617,51.5487],[-0.1567,51.551],[-0.1472,51.5488]]]}},{"type":"Feature","properties":{"cd":"E05013661","nm":"Highgate"},"geometry":{"type":"Polygon","coordinates":[[[-0.1424,51.5691],[-0.1394,51.5582],[-0.1482,51.5532],[-0.1586,51.5561],[-0.1734,51.5711],[-0.1712,51.5724],[-0.1424,51.5691]]]}},{"type":"Feature","properties":{"cd":"E05013662","nm":"Holborn & Covent Garden"},"geometry":{"type":"Polygon","coordinates":[[[-0.1053,51.5186],[-0.1138,51.5183],[-0.1116,51.5153],[-0.1289,51.5134],[-0.1303,51.5164],[-0.1204,51.5176],[-0.125,51.5222],[-0.1218,51.523],[-0.1142,51.5255],[-0.1053,51.5186]]]}},{"type":"Feature","properties":{"cd":"E05013663","nm":"Kentish Town North"},"geometry":{"type":"Polygon","coordinates":[[[-0.1384,51.5569],[-0.1307,51.5507],[-0.1477,51.5525],[-0.1482,51.5532],[-0.1394,51.5582],[-0.1384,51.5569]]]}},{"type":"Feature","properties":{"cd":"E05013666","nm":"King's Cross"},"geometry":{"type":"Polygon","coordinates":[[[-0.1198,51.5309],[-0.1142,51.5255],[-0.1218,51.523],[-0.1262,51.5291],[-0.1263,51.5347],[-0.1375,51.5408],[-0.1376,51.5409],[-0.1251,51.5411],[-0.1198,51.5309]]]}},{"type":"Feature","properties":{"cd":"E05013581","nm":"West Drayton"},"geometry":{"type":"Polygon","coordinates":[[[-0.4502,51.5072],[-0.4428,51.5057],[-0.4481,51.5049],[-0.4529,51.4978],[-0.4631,51.4989],[-0.4667,51.5027],[-0.469,51.4955],[-0.4901,51.4946],[-0.49,51.4947],[-0.4833,51.5066],[-0.4855,51.51],[-0.4502,51.5072]]]}},{"type":"Feature","properties":{"cd":"E05013582","nm":"Wood End"},"geometry":{"type":"Polygon","coordinates":[[[-0.422,51.5229],[-0.3904,51.5132],[-0.3935,51.507],[-0.4038,51.5029],[-0.4038,51.5029],[-0.4074,51.5028],[-0.4042,51.5101],[-0.4109,51.5115],[-0.4108,51.514],[-0.4269,51.5172],[-0.4261,51.5125],[-0.437,51.5142],[-0.4438,51.519],[-0.4476,51.5229],[-0.4383,51.5264],[-0.422,51.5229]]]}},{"type":"Feature","properties":{"cd":"E05013583","nm":"Yeading"},"geometry":{"type":"Polygon","coordinates":[[[-0.381,51.5294],[-0.3764,51.5289],[-0.3834,51.5175],[-0.3903,51.5177],[-0.4016,51.5261],[-0.4097,51.5278],[-0.4118,51.534],[-0.4118,51.5341],[-0.381,51.5294]]]}},{"type":"Feature","properties":{"cd":"E05013584","nm":"Yiewsley"},"geometry":{"type":"Polygon","coordinates":[[[-0.451,51.5157],[-0.4502,51.5072],[-0.4855,51.51],[-0.4898,51.5115],[-0.4916,51.5189],[-0.4804,51.5209],[-0.4769,51.5175],[-0.4719,51.5218],[-0.4629,51.5227],[-0.462,51.5195],[-0.451,51.5157]]]}},{"type":"Feature","properties":{"cd":"E05013606","nm":"Bedfont"},"geometry":{"type":"Polygon","coordinates":[[[-0.4087,51.4679],[-0.4152,51.463],[-0.4102,51.4574],[-0.4274,51.4539],[-0.422,51.4511],[-0.4259,51.4445],[-0.4463,51.44],[-0.4565,51.4382],[-0.4613,51.4524],[-0.4587,51.4563],[-0.4439,51.4533],[-0.4414,51.4568],[-0.435,51.4569],[-0.4336,51.4617],[-0.4111,51.4699],[-0.4087,51.4679]]]}},{"type":"Feature","properties":{"cd":"E05013936","nm":"King George's & Sunray"},"geometry":{"type":"Polygon","coordinates":[[[-0.269,51.3735],[-0.2724,51.3722],[-0.274,51.3707],[-0.2841,51.3652],[-0.3001,51.3699],[-0.2978,51.374],[-0.2878,51.374],[-0.2806,51.3791],[-0.2699,51.3884],[-0.2656,51.383],[-0.2711,51.3806],[-0.269,51.3735]]]}},{"type":"Feature","properties":{"cd":"E05013938","nm":"Kingston Town"},"geometry":{"type":"Polygon","coordinates":[[[-0.3034,51.4131],[-0.296,51.4128],[-0.2944,51.4045],[-0.2888,51.4036],[-0.304,51.3983],[-0.3103,51.3996],[-0.3085,51.4135],[-0.3034,51.4131]]]}},{"type":"Feature","properties":{"cd":"E05013826","nm":"Wandle"},"geometry":{"type":"Polygon","coordinates":[[[-0.1842,51.4313],[-0.184,51.4264],[-0.1788,51.4243],[-0.1823,51.4162],[-0.1872,51.4159],[-0.188,51.4213],[-0.1894,51.4255],[-0.1898,51.4314],[-0.1857,51.4332],[-0.1842,51.4313]]]}},{"type":"Feature","properties":{"cd":"E05013827","nm":"West Barnes"},"geometry":{"type":"Polygon","coordinates":[[[-0.2211,51.3965],[-0.2346,51.3906],[-0.2397,51.3893],[-0.2469,51.3971],[-0.2447,51.4039],[-0.2366,51.4022],[-0.2288,51.4071],[-0.2211,51.3965]]]}},{"type":"Feature","properties":{"cd":"E05011101","nm":"Dulwich Wood"},"geometry":{"type":"Polygon","coordinates":[[[-0.0637,51.4442],[-0.0634,51.4376],[-0.0729,51.4321],[-0.0739,51.4262],[-0.0783,51.4206],[-0.0893,51.432],[-0.0929,51.4411],[-0.0712,51.4455],[-0.0637,51.4442]]]}},{"type":"Feature","properties":{"cd":"E05011103","nm":"Goose Green"},"geometry":{"type":"Polygon","coordinates":[[[-0.0667,51.4624],[-0.066,51.459],[-0.0755,51.4502],[-0.0857,51.456],[-0.0788,51.4639],[-0.0667,51.4624]]]}},{"type":"Feature","properties":{"cd":"E05011105","nm":"Newington"},"geometry":{"type":"Polygon","coordinates":[[[-0.096,51.4857],[-0.0957,51.4838],[-0.1036,51.4784],[-0.1082,51.4803],[-0.104,51.4809],[-0.1085,51.4858],[-0.1033,51.4913],[-0.1018,51.4923],[-0.096,51.4857]]]}},{"type":"Feature","properties":{"cd":"E05011111","nm":"Peckham Rye"},"geometry":{"type":"Polygon","coordinates":[[[-0.0475,51.4651],[-0.0461,51.4569],[-0.0416,51.455],[-0.0461,51.4499],[-0.0576,51.4503],[-0.066,51.459],[-0.0667,51.4624],[-0.0605,51.4643],[-0.0501,51.4595],[-0.0474,51.4613],[-0.0507,51.466],[-0.0475,51.4651]]]}},{"type":"Feature","properties":{"cd":"E05014021","nm":"Southfields"},"geometry":{"type":"Polygon","coordinates":[[[-0.1919,51.4502],[-0.19,51.4415],[-0.2045,51.439],[-0.2076,51.4499],[-0.1958,51.4501],[-0.1965,51.4529],[-0.1919,51.4502]]]}},{"type":"Feature","properties":{"cd":"E05013792","nm":"Abbey Road"},"geometry":{"type":"Polygon","coordinates":[[[-0.1758,51.5396],[-0.1735,51.5376],[-0.1761,51.536],[-0.169,51.5301],[-0.1719,51.5264],[-0.1768,51.5246],[-0.1814,51.5284],[-0.1887,51.5345],[-0.1783,51.5398],[-0.1758,51.5396]]]}},{"type":"Feature","properties":{"cd":"E05013793","nm":"Bayswater"},"geometry":{"type":"Polygon","coordinates":[[[-0.1849,51.5195],[-0.1833,51.5184],[-0.1896,51.5152],[-0.1891,51.5101],[-0.1921,51.5099],[-0.1951,51.515],[-0.1992,51.5145],[-0.1999,51.5168],[-0.1952,51.5205],[-0.1849,51.5195]]]}},{"type":"Feature","properties":{"cd":"E05013794","nm":"Church Street"},"geometry":{"type":"Polygon","coordinates":[[[-0.1643,51.5209],[-0.1653,51.5208],[-0.1702,51.5199],[-0.1768,51.5246],[-0.1719,51.5264],[-0.1673,51.5283],[-0.1643,51.5209]]]}},{"type":"Feature","properties":{"cd":"E05013890","nm":"Hatch Lane & Highams Park North"},"geometry":{"type":"Polygon","coordinates":[[[0.0201,51.6264],[0.0145,51.6189],[0.0087,51.6191],[0.0213,51.6123],[0.0196,51.6076],[0.0164,51.6039],[0.0113,51.6084],[0.0031,51.6068],[-0.0023,51.6104],[0.0014,51.6208],[0.0048,51.6278],[0.0201,51.6264]]]}},{"type":"Feature","properties":{"cd":"E05013903","nm":"Wood Street"},"geometry":{"type":"Polygon","coordinates":[[[-0.0004,51.5813],[-0.0059,51.579],[-0.0104,51.5829],[-0.0087,51.5907],[-0.0012,51.5924],[-0.0004,51.5813]]]}},{"type":"Feature","properties":{"cd":"E05014013","nm":"Furzedown"},"geometry":{"type":"Polygon","coordinates":[[[-0.1384,51.4305],[-0.1378,51.4211],[-0.1404,51.4193],[-0.1445,51.4178],[-0.1599,51.4226],[-0.1636,51.4247],[-0.1596,51.4255],[-0.1491,51.4317],[-0.1384,51.4305]]]}},{"type":"Feature","properties":{"cd":"E05014016","nm":"Northcote"},"geometry":{"type":"Polygon","coordinates":[[[-0.1481,51.4564],[-0.1649,51.4502],[-0.1648,51.4471],[-0.1725,51.4572],[-0.1625,51.461],[-0.1497,51.4613],[-0.1481,51.4564]]]}},{"type":"Feature","properties":{"cd":"E05013797","nm":"Knightsbridge & Belgravia"},"geometry":{"type":"Polygon","coordinates":[[[-0.1525,51.5039],[-0.1498,51.5032],[-0.1448,51.4967],[-0.1483,51.4901],[-0.1475,51.4853],[-0.15,51.4855],[-0.1503,51.4854],[-0.1558,51.4947],[-0.1585,51.5022],[-0.1654,51.4987],[-0.1795,51.4978],[-0.1803,51.5015],[-0.1747,51.5022],[-0.1712,51.5067],[-0.1525,51.5039]]]}},{"type":"Feature","properties":{"cd":"E05013803","nm":"Pimlico South"},"geometry":{"type":"Polygon","coordinates":[[[-0.1315,51.4896],[-0.1285,51.4882],[-0.1365,51.4854],[-0.1417,51.485],[-0.1475,51.4853],[-0.1483,51.4901],[-0.1414,51.4878],[-0.1315,51.4896]]]}},{"type":"Feature","properties":{"cd":"E05013805","nm":"Regent's Park"},"geometry":{"type":"Polygon","coordinates":[[[-0.1452,51.524],[-0.1479,51.5235],[-0.1643,51.5209],[-0.1673,51.5283],[-0.1719,51.5264],[-0.169,51.5301],[-0.1761,51.536],[-0.1735,51.5376],[-0.1649,51.5358],[-0.1527,51.5375],[-0.1452,51.524]]]}},{"type":"Feature","properties":{"cd":"E05013806","nm":"St James's"},"geometry":{"type":"Polygon","coordinates":[[[-0.1115,51.5108],[-0.1115,51.5108],[-0.1213,51.5074],[-0.1223,51.5039],[-0.1247,51.4947],[-0.1426,51.4966],[-0.1448,51.4967],[-0.1498,51.5032],[-0.1289,51.5134],[-0.1116,51.5153],[-0.1115,51.5108]]]}},{"type":"Feature","properties":{"cd":"E05013807","nm":"Vincent Square"},"geometry":{"type":"Polygon","coordinates":[[[-0.1247,51.4947],[-0.1247,51.4947],[-0.1249,51.4944],[-0.1284,51.4882],[-0.1285,51.4882],[-0.1315,51.4896],[-0.1426,51.4966],[-0.1247,51.4947]]]}},{"type":"Feature","properties":{"cd":"E05013032","nm":"Swinton & Wardley"},"geometry":{"type":"Polygon","coordinates":[[[-2.3328,53.5141],[-2.3372,53.5073],[-2.344,53.5049],[-2.3699,53.513],[-2.3665,53.5201],[-2.3544,53.5247],[-2.3345,53.5207],[-2.3377,53.5149],[-2.3328,53.5141]]]}},{"type":"Feature","properties":{"cd":"E05011472","nm":"Norbury & Pollards Hill"},"geometry":{"type":"Polygon","coordinates":[[[-0.11,51.4053],[-0.1099,51.4053],[-0.1186,51.4019],[-0.1254,51.3988],[-0.1315,51.4049],[-0.1277,51.4123],[-0.1268,51.4127],[-0.11,51.4053]]]}},{"type":"Feature","properties":{"cd":"E05011486","nm":"Thornton Heath"},"geometry":{"type":"Polygon","coordinates":[[[-0.0821,51.4049],[-0.0931,51.395],[-0.1099,51.4053],[-0.11,51.4053],[-0.0952,51.4101],[-0.0821,51.4049]]]}},{"type":"Feature","properties":{"cd":"E05013522","nm":"East Acton"},"geometry":{"type":"Polygon","coordinates":[[[-0.249,51.5139],[-0.2451,51.5068],[-0.2465,51.5067],[-0.2637,51.5065],[-0.2643,51.5106],[-0.2653,51.5138],[-0.2699,51.5134],[-0.2679,51.5161],[-0.2518,51.5221],[-0.249,51.5139]]]}},{"type":"Feature","properties":{"cd":"E05013526","nm":"Lady Margaret"},"geometry":{"type":"Polygon","coordinates":[[[-0.3572,51.5238],[-0.3624,51.5259],[-0.3693,51.5166],[-0.3798,51.5169],[-0.3825,51.5173],[-0.3834,51.5175],[-0.3834,51.5175],[-0.3764,51.5289],[-0.3747,51.5328],[-0.3673,51.5322],[-0.3559,51.5267],[-0.3572,51.5238]]]}},{"type":"Feature","properties":{"cd":"E05013538","nm":"Southall Green"},"geometry":{"type":"Polygon","coordinates":[[[-0.3845,51.4947],[-0.4069,51.4997],[-0.4038,51.5029],[-0.4038,51.5029],[-0.3787,51.5059],[-0.3767,51.4981],[-0.3833,51.4994],[-0.3845,51.4947]]]}},{"type":"Feature","properties":{"cd":"E05013539","nm":"Southall West"},"geometry":{"type":"Polygon","coordinates":[[[-0.3825,51.5173],[-0.3859,51.5081],[-0.3787,51.5059],[-0.3787,51.5059],[-0.4038,51.5029],[-0.3935,51.507],[-0.3904,51.5132],[-0.3834,51.5175],[-0.3825,51.5173]]]}},{"type":"Feature","properties":{"cd":"E05013674","nm":"Brimsdown"},"geometry":{"type":"Polygon","coordinates":[[[-0.0098,51.6618],[-0.0118,51.6488],[-0.028,51.6501],[-0.0334,51.6473],[-0.0463,51.6494],[-0.0484,51.6543],[-0.0415,51.6683],[-0.0414,51.6685],[-0.0289,51.6681],[-0.0098,51.6618]]]}},{"type":"Feature","properties":{"cd":"E05013677","nm":"Carterhatch"},"geometry":{"type":"Polygon","coordinates":[[[-0.0415,51.6683],[-0.0484,51.6543],[-0.0463,51.6494],[-0.0601,51.6494],[-0.0567,51.665],[-0.0551,51.669],[-0.0415,51.6683]]]}},{"type":"Feature","properties":{"cd":"E05013678","nm":"Cockfosters"},"geometry":{"type":"Polygon","coordinates":[[[-0.1251,51.6515],[-0.1353,51.6469],[-0.133,51.6419],[-0.1389,51.6412],[-0.1384,51.6365],[-0.1423,51.6393],[-0.1521,51.6458],[-0.1499,51.6488],[-0.1547,51.6555],[-0.1756,51.6606],[-0.1854,51.6635],[-0.182,51.6687],[-0.1764,51.6726],[-0.1725,51.6731],[-0.1635,51.6859],[-0.1489,51.681],[-0.1524,51.6669],[-0.1384,51.6685],[-0.1212,51.6631],[-0.121,51.6604],[-0.1262,51.6593],[-0.1251,51.6515]]]}},{"type":"Feature","properties":{"cd":"E05013680","nm":"Enfield Lock"},"geometry":{"type":"Polygon","coordinates":[[[-0.0119,51.6809],[-0.0103,51.6767],[-0.0098,51.6618],[-0.0289,51.6681],[-0.0414,51.6685],[-0.0334,51.6825],[-0.0119,51.6809]]]}},{"type":"Feature","properties":{"cd":"E05013683","nm":"Highfield"},"geometry":{"type":"Polygon","coordinates":[[[-0.0804,51.6265],[-0.086,51.6163],[-0.0868,51.6159],[-0.1014,51.6146],[-0.0996,51.6224],[-0.0944,51.6314],[-0.0804,51.6265]]]}},{"type":"Feature","properties":{"cd":"E05013688","nm":"Palmers Green"},"geometry":{"type":"Polygon","coordinates":[[[-0.0996,51.6224],[-0.1014,51.6146],[-0.1138,51.6126],[-0.1156,51.6126],[-0.1123,51.6163],[-0.123,51.6181],[-0.1198,51.6235],[-0.1131,51.6245],[-0.112,51.6261],[-0.1088,51.622],[-0.1058,51.6251],[-0.0996,51.6224]]]}},{"type":"Feature","properties":{"cd":"E05013689","nm":"Ponders End"},"geometry":{"type":"Polygon","coordinates":[[[-0.0118,51.6488],[-0.0123,51.6462],[-0.0148,51.6367],[-0.0269,51.6401],[-0.0312,51.6374],[-0.0518,51.6408],[-0.0512,51.6438],[-0.0605,51.6449],[-0.0601,51.6494],[-0.0463,51.6494],[-0.0334,51.6473],[-0.028,51.6501],[-0.0118,51.6488]]]}},{"type":"Feature","properties":{"cd":"E05014073","nm":"Blackheath Westcombe"},"geometry":{"type":"Polygon","coordinates":[[[0.0246,51.4748],[0.0293,51.4672],[0.0216,51.4645],[0.0224,51.4596],[0.0104,51.4585],[0.0091,51.4659],[0.0133,51.4668],[0.0126,51.4698],[0.0165,51.4691],[0.018,51.4738],[0.0121,51.4732],[0.0014,51.4821],[0.0202,51.4844],[0.0202,51.4844],[0.0246,51.4748]]]}},{"type":"Feature","properties":{"cd":"E05014074","nm":"Charlton Hornfair"},"geometry":{"type":"Polygon","coordinates":[[[0.0488,51.4795],[0.0482,51.4725],[0.0246,51.4748],[0.0202,51.4844],[0.0258,51.4853],[0.0334,51.4793],[0.0488,51.4795]]]}},{"type":"Feature","properties":{"cd":"E05014075","nm":"Charlton Village & Riverside"},"geometry":{"type":"Polygon","coordinates":[[[0.0497,51.4848],[0.0521,51.4802],[0.0488,51.4795],[0.0334,51.4793],[0.0258,51.4853],[0.0319,51.4869],[0.0297,51.4939],[0.0458,51.4946],[0.0497,51.4848]]]}},{"type":"Feature","properties":{"cd":"E05014082","nm":"Greenwich Peninsula"},"geometry":{"type":"Polygon","coordinates":[[[0.0297,51.4939],[0.0319,51.4869],[0.0258,51.4853],[0.0202,51.4844],[0.0202,51.4844],[0.0062,51.4939],[0.0012,51.4927],[-0.0022,51.5001],[-0.001,51.5019],[0.0009,51.5045],[0.0056,51.5018],[0.0154,51.4961],[0.0157,51.4959],[0.029,51.4939],[0.0296,51.4939],[0.0297,51.4939]]]}},{"type":"Feature","properties":{"cd":"E05014083","nm":"Kidbrooke Park"},"geometry":{"type":"Polygon","coordinates":[[[0.0482,51.4725],[0.055,51.4711],[0.0549,51.4706],[0.0455,51.4641],[0.0388,51.4623],[0.03,51.4659],[0.0293,51.4672],[0.0246,51.4748],[0.0482,51.4725]]]}},{"type":"Feature","properties":{"cd":"E05014089","nm":"Shooters Hill"},"geometry":{"type":"Polygon","coordinates":[[[0.073,51.4819],[0.0723,51.4788],[0.0871,51.47],[0.0823,51.4666],[0.0736,51.4637],[0.0703,51.4666],[0.0611,51.4653],[0.0601,51.4703],[0.0549,51.4706],[0.055,51.4711],[0.0571,51.4763],[0.0624,51.4761],[0.067,51.4823],[0.073,51.4819]]]}},{"type":"Feature","properties":{"cd":"E05014090","nm":"Thamesmead Moorings"},"geometry":{"type":"Polygon","coordinates":[[[0.121,51.5008],[0.1121,51.498],[0.088,51.5048],[0.0921,51.509],[0.1188,51.5113],[0.121,51.5008]]]}},{"type":"Feature","properties":{"cd":"E05014091","nm":"West Thamesmead"},"geometry":{"type":"Polygon","coordinates":[[[0.1121,51.498],[0.1036,51.4953],[0.0868,51.4899],[0.0795,51.491],[0.075,51.4958],[0.0759,51.4959],[0.0762,51.4959],[0.0824,51.4989],[0.0827,51.4992],[0.0839,51.5004],[0.088,51.5048],[0.1121,51.498]]]}},{"type":"Feature","properties":{"cd":"E05014093","nm":"Woolwich Common"},"geometry":{"type":"Polygon","coordinates":[[[0.0787,51.4865],[0.0779,51.4834],[0.073,51.4819],[0.067,51.4823],[0.0624,51.4761],[0.0571,51.4763],[0.055,51.4711],[0.0482,51.4725],[0.0488,51.4795],[0.0521,51.4802],[0.0497,51.4848],[0.0628,51.4885],[0.0787,51.4865]]]}},{"type":"Feature","properties":{"cd":"E05009377","nm":"Hoxton East & Shoreditch"},"geometry":{"type":"Polygon","coordinates":[[[-0.0782,51.5367],[-0.0757,51.5284],[-0.0761,51.5224],[-0.0785,51.5215],[-0.0852,51.5203],[-0.085,51.5262],[-0.083,51.5332],[-0.0897,51.536],[-0.0866,51.5373],[-0.0782,51.5367]]]}},{"type":"Feature","properties":{"cd":"E05009386","nm":"Victoria"},"geometry":{"type":"Polygon","coordinates":[[[-0.0374,51.5413],[-0.0407,51.5381],[-0.0529,51.5349],[-0.0573,51.5344],[-0.0553,51.5422],[-0.0484,51.5429],[-0.0374,51.5413]]]}},{"type":"Feature","properties":{"cd":"E05013733","nm":"Addison"},"geometry":{"type":"Polygon","coordinates":[[[-0.215,51.5022],[-0.2228,51.4972],[-0.226,51.4988],[-0.2267,51.5024],[-0.217,51.5045],[-0.215,51.5022]]]}},{"type":"Feature","properties":{"cd":"E05013734","nm":"Avonmore"},"geometry":{"type":"Polygon","coordinates":[[[-0.2031,51.4934],[-0.2018,51.4918],[-0.2024,51.4917],[-0.2146,51.4908],[-0.2194,51.4932],[-0.208,51.496],[-0.2031,51.4934]]]}},{"type":"Feature","properties":{"cd":"E05013735","nm":"Brook Green"},"geometry":{"type":"Polygon","coordinates":[[[-0.208,51.496],[-0.2194,51.4932],[-0.2249,51.4932],[-0.226,51.4988],[-0.2228,51.4972],[-0.215,51.5022],[-0.208,51.496]]]}},{"type":"Feature","properties":{"cd":"E05013737","nm":"Coningham"},"geometry":{"type":"Polygon","coordinates":[[[-0.2349,51.5065],[-0.2303,51.5061],[-0.2285,51.5021],[-0.2346,51.5005],[-0.2391,51.4998],[-0.2451,51.5068],[-0.2349,51.5065]]]}},{"type":"Feature","properties":{"cd":"E05013738","nm":"Fulham Reach"},"geometry":{"type":"MultiPolygon","coordinates":[[[[-0.2251,51.4766],[-0.2254,51.4764],[-0.2258,51.4787],[-0.2251,51.4766]]],[[[-0.2186,51.4824],[-0.2222,51.4792],[-0.2237,51.4819],[-0.2241,51.4824],[-0.2265,51.486],[-0.2137,51.4901],[-0.2124,51.4862],[-0.205,51.4844],[-0.2072,51.484],[-0.2186,51.4824]]]]}},{"type":"Feature","properties":{"cd":"E05013739","nm":"Fulham Town"},"geometry":{"type":"Polygon","coordinates":[[[-0.2007,51.4755],[-0.2007,51.4726],[-0.2095,51.4693],[-0.2113,51.4718],[-0.2076,51.4745],[-0.2099,51.4771],[-0.2039,51.4791],[-0.2007,51.4755]]]}},{"type":"Feature","properties":{"cd":"E05013740","nm":"Grove"},"geometry":{"type":"Polygon","coordinates":[[[-0.226,51.4988],[-0.2249,51.4932],[-0.2339,51.4944],[-0.2346,51.5005],[-0.2285,51.5021],[-0.2267,51.5024],[-0.226,51.4988]]]}},{"type":"Feature","properties":{"cd":"E05013741","nm":"Hammersmith Broadway"},"geometry":{"type":"Polygon","coordinates":[[[-0.2249,51.4932],[-0.2194,51.4932],[-0.2146,51.4908],[-0.2137,51.4901],[-0.2265,51.486],[-0.2276,51.4874],[-0.2344,51.4904],[-0.2344,51.4904],[-0.2339,51.4944],[-0.2249,51.4932]]]}},{"type":"Feature","properties":{"cd":"E05013742","nm":"Lillie"},"geometry":{"type":"Polygon","coordinates":[[[-0.1908,51.4832],[-0.2056,51.4817],[-0.2072,51.484],[-0.205,51.4844],[-0.1964,51.4872],[-0.1959,51.4874],[-0.1908,51.4832]]]}},{"type":"Feature","properties":{"cd":"E05013744","nm":"Palace & Hurlingham"},"geometry":{"type":"MultiPolygon","coordinates":[[[[-0.2154,51.4684],[-0.2099,51.4663],[-0.2127,51.4668],[-0.2154,51.4684]]],[[[-0.2251,51.4766],[-0.2249,51.4759],[-0.2254,51.4764],[-0.2251,51.4766]]],[[[-0.2113,51.4718],[-0.2095,51.4693],[-0.2007,51.4726],[-0.1973,51.47],[-0.1915,51.4719],[-0.1888,51.4668],[-0.1974,51.4652],[-0.198,51.4654],[-0.2167,51.4696],[-0.2222,51.4792],[-0.2186,51.4824],[-0.2113,51.4718]]]]}},{"type":"Feature","properties":{"cd":"E05013745","nm":"Parsons Green & Sandford"},"geometry":{"type":"Polygon","coordinates":[[[-0.1865,51.4799],[-0.1839,51.4774],[-0.1915,51.4719],[-0.1973,51.47],[-0.2007,51.4726],[-0.2007,51.4755],[-0.1883,51.481],[-0.1865,51.4799]]]}},{"type":"Feature","properties":{"cd":"E05013746","nm":"Ravenscourt"},"geometry":{"type":"Polygon","coordinates":[[[-0.2339,51.4944],[-0.2344,51.4904],[-0.2435,51.4889],[-0.2436,51.4889],[-0.2459,51.4981],[-0.2391,51.4998],[-0.2346,51.5005],[-0.2339,51.4944]]]}},{"type":"Feature","properties":{"cd":"E05013747","nm":"Sands End"},"geometry":{"type":"Polygon","coordinates":[[[-0.1823,51.4718],[-0.1859,51.4674],[-0.1888,51.4668],[-0.1915,51.4719],[-0.1839,51.4774],[-0.1838,51.4774],[-0.1839,51.4774],[-0.1828,51.4775],[-0.1794,51.4775],[-0.1823,51.4718]]]}},{"type":"Feature","properties":{"cd":"E05013748","nm":"Shepherd's Bush Green"},"geometry":{"type":"Polygon","coordinates":[[[-0.2155,51.5084],[-0.217,51.5045],[-0.217,51.5045],[-0.2267,51.5024],[-0.2285,51.5021],[-0.2303,51.5061],[-0.2264,51.5055],[-0.2245,51.5095],[-0.2202,51.5117],[-0.2155,51.5084]]]}},{"type":"Feature","properties":{"cd":"E05013750","nm":"Wendell Park"},"geometry":{"type":"Polygon","coordinates":[[[-0.2391,51.4998],[-0.2459,51.4981],[-0.2492,51.4969],[-0.253,51.5014],[-0.2551,51.5043],[-0.2457,51.5046],[-0.2465,51.5067],[-0.2451,51.5068],[-0.2451,51.5068],[-0.2391,51.4998]]]}},{"type":"Feature","properties":{"cd":"E05013751","nm":"West Kensington"},"geometry":{"type":"Polygon","coordinates":[[[-0.1964,51.4872],[-0.205,51.4844],[-0.2124,51.4862],[-0.2137,51.4901],[-0.2146,51.4908],[-0.2024,51.4917],[-0.1964,51.4872]]]}},{"type":"Feature","properties":{"cd":"E05013752","nm":"White City"},"geometry":{"type":"Polygon","coordinates":[[[-0.2245,51.5095],[-0.2264,51.5055],[-0.2303,51.5061],[-0.2349,51.5065],[-0.2383,51.5142],[-0.2301,51.5149],[-0.2245,51.5095]]]}},{"type":"Feature","properties":{"cd":"E05013585","nm":"Alexandra Park"},"geometry":{"type":"Polygon","coordinates":[[[-0.1201,51.5976],[-0.1154,51.5919],[-0.1336,51.5881],[-0.1329,51.5919],[-0.1403,51.5941],[-0.1445,51.6001],[-0.1434,51.6088],[-0.1387,51.6102],[-0.1201,51.5976]]]}},{"type":"Feature","properties":{"cd":"E05013586","nm":"Bounds Green"},"geometry":{"type":"Polygon","coordinates":[[[-0.1156,51.6084],[-0.1189,51.5975],[-0.1201,51.5976],[-0.1387,51.6102],[-0.1156,51.6084]]]}},{"type":"Feature","properties":{"cd":"E05013587","nm":"Bruce Castle"},"geometry":{"type":"Polygon","coordinates":[[[-0.0681,51.5974],[-0.0695,51.5941],[-0.0721,51.596],[-0.079,51.594],[-0.0795,51.5982],[-0.0799,51.603],[-0.087,51.6033],[-0.0856,51.6085],[-0.0675,51.6086],[-0.0681,51.5974]]]}},{"type":"Feature","properties":{"cd":"E05013589","nm":"Fortis Green"},"geometry":{"type":"Polygon","coordinates":[[[-0.1445,51.6001],[-0.1403,51.5941],[-0.1492,51.5916],[-0.1481,51.5862],[-0.1581,51.5833],[-0.1556,51.5813],[-0.1631,51.5844],[-0.1613,51.5853],[-0.1571,51.5862],[-0.1618,51.5975],[-0.1563,51.6054],[-0.1513,51.5975],[-0.1445,51.6001]]]}},{"type":"Feature","properties":{"cd":"E05013594","nm":"Muswell Hill"},"geometry":{"type":"Polygon","coordinates":[[[-0.1336,51.5881],[-0.1331,51.586],[-0.1399,51.5798],[-0.1469,51.5806],[-0.1481,51.5862],[-0.1492,51.5916],[-0.1403,51.5941],[-0.1329,51.5919],[-0.1336,51.5881]]]}},{"type":"Feature","properties":{"cd":"E05013620","nm":"Hounslow Central"},"geometry":{"type":"Polygon","coordinates":[[[-0.3608,51.4771],[-0.355,51.4705],[-0.359,51.466],[-0.3551,51.4655],[-0.3627,51.4617],[-0.3661,51.468],[-0.3671,51.4712],[-0.3632,51.4781],[-0.3608,51.4771]]]}},{"type":"Feature","properties":{"cd":"E05013619","nm":"Heston West"},"geometry":{"type":"Polygon","coordinates":[[[-0.3845,51.4947],[-0.3779,51.4966],[-0.375,51.494],[-0.3814,51.4921],[-0.3811,51.4882],[-0.3813,51.4833],[-0.3863,51.4837],[-0.3939,51.4751],[-0.4041,51.4778],[-0.4076,51.484],[-0.4034,51.485],[-0.4035,51.4911],[-0.4118,51.4924],[-0.4069,51.4997],[-0.3845,51.4947]]]}},{"type":"Feature","properties":{"cd":"E05013627","nm":"Syon & Brentford Lock"},"geometry":{"type":"Polygon","coordinates":[[[-0.2994,51.4857],[-0.2982,51.4854],[-0.299,51.4853],[-0.2991,51.4851],[-0.3044,51.4791],[-0.3044,51.4791],[-0.3084,51.4757],[-0.3084,51.4757],[-0.3191,51.4715],[-0.3191,51.4715],[-0.322,51.4744],[-0.3237,51.4711],[-0.3267,51.4742],[-0.3362,51.4752],[-0.3144,51.486],[-0.3103,51.4874],[-0.3064,51.4835],[-0.2994,51.4857]]]}},{"type":"Feature","properties":{"cd":"E05013697","nm":"Arsenal"},"geometry":{"type":"Polygon","coordinates":[[[-0.0996,51.5616],[-0.0986,51.5608],[-0.0981,51.5558],[-0.1056,51.5555],[-0.1095,51.5505],[-0.1115,51.552],[-0.1169,51.5561],[-0.1112,51.5585],[-0.1094,51.5567],[-0.1068,51.5619],[-0.0996,51.5616]]]}},{"type":"Feature","properties":{"cd":"E05013698","nm":"Barnsbury"},"geometry":{"type":"Polygon","coordinates":[[[-0.1061,51.5409],[-0.106,51.5331],[-0.1063,51.5319],[-0.1142,51.5314],[-0.1164,51.5432],[-0.1079,51.5452],[-0.1061,51.5409]]]}},{"type":"Feature","properties":{"cd":"E05013699","nm":"Bunhill"},"geometry":{"type":"Polygon","coordinates":[[[-0.085,51.5262],[-0.0852,51.5203],[-0.0862,51.5188],[-0.0924,51.521],[-0.0974,51.5216],[-0.0976,51.5212],[-0.1003,51.5201],[-0.1017,51.5197],[-0.1035,51.5259],[-0.1001,51.5265],[-0.0915,51.5282],[-0.085,51.5262]]]}},{"type":"Feature","properties":{"cd":"E05013703","nm":"Finsbury Park"},"geometry":{"type":"Polygon","coordinates":[[[-0.1044,51.5648],[-0.0996,51.5616],[-0.1068,51.5619],[-0.1094,51.5567],[-0.1112,51.5585],[-0.1169,51.5561],[-0.1194,51.5578],[-0.1195,51.5578],[-0.1152,51.5603],[-0.1187,51.5637],[-0.1107,51.5686],[-0.1044,51.5648]]]}},{"type":"Feature","properties":{"cd":"E05013704","nm":"Highbury"},"geometry":{"type":"Polygon","coordinates":[[[-0.0917,51.5602],[-0.0904,51.5576],[-0.0986,51.5468],[-0.1005,51.5463],[-0.1095,51.5505],[-0.1056,51.5555],[-0.0981,51.5558],[-0.0986,51.5608],[-0.0917,51.5602]]]}},{"type":"Feature","properties":{"cd":"E05013705","nm":"Hillrise"},"geometry":{"type":"Polygon","coordinates":[[[-0.1157,51.572],[-0.1275,51.5652],[-0.1383,51.5706],[-0.1334,51.5729],[-0.1189,51.5747],[-0.1157,51.572]]]}},{"type":"Feature","properties":{"cd":"E05013707","nm":"Junction"},"geometry":{"type":"Polygon","coordinates":[[[-0.1275,51.5652],[-0.1258,51.5622],[-0.1288,51.5584],[-0.1384,51.5569],[-0.1394,51.5582],[-0.1424,51.5691],[-0.1383,51.5706],[-0.1275,51.5652]]]}},{"type":"Feature","properties":{"cd":"E05013708","nm":"Laycock"},"geometry":{"type":"Polygon","coordinates":[[[-0.1095,51.5505],[-0.1005,51.5463],[-0.0986,51.5432],[-0.1061,51.5409],[-0.1079,51.5452],[-0.1164,51.5432],[-0.1196,51.5468],[-0.1115,51.552],[-0.1095,51.5505]]]}},{"type":"Feature","properties":{"cd":"E05013709","nm":"Mildmay"},"geometry":{"type":"Polygon","coordinates":[[[-0.0794,51.5517],[-0.0777,51.5495],[-0.0767,51.5461],[-0.0838,51.5466],[-0.0986,51.5468],[-0.0904,51.5576],[-0.0904,51.5542],[-0.0794,51.5517]]]}},{"type":"Feature","properties":{"cd":"E05013713","nm":"Tufnell Park"},"geometry":{"type":"Polygon","coordinates":[[[-0.1195,51.5578],[-0.1194,51.5578],[-0.1291,51.5488],[-0.1307,51.5507],[-0.1384,51.5569],[-0.1288,51.5584],[-0.1258,51.5622],[-0.1195,51.5578]]]}},{"type":"Feature","properties":{"cd":"E05009388","nm":"Abingdon"},"geometry":{"type":"Polygon","coordinates":[[[-0.1895,51.4947],[-0.1911,51.4947],[-0.2018,51.4918],[-0.2031,51.4934],[-0.2058,51.4966],[-0.1985,51.4991],[-0.1931,51.501],[-0.1895,51.4947]]]}},{"type":"Feature","properties":{"cd":"E05009389","nm":"Brompton & Hans Town"},"geometry":{"type":"Polygon","coordinates":[[[-0.1558,51.4947],[-0.1663,51.4908],[-0.1717,51.4919],[-0.179,51.4953],[-0.1795,51.4978],[-0.1654,51.4987],[-0.1585,51.5022],[-0.1558,51.4947]]]}},{"type":"Feature","properties":{"cd":"E05009390","nm":"Campden"},"geometry":{"type":"Polygon","coordinates":[[[-0.1842,51.5018],[-0.1931,51.501],[-0.1985,51.4991],[-0.2038,51.5077],[-0.2031,51.5079],[-0.1921,51.5099],[-0.1891,51.5101],[-0.1842,51.5018]]]}},{"type":"Feature","properties":{"cd":"E05009394","nm":"Dalgarno"},"geometry":{"type":"Polygon","coordinates":[[[-0.216,51.5279],[-0.2155,51.5267],[-0.2129,51.5223],[-0.2186,51.5213],[-0.2173,51.5189],[-0.2265,51.5196],[-0.2284,51.5303],[-0.216,51.5279]]]}},{"type":"Feature","properties":{"cd":"E05013939","nm":"Motspur Park & Old Malden East"},"geometry":{"type":"Polygon","coordinates":[[[-0.2397,51.3893],[-0.2449,51.3806],[-0.2575,51.3906],[-0.2639,51.3912],[-0.2539,51.3945],[-0.2469,51.3971],[-0.2397,51.3893]]]}},{"type":"Feature","properties":{"cd":"E05013942","nm":"Old Malden"},"geometry":{"type":"Polygon","coordinates":[[[-0.2449,51.3806],[-0.245,51.3801],[-0.261,51.3796],[-0.269,51.3735],[-0.2711,51.3806],[-0.2656,51.383],[-0.2699,51.3884],[-0.2699,51.3885],[-0.2639,51.3912],[-0.2575,51.3906],[-0.2449,51.3806]]]}},{"type":"Feature","properties":{"cd":"E05013931","nm":"Chessington South & Malden Rushett"},"geometry":{"type":"Polygon","coordinates":[[[-0.2884,51.3622],[-0.287,51.3594],[-0.3041,51.3432],[-0.3051,51.3378],[-0.3062,51.3351],[-0.3239,51.3267],[-0.3307,51.329],[-0.328,51.3522],[-0.3185,51.3658],[-0.2884,51.3622]]]}},{"type":"Feature","properties":{"cd":"E05013944","nm":"Surbiton Hill"},"geometry":{"type":"Polygon","coordinates":[[[-0.2912,51.3865],[-0.295,51.3851],[-0.2982,51.3797],[-0.3074,51.3784],[-0.3132,51.3887],[-0.2966,51.3954],[-0.2912,51.3865]]]}},{"type":"Feature","properties":{"cd":"E05014102","nm":"Clapham Town"},"geometry":{"type":"Polygon","coordinates":[[[-0.1268,51.4688],[-0.127,51.4686],[-0.1312,51.4644],[-0.1434,51.4612],[-0.1497,51.4613],[-0.1507,51.4663],[-0.1398,51.4713],[-0.1366,51.4684],[-0.1268,51.4688]]]}},{"type":"Feature","properties":{"cd":"E05013724","nm":"Hither Green"},"geometry":{"type":"Polygon","coordinates":[[[-0.009,51.4566],[0.0055,51.4455],[0.0155,51.4356],[-0.0027,51.4309],[-0.0021,51.4446],[-0.009,51.4447],[-0.0061,51.4468],[-0.0107,51.4516],[-0.0091,51.4567],[-0.009,51.4566]]]}},{"type":"Feature","properties":{"cd":"E05013725","nm":"Ladywell"},"geometry":{"type":"Polygon","coordinates":[[[-0.0091,51.4567],[-0.0107,51.4516],[-0.0256,51.4497],[-0.0361,51.4564],[-0.034,51.4585],[-0.0298,51.4633],[-0.0241,51.4624],[-0.0199,51.4681],[-0.0091,51.4567]]]}},{"type":"Feature","properties":{"cd":"E05013726","nm":"Lee Green"},"geometry":{"type":"Polygon","coordinates":[[[0.0115,51.4567],[0.0175,51.455],[0.0199,51.4507],[0.0151,51.45],[0.0224,51.4481],[0.0055,51.4455],[-0.009,51.4566],[-0.0038,51.4588],[0.0115,51.4567]]]}},{"type":"Feature","properties":{"cd":"E05013728","nm":"New Cross Gate"},"geometry":{"type":"Polygon","coordinates":[[[-0.0432,51.4838],[-0.04,51.475],[-0.0402,51.4749],[-0.0462,51.4744],[-0.0527,51.478],[-0.0542,51.4786],[-0.054,51.4879],[-0.0505,51.4879],[-0.046,51.4903],[-0.0432,51.4838]]]}},{"type":"Feature","properties":{"cd":"E05013729","nm":"Perry Vale"},"geometry":{"type":"Polygon","coordinates":[[[-0.0266,51.4363],[-0.0291,51.4325],[-0.0375,51.4307],[-0.0514,51.4291],[-0.0531,51.4337],[-0.0518,51.4421],[-0.0344,51.4423],[-0.0331,51.4374],[-0.0266,51.4363]]]}},{"type":"Feature","properties":{"cd":"E05013730","nm":"Rushey Green"},"geometry":{"type":"Polygon","coordinates":[[[-0.009,51.4447],[-0.0103,51.4417],[-0.0203,51.4432],[-0.0195,51.4389],[-0.0242,51.4386],[-0.0256,51.4405],[-0.0266,51.4363],[-0.0331,51.4374],[-0.0344,51.4423],[-0.0321,51.4478],[-0.0256,51.4497],[-0.0107,51.4516],[-0.0061,51.4468],[-0.009,51.4447]]]}},{"type":"Feature","properties":{"cd":"E05013732","nm":"Telegraph Hill"},"geometry":{"type":"Polygon","coordinates":[[[-0.0402,51.4749],[-0.0391,51.4597],[-0.0416,51.455],[-0.0461,51.4569],[-0.0475,51.4651],[-0.0523,51.4692],[-0.0527,51.478],[-0.0462,51.4744],[-0.0402,51.4749]]]}},{"type":"Feature","properties":{"cd":"E05013810","nm":"Abbey"},"geometry":{"type":"Polygon","coordinates":[[[-0.1823,51.4162],[-0.1841,51.4121],[-0.1857,51.4071],[-0.1869,51.4059],[-0.2021,51.4144],[-0.2019,51.4195],[-0.188,51.4213],[-0.1872,51.4159],[-0.1823,51.4162]]]}},{"type":"Feature","properties":{"cd":"E05013811","nm":"Cannon Hill"},"geometry":{"type":"Polygon","coordinates":[[[-0.2141,51.4092],[-0.2001,51.3973],[-0.2033,51.3945],[-0.2175,51.3921],[-0.2211,51.3965],[-0.2288,51.4071],[-0.2141,51.4092],[-0.2141,51.4092]]]}},{"type":"Feature","properties":{"cd":"E05013812","nm":"Colliers Wood"},"geometry":{"type":"Polygon","coordinates":[[[-0.1616,51.4199],[-0.162,51.4181],[-0.1619,51.4162],[-0.1841,51.4121],[-0.1823,51.4162],[-0.1788,51.4243],[-0.1616,51.4199]]]}},{"type":"Feature","properties":{"cd":"E05013813","nm":"Cricket Green"},"geometry":{"type":"Polygon","coordinates":[[[-0.1679,51.4069],[-0.1646,51.4021],[-0.162,51.4049],[-0.1575,51.4031],[-0.1588,51.3983],[-0.1343,51.3909],[-0.1343,51.3908],[-0.1526,51.3898],[-0.1653,51.388],[-0.1699,51.3917],[-0.1674,51.3968],[-0.1869,51.4059],[-0.1857,51.4071],[-0.1734,51.4075],[-0.172,51.405],[-0.1679,51.4069]]]}},{"type":"Feature","properties":{"cd":"E05013814","nm":"Figge's Marsh"},"geometry":{"type":"Polygon","coordinates":[[[-0.1531,51.4094],[-0.1468,51.4072],[-0.1506,51.4039],[-0.1575,51.4031],[-0.162,51.4049],[-0.1646,51.4021],[-0.1679,51.4069],[-0.1647,51.4082],[-0.1673,51.411],[-0.1615,51.4113],[-0.1619,51.4162],[-0.162,51.4181],[-0.1531,51.4094]]]}},{"type":"Feature","properties":{"cd":"E05013820","nm":"Merton Park"},"geometry":{"type":"Polygon","coordinates":[[[-0.1869,51.4059],[-0.1889,51.4041],[-0.1946,51.402],[-0.1982,51.395],[-0.2001,51.3973],[-0.2141,51.4092],[-0.2021,51.4144],[-0.1869,51.4059]]]}},{"type":"Feature","properties":{"cd":"E05013822","nm":"Ravensbury"},"geometry":{"type":"Polygon","coordinates":[[[-0.1699,51.3917],[-0.1748,51.3934],[-0.1827,51.3881],[-0.1896,51.386],[-0.1857,51.4007],[-0.1889,51.4041],[-0.1869,51.4059],[-0.1674,51.3968],[-0.1699,51.3917]]]}},{"type":"Feature","properties":{"cd":"E05013823","nm":"Raynes Park"},"geometry":{"type":"Polygon","coordinates":[[[-0.219,51.4129],[-0.2141,51.4092],[-0.2288,51.4071],[-0.2366,51.4022],[-0.2447,51.4039],[-0.2472,51.4096],[-0.2495,51.4148],[-0.2424,51.4123],[-0.2221,51.4157],[-0.222,51.4115],[-0.219,51.4129]]]}},{"type":"Feature","properties":{"cd":"E05013824","nm":"St Helier"},"geometry":{"type":"Polygon","coordinates":[[[-0.1896,51.386],[-0.1938,51.3879],[-0.2003,51.3849],[-0.1985,51.3902],[-0.2033,51.3945],[-0.2001,51.3973],[-0.1982,51.395],[-0.1946,51.402],[-0.1889,51.4041],[-0.1857,51.4007],[-0.1896,51.386]]]}},{"type":"Feature","properties":{"cd":"E05013825","nm":"Village"},"geometry":{"type":"Polygon","coordinates":[[[-0.2091,51.4383],[-0.2122,51.4301],[-0.204,51.4286],[-0.2142,51.4212],[-0.2173,51.4226],[-0.2237,51.4197],[-0.2193,51.4168],[-0.2221,51.4157],[-0.2424,51.4123],[-0.2495,51.4148],[-0.2542,51.4293],[-0.2511,51.4326],[-0.2245,51.4386],[-0.2091,51.4383]]]}},{"type":"Feature","properties":{"cd":"E05013828","nm":"Wimbledon Park"},"geometry":{"type":"Polygon","coordinates":[[[-0.1899,51.4403],[-0.1898,51.4314],[-0.1894,51.4255],[-0.204,51.4227],[-0.1991,51.4273],[-0.204,51.4286],[-0.2122,51.4301],[-0.2091,51.4383],[-0.2045,51.439],[-0.19,51.4415],[-0.1899,51.4403]]]}},{"type":"Feature","properties":{"cd":"E05013905","nm":"Boleyn"},"geometry":{"type":"Polygon","coordinates":[[[0.0487,51.5269],[0.0394,51.5254],[0.0378,51.5302],[0.0354,51.5354],[0.0442,51.5374],[0.0487,51.5269]]]}},{"type":"Feature","properties":{"cd":"E05013907","nm":"Canning Town South"},"geometry":{"type":"Polygon","coordinates":[[[0.0187,51.5096],[0.006,51.5102],[0.0071,51.5143],[0.0022,51.511],[0.0041,51.5146],[0.017,51.5171],[0.0217,51.5137],[0.0187,51.5096]]]}},{"type":"Feature","properties":{"cd":"E05013909","nm":"East Ham"},"geometry":{"type":"Polygon","coordinates":[[[0.0594,51.5287],[0.0487,51.5269],[0.0442,51.5374],[0.0536,51.5396],[0.0594,51.5287]]]}},{"type":"Feature","properties":{"cd":"E05013913","nm":"Green Street East"},"geometry":{"type":"Polygon","coordinates":[[[0.0427,51.5423],[0.039,51.5403],[0.0442,51.5374],[0.0354,51.5354],[0.0312,51.5469],[0.0387,51.5481],[0.0427,51.5423]]]}},{"type":"Feature","properties":{"cd":"E05013787","nm":"South Twickenham"},"geometry":{"type":"Polygon","coordinates":[[[-0.3306,51.4422],[-0.331,51.4419],[-0.3314,51.4416],[-0.3285,51.434],[-0.3397,51.4336],[-0.3507,51.4361],[-0.3435,51.4423],[-0.3462,51.448],[-0.3379,51.4482],[-0.3298,51.4456],[-0.3306,51.4422]]]}},{"type":"Feature","properties":{"cd":"E05013785","nm":"St Margarets & North Twickenham"},"geometry":{"type":"Polygon","coordinates":[[[-0.3138,51.4597],[-0.3187,51.4527],[-0.3225,51.4538],[-0.3379,51.4482],[-0.3462,51.448],[-0.3427,51.4581],[-0.3417,51.459],[-0.337,51.4546],[-0.3269,51.457],[-0.3253,51.4637],[-0.3214,51.4652],[-0.3139,51.4597],[-0.3138,51.4597]]]}},{"type":"Feature","properties":{"cd":"E05011096","nm":"Camberwell Green"},"geometry":{"type":"Polygon","coordinates":[[[-0.0903,51.4805],[-0.0858,51.4772],[-0.0923,51.4755],[-0.093,51.472],[-0.096,51.4699],[-0.0994,51.4726],[-0.1036,51.4784],[-0.0957,51.4838],[-0.0903,51.4805]]]}},{"type":"Feature","properties":{"cd":"E05011099","nm":"Dulwich Hill"},"geometry":{"type":"Polygon","coordinates":[[[-0.0576,51.4503],[-0.0637,51.4442],[-0.0712,51.4455],[-0.0755,51.4502],[-0.066,51.459],[-0.0576,51.4503]]]}},{"type":"Feature","properties":{"cd":"E05011110","nm":"Peckham"},"geometry":{"type":"Polygon","coordinates":[[[-0.061,51.4767],[-0.0647,51.474],[-0.0774,51.4743],[-0.0838,51.4817],[-0.0739,51.4826],[-0.071,51.4775],[-0.063,51.4793],[-0.061,51.4767]]]}},{"type":"Feature","properties":{"cd":"E05011112","nm":"Rotherhithe"},"geometry":{"type":"Polygon","coordinates":[[[-0.0405,51.4928],[-0.046,51.4903],[-0.0505,51.4879],[-0.0553,51.4902],[-0.0511,51.4916],[-0.0589,51.4948],[-0.0578,51.5009],[-0.0573,51.5009],[-0.0521,51.5028],[-0.0479,51.5042],[-0.0478,51.5042],[-0.0476,51.5035],[-0.0418,51.5044],[-0.0385,51.502],[-0.0461,51.4982],[-0.0442,51.4924],[-0.0405,51.4928]]]}},{"type":"Feature","properties":{"cd":"E05011113","nm":"Rye Lane"},"geometry":{"type":"Polygon","coordinates":[[[-0.0647,51.474],[-0.0605,51.4643],[-0.0667,51.4624],[-0.0788,51.4639],[-0.074,51.469],[-0.0774,51.4743],[-0.0647,51.474]]]}},{"type":"Feature","properties":{"cd":"E05011116","nm":"South Bermondsey"},"geometry":{"type":"Polygon","coordinates":[[[-0.0553,51.4902],[-0.0505,51.4879],[-0.054,51.4879],[-0.078,51.4889],[-0.0811,51.4908],[-0.0835,51.4927],[-0.0798,51.4922],[-0.0728,51.4981],[-0.0553,51.4902]]]}},{"type":"Feature","properties":{"cd":"E05011114","nm":"St George's"},"geometry":{"type":"Polygon","coordinates":[[[-0.0988,51.4975],[-0.0998,51.4951],[-0.1018,51.4923],[-0.1033,51.4913],[-0.1115,51.4965],[-0.1065,51.5016],[-0.0988,51.4975]]]}},{"type":"Feature","properties":{"cd":"E05013754","nm":"Beddington"},"geometry":{"type":"Polygon","coordinates":[[[-0.1326,51.3901],[-0.1267,51.3771],[-0.1214,51.3623],[-0.1378,51.3596],[-0.1405,51.3622],[-0.1406,51.3709],[-0.1539,51.3773],[-0.1526,51.3898],[-0.1343,51.3908],[-0.1326,51.3901]]]}},{"type":"Feature","properties":{"cd":"E05013760","nm":"North Cheam"},"geometry":{"type":"Polygon","coordinates":[[[-0.2181,51.3802],[-0.2206,51.377],[-0.2142,51.3764],[-0.2098,51.3717],[-0.2231,51.3657],[-0.2339,51.3752],[-0.2232,51.3821],[-0.2181,51.3802]]]}},{"type":"Feature","properties":{"cd":"E05013763","nm":"South Beddington & Roundshaw"},"geometry":{"type":"Polygon","coordinates":[[[-0.1173,51.3457],[-0.1269,51.3449],[-0.1283,51.3475],[-0.1443,51.3402],[-0.149,51.3462],[-0.1378,51.3596],[-0.1214,51.3623],[-0.1246,51.3584],[-0.1173,51.3457]]]}},{"type":"Feature","properties":{"cd":"E05009326","nm":"Limehouse"},"geometry":{"type":"Polygon","coordinates":[[[-0.0365,51.5126],[-0.0281,51.5119],[-0.0255,51.5097],[-0.0304,51.5072],[-0.0304,51.5072],[-0.0419,51.5097],[-0.0419,51.5106],[-0.0389,51.5127],[-0.0365,51.5126]]]}},{"type":"Feature","properties":{"cd":"E05009333","nm":"Spitalfields & Banglatown"},"geometry":{"type":"Polygon","coordinates":[[[-0.0562,51.521],[-0.0564,51.5198],[-0.074,51.5145],[-0.0769,51.5166],[-0.0785,51.5215],[-0.0761,51.5224],[-0.064,51.5236],[-0.0562,51.521]]]}},{"type":"Feature","properties":{"cd":"E05009330","nm":"St Katharine's & Wapping"},"geometry":{"type":"Polygon","coordinates":[[[-0.0419,51.5097],[-0.0421,51.5098],[-0.0598,51.5029],[-0.0598,51.5029],[-0.0598,51.5029],[-0.0787,51.5077],[-0.0745,51.51],[-0.0605,51.5094],[-0.0419,51.5106],[-0.0419,51.5097]]]}},{"type":"Feature","properties":{"cd":"E05009334","nm":"Stepney Green"},"geometry":{"type":"Polygon","coordinates":[[[-0.0418,51.5129],[-0.0557,51.5143],[-0.0564,51.5198],[-0.05,51.5211],[-0.0427,51.5178],[-0.0418,51.5129]]]}},{"type":"Feature","properties":{"cd":"E05009336","nm":"Whitechapel"},"geometry":{"type":"Polygon","coordinates":[[[-0.0557,51.5143],[-0.0619,51.5148],[-0.0605,51.5094],[-0.0745,51.51],[-0.0731,51.5118],[-0.074,51.5145],[-0.0564,51.5198],[-0.0557,51.5143]]]}},{"type":"Feature","properties":{"cd":"E05013887","nm":"Forest"},"geometry":{"type":"Polygon","coordinates":[[[0.0165,51.5729],[0.0076,51.5749],[-0.0054,51.5689],[-0.0083,51.5699],[-0.0171,51.5703],[-0.0098,51.5739],[-0.0128,51.5753],[-0.0059,51.579],[-0.0004,51.5813],[0.0149,51.5834],[0.0165,51.5729]]]}},{"type":"Feature","properties":{"cd":"E05013891","nm":"High Street"},"geometry":{"type":"Polygon","coordinates":[[[-0.0205,51.5869],[-0.0188,51.583],[-0.0282,51.582],[-0.03,51.5773],[-0.0405,51.5872],[-0.0306,51.5889],[-0.0287,51.5842],[-0.0205,51.5869]]]}},{"type":"Feature","properties":{"cd":"E05013901","nm":"Valley"},"geometry":{"type":"Polygon","coordinates":[[[-0.0166,51.6228],[-0.0171,51.6012],[-0.0204,51.6029],[-0.0339,51.6095],[-0.0353,51.613],[-0.0259,51.6217],[-0.024,51.6246],[-0.0234,51.6253],[-0.016,51.6263],[-0.0166,51.6228]]]}},{"type":"Feature","properties":{"cd":"E05013883","nm":"Cathall"},"geometry":{"type":"Polygon","coordinates":[[[0.0095,51.563],[-0.0002,51.5517],[-0.0042,51.551],[-0.0087,51.5499],[-0.0108,51.5526],[-0.0059,51.5567],[0.0057,51.5648],[0.0095,51.563]]]}},{"type":"Feature","properties":{"cd":"E05013894","nm":"Larkswood"},"geometry":{"type":"Polygon","coordinates":[[[0.0014,51.6208],[-0.0023,51.6104],[-0.0105,51.6074],[-0.0107,51.6004],[-0.0171,51.6012],[-0.0166,51.6228],[0.0014,51.6208]]]}},{"type":"Feature","properties":{"cd":"E05013882","nm":"Cann Hall"},"geometry":{"type":"Polygon","coordinates":[[[0.0205,51.5561],[0.0163,51.5532],[0.0146,51.555],[0.0096,51.5512],[-0.0002,51.5517],[0.0095,51.563],[0.0143,51.5635],[0.0205,51.5561]]]}},{"type":"Feature","properties":{"cd":"E05013886","nm":"Endlebury"},"geometry":{"type":"Polygon","coordinates":[[[0.0048,51.6278],[0.0014,51.6208],[-0.0166,51.6228],[-0.016,51.6263],[-0.0234,51.6253],[-0.0168,51.6335],[-0.0008,51.6316],[-0.0025,51.628],[0.0048,51.6278]]]}},{"type":"Feature","properties":{"cd":"E05013900","nm":"Upper Walthamstow"},"geometry":{"type":"Polygon","coordinates":[[[0.0125,51.5954],[0.0125,51.5954],[0.013,51.587],[0.0149,51.5834],[-0.0004,51.5813],[-0.0012,51.5924],[-0.0033,51.6003],[0.0125,51.5954]]]}},{"type":"Feature","properties":{"cd":"E05013808","nm":"West End"},"geometry":{"type":"Polygon","coordinates":[[[-0.1303,51.5164],[-0.1289,51.5134],[-0.1498,51.5032],[-0.1525,51.5039],[-0.1616,51.5142],[-0.1429,51.5174],[-0.1479,51.5235],[-0.1452,51.524],[-0.1435,51.524],[-0.1303,51.5164]]]}},{"type":"Feature","properties":{"cd":"E05013809","nm":"Westbourne"},"geometry":{"type":"Polygon","coordinates":[[[-0.18,51.5201],[-0.1849,51.5195],[-0.1952,51.5205],[-0.1999,51.5168],[-0.2037,51.5206],[-0.2016,51.5227],[-0.1898,51.5247],[-0.18,51.5201]]]}},{"type":"Feature","properties":{"cd":"E05013090","nm":"Sherborne St John & Rooksdown"},"geometry":{"type":"Polygon","coordinates":[[[-1.0708,51.2977],[-1.0699,51.2876],[-1.0886,51.2903],[-1.0847,51.286],[-1.1058,51.2807],[-1.1016,51.2775],[-1.1129,51.2756],[-1.1396,51.2796],[-1.149,51.2766],[-1.1514,51.2895],[-1.1651,51.2902],[-1.1774,51.2974],[-1.1751,51.3053],[-1.1631,51.3123],[-1.1643,51.3184],[-1.1553,51.3248],[-1.1452,51.3221],[-1.1449,51.3196],[-1.1117,51.3216],[-1.1038,51.3186],[-1.0958,51.3217],[-1.0853,51.3252],[-1.0741,51.3199],[-1.0708,51.2977]]]}},{"type":"Feature","properties":{"cd":"E05014084","nm":"Kidbrooke Village & Sutcliffe"},"geometry":{"type":"Polygon","coordinates":[[[0.03,51.4659],[0.0322,51.4529],[0.0175,51.455],[0.0115,51.4567],[0.0104,51.4585],[0.0224,51.4596],[0.0216,51.4645],[0.0293,51.4672],[0.03,51.4659]]]}},{"type":"Feature","properties":{"cd":"E05014088","nm":"Plumstead Common"},"geometry":{"type":"Polygon","coordinates":[[[0.1155,51.4762],[0.1125,51.4734],[0.1082,51.4761],[0.0982,51.4755],[0.0871,51.47],[0.0723,51.4788],[0.073,51.4819],[0.0779,51.4834],[0.0906,51.4808],[0.1044,51.4851],[0.1054,51.481],[0.1155,51.4762]]]}},{"type":"Feature","properties":{"cd":"BNS:royston","nm":"Royston"},"geometry":{"type":"Polygon","coordinates":[[[-1.4249,53.6045],[-1.4325,53.5935],[-1.4495,53.5866],[-1.4549,53.5871],[-1.4685,53.5841],[-1.4806,53.5891],[-1.4857,53.5843],[-1.4895,53.5902],[-1.4839,53.5949],[-1.4476,53.6127],[-1.4392,53.6071],[-1.4329,53.6089],[-1.4249,53.6045]]]}},{"type":"Feature","properties":{"cd":"E05013554","nm":"North Harrow"},"geometry":{"type":"Polygon","coordinates":[[[-0.3478,51.5803],[-0.3699,51.5749],[-0.3706,51.5751],[-0.3682,51.5781],[-0.3734,51.5843],[-0.3649,51.5858],[-0.3694,51.5877],[-0.3632,51.587],[-0.3637,51.5903],[-0.358,51.5892],[-0.3591,51.5847],[-0.3478,51.5803]]]}},{"type":"Feature","properties":{"cd":"E05013556","nm":"Pinner South"},"geometry":{"type":"Polygon","coordinates":[[[-0.3694,51.5877],[-0.3649,51.5858],[-0.3734,51.5843],[-0.3682,51.5781],[-0.3706,51.5751],[-0.3799,51.5765],[-0.3859,51.5709],[-0.3956,51.5906],[-0.3977,51.5969],[-0.3694,51.5877]]]}},{"type":"Feature","properties":{"cd":"E05013555","nm":"Pinner"},"geometry":{"type":"Polygon","coordinates":[[[-0.3731,51.6009],[-0.3637,51.5903],[-0.3632,51.587],[-0.3694,51.5877],[-0.3977,51.5969],[-0.404,51.6132],[-0.404,51.6132],[-0.3859,51.6158],[-0.3846,51.6162],[-0.3848,51.6041],[-0.3794,51.6054],[-0.3731,51.6009]]]}},{"type":"Feature","properties":{"cd":"E05013557","nm":"Rayners Lane"},"geometry":{"type":"Polygon","coordinates":[[[-0.3706,51.5751],[-0.3699,51.5749],[-0.3651,51.5734],[-0.366,51.5695],[-0.3759,51.5695],[-0.3738,51.5663],[-0.3819,51.5631],[-0.3859,51.5709],[-0.3799,51.5765],[-0.3706,51.5751]]]}},{"type":"Feature","properties":{"cd":"E05013558","nm":"Roxbourne"},"geometry":{"type":"Polygon","coordinates":[[[-0.3568,51.5682],[-0.3801,51.5596],[-0.3819,51.5631],[-0.3738,51.5663],[-0.3759,51.5695],[-0.366,51.5695],[-0.3651,51.5734],[-0.3568,51.5682]]]}},{"type":"Feature","properties":{"cd":"E05013561","nm":"Wealdstone North"},"geometry":{"type":"Polygon","coordinates":[[[-0.3235,51.6],[-0.3367,51.5975],[-0.3381,51.5938],[-0.3462,51.5976],[-0.3498,51.5993],[-0.3276,51.604],[-0.3235,51.6]]]}},{"type":"Feature","properties":{"cd":"E05013563","nm":"West Harrow"},"geometry":{"type":"Polygon","coordinates":[[[-0.342,51.5798],[-0.3419,51.5794],[-0.3436,51.5746],[-0.3498,51.5752],[-0.3531,51.569],[-0.3568,51.5682],[-0.3651,51.5734],[-0.3699,51.5749],[-0.3478,51.5803],[-0.342,51.5798]]]}},{"type":"Feature","properties":{"cd":"E05013967","nm":"Beam Park"},"geometry":{"type":"Polygon","coordinates":[[[0.197,51.5233],[0.1787,51.5146],[0.1623,51.5214],[0.166,51.5288],[0.1687,51.5312],[0.1792,51.5281],[0.1772,51.5246],[0.1859,51.5261],[0.197,51.5233]]]}},{"type":"Feature","properties":{"cd":"E05013968","nm":"Cranham"},"geometry":{"type":"Polygon","coordinates":[[[0.2871,51.5727],[0.2902,51.5645],[0.2606,51.5592],[0.2395,51.5591],[0.2333,51.5625],[0.2406,51.5686],[0.2459,51.567],[0.249,51.569],[0.2488,51.5787],[0.2871,51.5727]]]}},{"type":"Feature","properties":{"cd":"E05013969","nm":"Elm Park"},"geometry":{"type":"Polygon","coordinates":[[[0.2055,51.5511],[0.2026,51.5435],[0.217,51.5421],[0.2164,51.5382],[0.2094,51.5301],[0.1928,51.5394],[0.1862,51.5358],[0.1739,51.5374],[0.186,51.5475],[0.1902,51.5527],[0.2025,51.5563],[0.2078,51.5553],[0.2055,51.5511]]]}},{"type":"Feature","properties":{"cd":"E05013971","nm":"Gooshays"},"geometry":{"type":"Polygon","coordinates":[[[0.2633,51.6092],[0.2367,51.5999],[0.2305,51.6002],[0.2204,51.6076],[0.2141,51.6061],[0.2132,51.6102],[0.2071,51.6115],[0.211,51.6161],[0.2085,51.6267],[0.2241,51.6317],[0.2633,51.6092]]]}},{"type":"Feature","properties":{"cd":"E05013972","nm":"Hacton"},"geometry":{"type":"Polygon","coordinates":[[[0.2328,51.5509],[0.217,51.5421],[0.2026,51.5435],[0.2055,51.5511],[0.2297,51.5565],[0.2328,51.5509]]]}},{"type":"Feature","properties":{"cd":"E05013973","nm":"Harold Wood"},"geometry":{"type":"Polygon","coordinates":[[[0.2609,51.6004],[0.2699,51.5996],[0.2699,51.5925],[0.2871,51.5727],[0.2488,51.5787],[0.2317,51.5833],[0.2128,51.5927],[0.2305,51.6002],[0.2367,51.5999],[0.2633,51.6092],[0.2539,51.6019],[0.2609,51.6004]]]}},{"type":"Feature","properties":{"cd":"E05013974","nm":"Havering-atte-Bower"},"geometry":{"type":"Polygon","coordinates":[[[0.2071,51.6115],[0.1936,51.6032],[0.1805,51.6038],[0.1755,51.5978],[0.1712,51.6008],[0.1499,51.597],[0.1482,51.599],[0.1475,51.6122],[0.1382,51.6235],[0.1511,51.6232],[0.1689,51.6214],[0.1812,51.6258],[0.2003,51.6249],[0.2085,51.6267],[0.211,51.6161],[0.2071,51.6115]]]}},{"type":"Feature","properties":{"cd":"E05013898","nm":"Markhouse"},"geometry":{"type":"Polygon","coordinates":[[[-0.0155,51.5765],[-0.028,51.573],[-0.03,51.5773],[-0.0282,51.582],[-0.0188,51.583],[-0.0155,51.5765]]]}},{"type":"Feature","properties":{"cd":"E05013171","nm":"Beechwood & Heath"},"geometry":{"type":"Polygon","coordinates":[[[-2.709,53.3221],[-2.6906,53.3164],[-2.6854,53.3153],[-2.7008,53.3058],[-2.721,53.3128],[-2.7168,53.3137],[-2.7191,53.3158],[-2.7341,53.3177],[-2.7334,53.3232],[-2.7452,53.327],[-2.7426,53.334],[-2.7362,53.3353],[-2.7136,53.3217],[-2.709,53.3221]]]}},{"type":"Feature","properties":{"cd":"E05013528","nm":"North Greenford"},"geometry":{"type":"Polygon","coordinates":[[[-0.3356,51.5566],[-0.3125,51.549],[-0.3085,51.5432],[-0.3316,51.5422],[-0.3413,51.546],[-0.3377,51.554],[-0.3558,51.5529],[-0.3623,51.5572],[-0.3475,51.5597],[-0.3356,51.5566]]]}},{"type":"Feature","properties":{"cd":"E05013893","nm":"Hoe Street"},"geometry":{"type":"Polygon","coordinates":[[[-0.0059,51.579],[-0.0128,51.5753],[-0.0155,51.5765],[-0.0188,51.583],[-0.0205,51.5869],[-0.0174,51.5902],[-0.0087,51.5907],[-0.0104,51.5829],[-0.0059,51.579]]]}},{"type":"Feature","properties":{"cd":"E05015739","nm":"Waltham Abbey North"},"geometry":{"type":"Polygon","coordinates":[[[0.0583,51.7061],[0.0505,51.7038],[0.0515,51.7074],[0.0443,51.7005],[0.0345,51.6984],[0.038,51.69],[0.0321,51.6887],[0.0304,51.685],[0.019,51.6859],[0.0175,51.6838],[0.0105,51.6864],[0.0178,51.6906],[-0.002,51.6901],[-0.0089,51.7054],[-0.0176,51.7074],[-0.0155,51.7153],[-0.0141,51.7231],[0.0141,51.7207],[0.0152,51.7176],[0.0097,51.7162],[0.0155,51.7137],[0.023,51.7167],[0.0269,51.716],[0.0364,51.7213],[0.0439,51.7198],[0.0527,51.7221],[0.0584,51.7149],[0.0583,51.7061]]]}},{"type":"Feature","properties":{"cd":"E05011435","nm":"Wolstanton"},"geometry":{"type":"Polygon","coordinates":[[[-2.2084,53.0345],[-2.205,53.0231],[-2.2132,53.0284],[-2.216,53.0257],[-2.2232,53.0312],[-2.229,53.031],[-2.227,53.0276],[-2.2291,53.0296],[-2.2341,53.0268],[-2.2382,53.031],[-2.2392,53.0353],[-2.2271,53.0329],[-2.215,53.0405],[-2.2084,53.0345]]]}},{"type":"Feature","properties":{"cd":"E05011284","nm":"Barrington"},"geometry":{"type":"Polygon","coordinates":[[[0.0064,52.1729],[0.0128,52.1714],[0.0207,52.1746],[0.0218,52.1614],[0.0086,52.1512],[-0.0062,52.1456],[0.0028,52.1433],[0.0343,52.1467],[0.0482,52.1382],[0.067,52.1343],[0.0645,52.1323],[0.055,52.1262],[0.041,52.1271],[0.0386,52.125],[0.0091,52.1183],[0.0015,52.1093],[-0.0207,52.1117],[-0.0387,52.1193],[-0.054,52.119],[-0.0717,52.1587],[-0.0733,52.1628],[-0.0697,52.1643],[-0.066,52.1572],[-0.0441,52.1555],[-0.042,52.1584],[-0.0372,52.1574],[-0.0398,52.1608],[-0.0226,52.1684],[-0.023,52.1728],[-0.019,52.1717],[-0.0142,52.18],[-0.0062,52.1798],[-0.0045,52.1762],[0.0014,52.1767],[0.0017,52.1733],[0.0064,52.1729]]]}},{"type":"Feature","properties":{"cd":"E05011286","nm":"Caldecote"},"geometry":{"type":"Polygon","coordinates":[[[0.0037,52.2435],[-0.018,52.2191],[-0.0053,52.219],[-0.0227,52.1992],[-0.028,52.1853],[-0.0148,52.1827],[-0.0142,52.18],[-0.019,52.1717],[-0.023,52.1728],[-0.0226,52.1684],[-0.0398,52.1608],[-0.0372,52.1574],[-0.042,52.1584],[-0.0441,52.1555],[-0.066,52.1572],[-0.0697,52.1643],[-0.0733,52.1628],[-0.0717,52.1587],[-0.0903,52.1574],[-0.11,52.1624],[-0.1077,52.1576],[-0.1154,52.156],[-0.1468,52.158],[-0.1548,52.1645],[-0.1525,52.1696],[-0.1533,52.1754],[-0.1433,52.1833],[-0.1378,52.1845],[-0.1108,52.1789],[-0.1005,52.1827],[-0.1012,52.1854],[-0.0856,52.191],[-0.0882,52.1957],[-0.0788,52.2113],[-0.0659,52.2058],[-0.0626,52.2091],[-0.0521,52.2079],[-0.0442,52.2212],[-0.0273,52.2201],[-0.0215,52.2259],[-0.0258,52.2356],[-0.0215,52.2536],[-0.0188,52.2502],[0.0037,52.2435]]]}},{"type":"Feature","properties":{"cd":"E05011292","nm":"Foxton"},"geometry":{"type":"Polygon","coordinates":[[[0.0704,52.1179],[0.083,52.1172],[0.0914,52.1113],[0.0786,52.092],[0.0877,52.0791],[0.1066,52.0683],[0.1057,52.0603],[0.1011,52.0389],[0.0942,52.0329],[0.0923,52.0217],[0.0791,52.0077],[0.0713,52.0082],[0.0682,52.0058],[0.0521,52.0246],[0.0398,52.0532],[0.036,52.0601],[0.0614,52.0691],[0.0482,52.0849],[0.0491,52.093],[0.0426,52.0973],[0.0568,52.105],[0.0429,52.1133],[0.0386,52.125],[0.041,52.1271],[0.055,52.1262],[0.0645,52.1323],[0.0704,52.1179]]]}},{"type":"Feature","properties":{"cd":"E05011294","nm":"Girton"},"geometry":{"type":"Polygon","coordinates":[[[0.1012,52.227],[0.0687,52.2149],[0.0492,52.2151],[0.0534,52.2084],[0.038,52.2065],[0.0388,52.2156],[0.0252,52.2165],[-0.0053,52.219],[-0.018,52.2191],[0.0037,52.2435],[0.0084,52.2489],[0.0181,52.2454],[0.0204,52.2494],[0.0331,52.2472],[0.037,52.2509],[0.0533,52.2428],[0.0675,52.2511],[0.0759,52.247],[0.0852,52.2511],[0.0847,52.2477],[0.0914,52.2451],[0.0885,52.2423],[0.0943,52.2393],[0.0903,52.2371],[0.1012,52.227]]]}},{"type":"Feature","properties":{"cd":"COV:longford","nm":"Longford"},"geometry":{"type":"Polygon","coordinates":[[[-1.4828,52.458],[-1.4708,52.457],[-1.4639,52.4583],[-1.4591,52.4552],[-1.4522,52.4497],[-1.4588,52.4474],[-1.468,52.4514],[-1.472,52.449],[-1.4676,52.447],[-1.4688,52.4349],[-1.4763,52.4294],[-1.4818,52.4332],[-1.486,52.4307],[-1.4907,52.4343],[-1.4887,52.4431],[-1.497,52.4443],[-1.5,52.451],[-1.4917,52.455],[-1.4928,52.4585],[-1.4828,52.458]]]}},{"type":"Feature","properties":{"cd":"SOL:fordbridge","nm":"Fordbridge"},"geometry":{"type":"Polygon","coordinates":[[[-1.7356,52.4917],[-1.7443,52.4886],[-1.7374,52.4847],[-1.7486,52.4749],[-1.7558,52.4719],[-1.7634,52.4873],[-1.759,52.4952],[-1.7356,52.4917]]]}},{"type":"Feature","properties":{"cd":"E05009430","nm":"Durrants"},"geometry":{"type":"Polygon","coordinates":[[[-0.4248,51.6543],[-0.4413,51.6474],[-0.4529,51.6503],[-0.4494,51.6589],[-0.4415,51.6576],[-0.4362,51.6599],[-0.4248,51.6543]]]}},{"type":"Feature","properties":{"cd":"E05014068","nm":"Thames View"},"geometry":{"type":"Polygon","coordinates":[[[0.1096,51.5301],[0.1047,51.5194],[0.0978,51.5159],[0.0976,51.516],[0.0969,51.5163],[0.0926,51.5257],[0.0805,51.5276],[0.0805,51.5276],[0.1007,51.5315],[0.1096,51.5301]]]}},{"type":"Feature","properties":{"cd":"E05014069","nm":"Valence"},"geometry":{"type":"Polygon","coordinates":[[[0.148,51.5611],[0.1465,51.5568],[0.1236,51.5512],[0.1277,51.5566],[0.125,51.5643],[0.1293,51.5665],[0.1298,51.5617],[0.148,51.5611]]]}},{"type":"Feature","properties":{"cd":"E05014070","nm":"Village"},"geometry":{"type":"Polygon","coordinates":[[[0.1739,51.5374],[0.1687,51.5312],[0.166,51.5288],[0.1482,51.5391],[0.1479,51.5416],[0.1792,51.5464],[0.186,51.5475],[0.1739,51.5374]]]}},{"type":"Feature","properties":{"cd":"E05014071","nm":"Whalebone"},"geometry":{"type":"Polygon","coordinates":[[[0.1544,51.5661],[0.1543,51.5661],[0.148,51.5611],[0.1298,51.5617],[0.1293,51.5665],[0.1297,51.5681],[0.13,51.5707],[0.149,51.5731],[0.1467,51.5688],[0.1544,51.5661]]]}},{"type":"Feature","properties":{"cd":"E05013667","nm":"Primrose Hill"},"geometry":{"type":"Polygon","coordinates":[[[-0.1551,51.5429],[-0.1462,51.5367],[-0.1527,51.5375],[-0.1649,51.5358],[-0.1735,51.5376],[-0.1758,51.5396],[-0.1751,51.5436],[-0.1613,51.5455],[-0.1551,51.5429]]]}},{"type":"Feature","properties":{"cd":"E05013712","nm":"Tollington"},"geometry":{"type":"Polygon","coordinates":[[[-0.1107,51.5686],[-0.1187,51.5637],[-0.1152,51.5603],[-0.1195,51.5578],[-0.1258,51.5622],[-0.1275,51.5652],[-0.1157,51.572],[-0.1107,51.5686]]]}},{"type":"Feature","properties":{"cd":"E05013930","nm":"Canbury Gardens"},"geometry":{"type":"Polygon","coordinates":[[[-0.2976,51.4219],[-0.293,51.4192],[-0.3034,51.4131],[-0.3085,51.4135],[-0.3084,51.425],[-0.3066,51.4277],[-0.3022,51.4204],[-0.2976,51.4219]]]}},{"type":"Feature","properties":{"cd":"E05011221","nm":"Blendon & Penhill"},"geometry":{"type":"Polygon","coordinates":[[[0.1156,51.4503],[0.1325,51.4482],[0.1426,51.4483],[0.1313,51.4435],[0.1315,51.4361],[0.1078,51.4339],[0.1031,51.4367],[0.1105,51.4387],[0.105,51.4388],[0.1076,51.4421],[0.1037,51.4413],[0.1016,51.4441],[0.1052,51.4517],[0.1156,51.4503]]]}},{"type":"Feature","properties":{"cd":"E05011222","nm":"Crayford"},"geometry":{"type":"Polygon","coordinates":[[[0.2029,51.4583],[0.2026,51.4562],[0.2002,51.4526],[0.1921,51.4508],[0.191,51.4488],[0.1709,51.4412],[0.1709,51.4412],[0.1562,51.4467],[0.1522,51.4538],[0.1659,51.4548],[0.1605,51.4609],[0.1708,51.4582],[0.182,51.4642],[0.1927,51.4638],[0.2029,51.4583]]]}},{"type":"Feature","properties":{"cd":"E05011224","nm":"East Wickham"},"geometry":{"type":"Polygon","coordinates":[[[0.1125,51.4734],[0.1202,51.4703],[0.1171,51.4673],[0.1234,51.4664],[0.1226,51.4639],[0.102,51.4649],[0.0829,51.4598],[0.0823,51.4666],[0.0871,51.47],[0.0982,51.4755],[0.1082,51.4761],[0.1125,51.4734]]]}},{"type":"Feature","properties":{"cd":"E05011225","nm":"Erith"},"geometry":{"type":"Polygon","coordinates":[[[0.1865,51.4805],[0.1809,51.4708],[0.1767,51.4741],[0.1753,51.4778],[0.1657,51.4767],[0.1589,51.4817],[0.1549,51.4794],[0.1537,51.4812],[0.1528,51.4854],[0.1686,51.4873],[0.1631,51.492],[0.1723,51.4941],[0.1752,51.4853],[0.1865,51.4805]]]}},{"type":"Feature","properties":{"cd":"E05011226","nm":"Falconwood & Welling"},"geometry":{"type":"Polygon","coordinates":[[[0.1226,51.4639],[0.1229,51.4519],[0.1156,51.4503],[0.1052,51.4517],[0.0857,51.4565],[0.0789,51.4591],[0.0829,51.4598],[0.102,51.4649],[0.1226,51.4639]]]}},{"type":"Feature","properties":{"cd":"E05011227","nm":"Longlands"},"geometry":{"type":"Polygon","coordinates":[[[0.0998,51.4343],[0.1004,51.4237],[0.0951,51.4201],[0.0832,51.4299],[0.0754,51.432],[0.0785,51.4371],[0.0998,51.4343]]]}},{"type":"Feature","properties":{"cd":"E05011230","nm":"Sidcup"},"geometry":{"type":"Polygon","coordinates":[[[0.1265,51.4147],[0.1131,51.4129],[0.1045,51.4152],[0.0951,51.4201],[0.1004,51.4237],[0.0998,51.4343],[0.1078,51.4339],[0.1315,51.4361],[0.135,51.4342],[0.1315,51.4295],[0.1212,51.4291],[0.1168,51.4255],[0.1265,51.4147]]]}},{"type":"Feature","properties":{"cd":"E05011185","nm":"Yardley East"},"geometry":{"type":"Polygon","coordinates":[[[-1.7962,52.483],[-1.8007,52.4784],[-1.7916,52.4769],[-1.794,52.4732],[-1.7898,52.4678],[-1.808,52.4651],[-1.81,52.4668],[-1.8066,52.4741],[-1.8099,52.485],[-1.7962,52.483]]]}},{"type":"Feature","properties":{"cd":"BRD:bowling-and-barkerend","nm":"Bowling & Barkerend"},"geometry":{"type":"Polygon","coordinates":[[[-1.7275,53.8067],[-1.726,53.8053],[-1.7233,53.8027],[-1.7308,53.7994],[-1.7323,53.7894],[-1.7099,53.7929],[-1.7111,53.7916],[-1.7197,53.7777],[-1.7392,53.7692],[-1.7405,53.7741],[-1.7485,53.7766],[-1.7492,53.7903],[-1.743,53.7942],[-1.7516,53.8025],[-1.7416,53.8054],[-1.7357,53.8034],[-1.7307,53.8083],[-1.7275,53.8067]]]}},{"type":"Feature","properties":{"cd":"E05011477","nm":"Purley Oaks & Riddlesdown"},"geometry":{"type":"Polygon","coordinates":[[[-0.0929,51.35],[-0.1005,51.3354],[-0.09,51.3267],[-0.0822,51.3279],[-0.0889,51.3231],[-0.1028,51.3288],[-0.1063,51.3373],[-0.1141,51.3402],[-0.1109,51.3453],[-0.114,51.3457],[-0.1086,51.354],[-0.1048,51.3529],[-0.1047,51.3471],[-0.0929,51.35]]]}},{"type":"Feature","properties":{"cd":"E05011478","nm":"Sanderstead"},"geometry":{"type":"Polygon","coordinates":[[[-0.0781,51.3484],[-0.0676,51.3441],[-0.0691,51.34],[-0.0592,51.3356],[-0.0562,51.3217],[-0.064,51.3186],[-0.071,51.3212],[-0.0822,51.3169],[-0.0889,51.3231],[-0.0822,51.3279],[-0.09,51.3267],[-0.1005,51.3354],[-0.0929,51.35],[-0.092,51.3534],[-0.0781,51.3484]]]}},{"type":"Feature","properties":{"cd":"E05013518","nm":"Central Greenford"},"geometry":{"type":"Polygon","coordinates":[[[-0.3316,51.5422],[-0.3296,51.5384],[-0.337,51.5391],[-0.337,51.5344],[-0.3455,51.536],[-0.3455,51.5275],[-0.3489,51.5272],[-0.3523,51.5275],[-0.3501,51.5368],[-0.3658,51.5398],[-0.3535,51.5477],[-0.3576,51.548],[-0.3558,51.5529],[-0.3377,51.554],[-0.3413,51.546],[-0.3316,51.5422]]]}},{"type":"Feature","properties":{"cd":"E05013520","nm":"Ealing Broadway"},"geometry":{"type":"Polygon","coordinates":[[[-0.2991,51.5149],[-0.2972,51.5117],[-0.3056,51.5104],[-0.3197,51.5134],[-0.3197,51.5135],[-0.323,51.5208],[-0.3084,51.5228],[-0.2988,51.5231],[-0.2991,51.5149]]]}},{"type":"Feature","properties":{"cd":"E05013521","nm":"Ealing Common"},"geometry":{"type":"Polygon","coordinates":[[[-0.283,51.5084],[-0.2808,51.5028],[-0.3007,51.4993],[-0.3058,51.4983],[-0.307,51.5029],[-0.3056,51.5104],[-0.2972,51.5117],[-0.2991,51.5149],[-0.2885,51.515],[-0.2824,51.5151],[-0.283,51.5084]]]}},{"type":"Feature","properties":{"cd":"E05013540","nm":"Southfield"},"geometry":{"type":"Polygon","coordinates":[[[-0.253,51.5014],[-0.2554,51.495],[-0.2691,51.494],[-0.2742,51.4973],[-0.2637,51.5065],[-0.2465,51.5067],[-0.2457,51.5046],[-0.2551,51.5043],[-0.253,51.5014]]]}},{"type":"Feature","properties":{"cd":"E05013541","nm":"Walpole"},"geometry":{"type":"Polygon","coordinates":[[[-0.3056,51.5104],[-0.307,51.5029],[-0.3171,51.4995],[-0.3224,51.5053],[-0.3263,51.5042],[-0.3292,51.5096],[-0.3195,51.5109],[-0.3197,51.5134],[-0.3056,51.5104]]]}},{"type":"Feature","properties":{"cd":"E05013672","nm":"Arnos Grove"},"geometry":{"type":"Polygon","coordinates":[[[-0.1131,51.6245],[-0.1198,51.6235],[-0.123,51.6181],[-0.1123,51.6163],[-0.1156,51.6126],[-0.142,51.6163],[-0.1324,51.6272],[-0.117,51.627],[-0.1131,51.6245]]]}},{"type":"Feature","properties":{"cd":"E05014117","nm":"Vauxhall"},"geometry":{"type":"Polygon","coordinates":[[[-0.1182,51.4924],[-0.1146,51.487],[-0.1284,51.4796],[-0.1307,51.4802],[-0.1263,51.4845],[-0.1281,51.4853],[-0.1255,51.4869],[-0.1251,51.4877],[-0.122,51.4932],[-0.1182,51.4924]]]}},{"type":"Feature","properties":{"cd":"BRD:queensbury","nm":"Queensbury"},"geometry":{"type":"Polygon","coordinates":[[[-1.8428,53.7812],[-1.852,53.7778],[-1.8497,53.7727],[-1.8205,53.777],[-1.8129,53.7746],[-1.8073,53.7771],[-1.8051,53.7743],[-1.8024,53.7693],[-1.8088,53.7639],[-1.8278,53.7637],[-1.8402,53.7556],[-1.8526,53.7527],[-1.8555,53.7483],[-1.8556,53.7508],[-1.8657,53.7524],[-1.8727,53.7549],[-1.8694,53.7597],[-1.8734,53.7786],[-1.8636,53.785],[-1.8518,53.7857],[-1.8428,53.7812]]]}},{"type":"Feature","properties":{"cd":"E05009425","nm":"Abbots Langley & Bedmond"},"geometry":{"type":"Polygon","coordinates":[[[-0.4119,51.7321],[-0.4066,51.7244],[-0.4095,51.7219],[-0.4025,51.7212],[-0.4059,51.7138],[-0.3964,51.7095],[-0.4045,51.7088],[-0.4034,51.7068],[-0.421,51.6989],[-0.4248,51.7024],[-0.4346,51.7012],[-0.438,51.7066],[-0.4232,51.7137],[-0.4269,51.7155],[-0.425,51.7182],[-0.4318,51.7203],[-0.4203,51.7279],[-0.4277,51.733],[-0.4399,51.7283],[-0.4404,51.7335],[-0.4221,51.7408],[-0.4162,51.7326],[-0.4119,51.7321]]]}},{"type":"Feature","properties":{"cd":"E05009435","nm":"Penn & Mill End"},"geometry":{"type":"Polygon","coordinates":[[[-0.4974,51.649],[-0.4866,51.641],[-0.4848,51.6349],[-0.4971,51.6317],[-0.5,51.6292],[-0.5108,51.6372],[-0.4988,51.6492],[-0.4974,51.649]]]}},{"type":"Feature","properties":{"cd":"E05011285","nm":"Bassingbourn"},"geometry":{"type":"Polygon","coordinates":[[[-0.0244,52.0633],[-0.03,52.062],[-0.0543,52.0466],[-0.079,52.0379],[-0.1009,52.0666],[-0.0985,52.0736],[-0.0736,52.0974],[-0.0686,52.0977],[-0.0643,52.094],[-0.0472,52.103],[-0.0396,52.0852],[-0.03,52.091],[-0.0216,52.091],[-0.0125,52.0825],[-0.0148,52.0725],[-0.0285,52.0721],[-0.0244,52.0633]]]}},{"type":"Feature","properties":{"cd":"E05015792","nm":"Norreys"},"geometry":{"type":"Polygon","coordinates":[[[-0.809,51.4182],[-0.8202,51.4113],[-0.8364,51.4117],[-0.8411,51.4197],[-0.8396,51.4276],[-0.8208,51.4247],[-0.809,51.4182]]]}},{"type":"Feature","properties":{"cd":"E05015797","nm":"Twyford, Ruscombe & Hurst"},"geometry":{"type":"Polygon","coordinates":[[[-0.8291,51.4863],[-0.8218,51.4726],[-0.8252,51.4656],[-0.8338,51.4641],[-0.8283,51.462],[-0.8181,51.4432],[-0.8,51.4412],[-0.798,51.4258],[-0.7967,51.4145],[-0.809,51.4182],[-0.8208,51.4247],[-0.8396,51.4276],[-0.85,51.4298],[-0.8745,51.4384],[-0.8901,51.4399],[-0.8785,51.4482],[-0.8757,51.4549],[-0.8652,51.4606],[-0.8678,51.4632],[-0.8739,51.462],[-0.8768,51.4642],[-0.8728,51.477],[-0.8826,51.4871],[-0.8474,51.4914],[-0.8291,51.4863]]]}},{"type":"Feature","properties":{"cd":"COV:holbrooks","nm":"Holbrooks"},"geometry":{"type":"Polygon","coordinates":[[[-1.5,52.451],[-1.497,52.4443],[-1.5051,52.4329],[-1.5226,52.4354],[-1.5224,52.4424],[-1.5264,52.4423],[-1.5276,52.4387],[-1.5319,52.4425],[-1.5266,52.4455],[-1.5288,52.4493],[-1.5246,52.4487],[-1.5256,52.4516],[-1.5198,52.4534],[-1.5,52.451]]]}},{"type":"Feature","properties":{"cd":"COV:woodlands","nm":"Woodlands"},"geometry":{"type":"Polygon","coordinates":[[[-1.5703,52.4219],[-1.5591,52.407],[-1.5739,52.4098],[-1.5719,52.403],[-1.5908,52.4013],[-1.5954,52.4072],[-1.6034,52.4078],[-1.6022,52.4161],[-1.6003,52.4221],[-1.5847,52.4174],[-1.5801,52.4178],[-1.5739,52.4263],[-1.5703,52.4219]]]}},{"type":"Feature","properties":{"cd":"COV:sherbourne","nm":"Sherbourne"},"geometry":{"type":"Polygon","coordinates":[[[-1.5293,52.4187],[-1.523,52.4135],[-1.5167,52.4171],[-1.5149,52.4116],[-1.5257,52.4039],[-1.5278,52.4085],[-1.5368,52.4082],[-1.5486,52.4125],[-1.5551,52.4203],[-1.5487,52.4193],[-1.5516,52.4247],[-1.5413,52.43],[-1.5293,52.4187]]]}},{"type":"Feature","properties":{"cd":"COV:foleshill","nm":"Foleshill"},"geometry":{"type":"Polygon","coordinates":[[[-1.486,52.4307],[-1.4869,52.4215],[-1.4912,52.4175],[-1.4979,52.4197],[-1.5092,52.4131],[-1.5057,52.4213],[-1.5126,52.4209],[-1.5051,52.4329],[-1.497,52.4443],[-1.4887,52.4431],[-1.4907,52.4343],[-1.486,52.4307]]]}},{"type":"Feature","properties":{"cd":"WLL:streetly","nm":"Streetly"},"geometry":{"type":"Polygon","coordinates":[[[-1.8726,52.5849],[-1.8785,52.5696],[-1.8916,52.5625],[-1.8933,52.5613],[-1.9078,52.5689],[-1.913,52.5809],[-1.8983,52.5825],[-1.888,52.5873],[-1.8906,52.5981],[-1.8726,52.5849]]]}},{"type":"Feature","properties":{"cd":"KIR:holme-valley-south","nm":"Holme Valley South"},"geometry":{"type":"Polygon","coordinates":[[[-1.7513,53.5845],[-1.7333,53.5851],[-1.7286,53.5808],[-1.7307,53.5753],[-1.7261,53.5744],[-1.7222,53.578],[-1.7143,53.5735],[-1.7041,53.5602],[-1.7232,53.5599],[-1.7301,53.5468],[-1.7558,53.5367],[-1.7974,53.5339],[-1.8043,53.537],[-1.8222,53.5211],[-1.8272,53.5235],[-1.8418,53.5199],[-1.8735,53.5404],[-1.8941,53.5336],[-1.8993,53.5381],[-1.9096,53.5384],[-1.9129,53.5516],[-1.9257,53.5532],[-1.9275,53.5546],[-1.882,53.5645],[-1.8382,53.5709],[-1.8133,53.5823],[-1.8156,53.5841],[-1.7949,53.5867],[-1.7843,53.5901],[-1.7832,53.5933],[-1.776,53.5935],[-1.7633,53.5834],[-1.7513,53.5845]]]}},{"type":"Feature","properties":{"cd":"WKF:pontefract-south","nm":"Pontefract South"},"geometry":{"type":"Polygon","coordinates":[[[-1.2444,53.6925],[-1.244,53.6733],[-1.2523,53.6667],[-1.247,53.6556],[-1.2488,53.6496],[-1.2552,53.649],[-1.2758,53.6493],[-1.2849,53.6456],[-1.3186,53.6713],[-1.3333,53.6813],[-1.3165,53.691],[-1.3124,53.6855],[-1.3053,53.6837],[-1.3054,53.6895],[-1.2998,53.6936],[-1.2846,53.6876],[-1.2666,53.6923],[-1.2675,53.6957],[-1.2444,53.6925]]]}},{"type":"Feature","properties":{"cd":"WKF:normanton","nm":"Normanton"},"geometry":{"type":"Polygon","coordinates":[[[-1.3877,53.7082],[-1.3945,53.7017],[-1.3863,53.6978],[-1.3893,53.6947],[-1.4075,53.6916],[-1.4187,53.6843],[-1.4115,53.68],[-1.4253,53.6793],[-1.4475,53.6686],[-1.455,53.6655],[-1.4726,53.6687],[-1.4682,53.6707],[-1.473,53.6754],[-1.4673,53.6852],[-1.4583,53.6832],[-1.4592,53.6881],[-1.4488,53.6888],[-1.4508,53.698],[-1.454,53.7016],[-1.4489,53.7027],[-1.4444,53.7023],[-1.4468,53.6978],[-1.4213,53.7016],[-1.4136,53.7108],[-1.3877,53.7082]]]}},{"type":"Feature","properties":{"cd":"WKF:knottingley-and-ferrybridge","nm":"Knottingley & Ferrybridge"},"geometry":{"type":"Polygon","coordinates":[[[-1.1988,53.7007],[-1.1991,53.6949],[-1.2444,53.6925],[-1.2675,53.6957],[-1.2754,53.6986],[-1.283,53.7085],[-1.2936,53.7114],[-1.2951,53.7225],[-1.2852,53.7251],[-1.289,53.7292],[-1.2838,53.732],[-1.272,53.7249],[-1.2685,53.7149],[-1.248,53.7117],[-1.2294,53.7149],[-1.2263,53.7099],[-1.2198,53.7144],[-1.2184,53.7071],[-1.1988,53.7007]]]}},{"type":"Feature","properties":{"cd":"WKF:wrenthorpe-and-outwood-west","nm":"Wrenthorpe & Outwood West"},"geometry":{"type":"Polygon","coordinates":[[[-1.5037,53.6949],[-1.5077,53.6958],[-1.514,53.6932],[-1.5119,53.6906],[-1.5183,53.6913],[-1.5299,53.686],[-1.5321,53.689],[-1.5377,53.689],[-1.545,53.6804],[-1.5552,53.6842],[-1.5545,53.7028],[-1.5471,53.7101],[-1.5132,53.7275],[-1.5104,53.7144],[-1.4977,53.7149],[-1.5054,53.7065],[-1.5037,53.6949]]]}},{"type":"Feature","properties":{"cd":"E05013953","nm":"Harpenden North & Rural"},"geometry":{"type":"Polygon","coordinates":[[[-0.3644,51.8399],[-0.3561,51.8306],[-0.3487,51.8316],[-0.3422,51.8248],[-0.3451,51.8264],[-0.3559,51.8236],[-0.3615,51.8244],[-0.3775,51.8169],[-0.3774,51.8134],[-0.366,51.8137],[-0.3603,51.8104],[-0.3586,51.8027],[-0.3708,51.7979],[-0.3684,51.7937],[-0.3752,51.7912],[-0.3846,51.7948],[-0.3902,51.8108],[-0.409,51.8202],[-0.4174,51.8202],[-0.4199,51.8259],[-0.4163,51.8357],[-0.4049,51.8406],[-0.374,51.8292],[-0.3687,51.8311],[-0.3644,51.8399]]]}},{"type":"Feature","properties":{"cd":"E05012647","nm":"Beeston & Holbeck"},"geometry":{"type":"Polygon","coordinates":[[[-1.5444,53.765],[-1.5699,53.7572],[-1.5754,53.7659],[-1.5832,53.7642],[-1.5895,53.7708],[-1.5878,53.7797],[-1.5782,53.7834],[-1.5761,53.7878],[-1.5667,53.7921],[-1.5466,53.7944],[-1.5438,53.7911],[-1.5574,53.7774],[-1.5444,53.765]]]}},{"type":"Feature","properties":{"cd":"E05013643","nm":"Hendon"},"geometry":{"type":"Polygon","coordinates":[[[-0.2256,51.599],[-0.2049,51.5889],[-0.2184,51.5768],[-0.2384,51.5881],[-0.2364,51.596],[-0.2385,51.6017],[-0.2256,51.599]]]}},{"type":"Feature","properties":{"cd":"E05011102","nm":"Faraday"},"geometry":{"type":"Polygon","coordinates":[[[-0.078,51.4889],[-0.0739,51.4826],[-0.0838,51.4817],[-0.0903,51.4805],[-0.0957,51.4838],[-0.096,51.4857],[-0.0811,51.4908],[-0.078,51.4889]]]}},{"type":"Feature","properties":{"cd":"E05015878","nm":"Shiremoor"},"geometry":{"type":"Polygon","coordinates":[[[-1.5048,55.0403],[-1.4961,55.0336],[-1.5034,55.0237],[-1.4969,55.0176],[-1.5033,55.0127],[-1.5166,55.0224],[-1.5242,55.0367],[-1.518,55.0405],[-1.5056,55.0409],[-1.5048,55.0403]]]}},{"type":"Feature","properties":{"cd":"E05010875","nm":"Nether Edge & Sharrow"},"geometry":{"type":"Polygon","coordinates":[[[-1.4686,53.3648],[-1.4834,53.354],[-1.4879,53.3499],[-1.4918,53.3549],[-1.5082,53.3597],[-1.5064,53.3629],[-1.4905,53.3657],[-1.4907,53.369],[-1.4791,53.3741],[-1.4775,53.3707],[-1.4726,53.3716],[-1.4686,53.3648]]]}},{"type":"Feature","properties":{"cd":"E05015660","nm":"Ingatestone, Fryerning & Mountnessing"},"geometry":{"type":"Polygon","coordinates":[[[0.4022,51.651],[0.403,51.6458],[0.3949,51.6445],[0.3861,51.6343],[0.3584,51.64],[0.3493,51.6454],[0.3271,51.6568],[0.332,51.6638],[0.3298,51.6668],[0.3459,51.6692],[0.3437,51.6722],[0.3329,51.67],[0.3325,51.6788],[0.3234,51.6878],[0.3281,51.6932],[0.345,51.6955],[0.3606,51.6904],[0.3767,51.6985],[0.3818,51.6936],[0.392,51.6915],[0.4015,51.6824],[0.3978,51.6795],[0.4049,51.6787],[0.4126,51.6709],[0.4001,51.6623],[0.4028,51.6597],[0.3969,51.6537],[0.4022,51.651]]]}},{"type":"Feature","properties":{"cd":"NET:byker","nm":"Byker"},"geometry":{"type":"Polygon","coordinates":[[[-1.5593,54.9741],[-1.5669,54.9737],[-1.5656,54.9646],[-1.5807,54.9661],[-1.5928,54.9763],[-1.5884,54.9706],[-1.5887,54.9706],[-1.593,54.9765],[-1.5805,54.9803],[-1.5752,54.9821],[-1.574,54.9778],[-1.5625,54.9809],[-1.5593,54.9741]]]}},{"type":"Feature","properties":{"cd":"E05015661","nm":"Pilgrims Hatch"},"geometry":{"type":"Polygon","coordinates":[[[0.3108,51.6455],[0.3145,51.6431],[0.3033,51.634],[0.2899,51.6294],[0.2721,51.6391],[0.2636,51.6488],[0.2677,51.6552],[0.2717,51.6554],[0.2935,51.643],[0.2979,51.6451],[0.2966,51.648],[0.3108,51.6455]]]}},{"type":"Feature","properties":{"cd":"E05015663","nm":"Warley"},"geometry":{"type":"Polygon","coordinates":[[[0.2981,51.6083],[0.3178,51.6121],[0.324,51.6077],[0.3154,51.6],[0.3037,51.5993],[0.296,51.5929],[0.2699,51.5925],[0.2699,51.5996],[0.2609,51.6004],[0.2844,51.6124],[0.2898,51.6133],[0.2981,51.6083]]]}},{"type":"Feature","properties":{"cd":"E05010829","nm":"Greenstead"},"geometry":{"type":"Polygon","coordinates":[[[0.9517,51.8993],[0.9488,51.8968],[0.9531,51.8917],[0.9351,51.8816],[0.9356,51.8764],[0.9271,51.8807],[0.9259,51.8859],[0.9183,51.8872],[0.9174,51.8877],[0.9171,51.8933],[0.925,51.8902],[0.9328,51.8966],[0.9387,51.8964],[0.9449,51.9007],[0.9517,51.8993]]]}},{"type":"Feature","properties":{"cd":"E05013360","nm":"Binstead & Fishbourne"},"geometry":{"type":"MultiPolygon","coordinates":[[[[-1.2244,50.7283],[-1.2251,50.7259],[-1.2255,50.7275],[-1.2244,50.7283],[-1.2244,50.7283]]],[[[-1.1832,50.7276],[-1.1838,50.7216],[-1.1822,50.7191],[-1.187,50.7187],[-1.205,50.7239],[-1.2085,50.7206],[-1.2161,50.7224],[-1.2234,50.7194],[-1.2249,50.7253],[-1.2199,50.7319],[-1.2198,50.732],[-1.2162,50.7349],[-1.2161,50.7349],[-1.1827,50.7335],[-1.1746,50.7334],[-1.1757,50.7286],[-1.1832,50.7276]]]]}},{"type":"Feature","properties":{"cd":"E05015016","nm":"Bredbury & Woodley"},"geometry":{"type":"Polygon","coordinates":[[[-2.0928,53.4375],[-2.084,53.4341],[-2.0829,53.4268],[-2.0836,53.424],[-2.0969,53.4218],[-2.0981,53.4174],[-2.1043,53.4204],[-2.1238,53.4133],[-2.1389,53.4118],[-2.1367,53.4155],[-2.1351,53.4206],[-2.1261,53.4255],[-2.1307,53.4394],[-2.1229,53.4378],[-2.1233,53.4411],[-2.1203,53.4364],[-2.1161,53.4407],[-2.1029,53.4326],[-2.0928,53.4375]]]}},{"type":"Feature","properties":{"cd":"E05013102","nm":"Donnington"},"geometry":{"type":"Polygon","coordinates":[[[-1.2237,51.7377],[-1.2327,51.7354],[-1.2416,51.7339],[-1.243,51.7371],[-1.2291,51.7444],[-1.2228,51.7458],[-1.224,51.7407],[-1.2201,51.7383],[-1.2237,51.7377]]]}},{"type":"Feature","properties":{"cd":"E05013112","nm":"Quarry & Risinghurst"},"geometry":{"type":"Polygon","coordinates":[[[-1.1797,51.7631],[-1.1878,51.7555],[-1.1943,51.7571],[-1.1951,51.7514],[-1.2036,51.7534],[-1.206,51.7592],[-1.2095,51.7589],[-1.2027,51.7621],[-1.2036,51.766],[-1.1967,51.763],[-1.1797,51.7631]]]}},{"type":"Feature","properties":{"cd":"E05011545","nm":"West Carr"},"geometry":{"type":"Polygon","coordinates":[[[-0.32,53.7852],[-0.3287,53.778],[-0.3475,53.7806],[-0.3518,53.7835],[-0.3479,53.7869],[-0.3489,53.7931],[-0.3286,53.7971],[-0.3164,53.7876],[-0.32,53.7852]]]}},{"type":"Feature","properties":{"cd":"E05013113","nm":"Rose Hill & Iffley"},"geometry":{"type":"Polygon","coordinates":[[[-1.2195,51.7296],[-1.224,51.7289],[-1.2239,51.7245],[-1.2338,51.722],[-1.2413,51.7252],[-1.2416,51.7339],[-1.2327,51.7354],[-1.2195,51.7296]]]}},{"type":"Feature","properties":{"cd":"E05011269","nm":"St Ives East"},"geometry":{"type":"Polygon","coordinates":[[[-0.0455,52.3566],[-0.0614,52.3413],[-0.0622,52.3335],[-0.0767,52.3351],[-0.0871,52.3414],[-0.0836,52.3442],[-0.0883,52.3465],[-0.0949,52.3559],[-0.085,52.3583],[-0.0455,52.3566]]]}},{"type":"Feature","properties":{"cd":"E05011173","nm":"Stockland Green"},"geometry":{"type":"Polygon","coordinates":[[[-1.8514,52.5305],[-1.8438,52.5287],[-1.8429,52.5257],[-1.855,52.5131],[-1.8656,52.5119],[-1.8775,52.5208],[-1.8742,52.5222],[-1.8809,52.5336],[-1.8769,52.5347],[-1.8711,52.5311],[-1.8667,52.5332],[-1.8514,52.5305]]]}},{"type":"Feature","properties":{"cd":"E05015584","nm":"Hart Plain"},"geometry":{"type":"Polygon","coordinates":[[[-1.0187,50.9091],[-1.0194,50.905],[-1.0294,50.8968],[-1.0188,50.8938],[-1.0228,50.8901],[-1.0414,50.8925],[-1.0476,50.8906],[-1.0341,50.9042],[-1.0239,50.9062],[-1.0245,50.9095],[-1.0187,50.9091]]]}},{"type":"Feature","properties":{"cd":"E05013869","nm":"Coley"},"geometry":{"type":"Polygon","coordinates":[[[-0.9763,51.4509],[-0.9779,51.4351],[-0.9835,51.4336],[-0.9995,51.4367],[-0.9922,51.4521],[-0.9899,51.4558],[-0.9763,51.4509]]]}},{"type":"Feature","properties":{"cd":"E05013391","nm":"Sandown South"},"geometry":{"type":"Polygon","coordinates":[[[-1.1523,50.6541],[-1.1526,50.654],[-1.1601,50.6496],[-1.1655,50.6509],[-1.1632,50.6561],[-1.1689,50.6627],[-1.1761,50.6643],[-1.1761,50.6644],[-1.1508,50.6657],[-1.1621,50.6572],[-1.1523,50.6541]]]}},{"type":"Feature","properties":{"cd":"E05013394","nm":"Totland & Colwell"},"geometry":{"type":"Polygon","coordinates":[[[-1.5271,50.6859],[-1.5325,50.6793],[-1.5282,50.6764],[-1.5328,50.6733],[-1.5324,50.6668],[-1.5789,50.6601],[-1.5865,50.6631],[-1.5699,50.6654],[-1.5699,50.6654],[-1.5698,50.6656],[-1.5693,50.6656],[-1.5696,50.6735],[-1.549,50.6779],[-1.5482,50.6787],[-1.548,50.6787],[-1.548,50.6787],[-1.548,50.6787],[-1.5479,50.6791],[-1.5383,50.6896],[-1.5382,50.6897],[-1.5376,50.6915],[-1.5356,50.692],[-1.5356,50.692],[-1.5356,50.692],[-1.532,50.702],[-1.5313,50.7024],[-1.5241,50.6958],[-1.5274,50.6948],[-1.5261,50.69],[-1.5296,50.69],[-1.5271,50.6859]]]}},{"type":"Feature","properties":{"cd":"E05015585","nm":"Havant St Faith's"},"geometry":{"type":"Polygon","coordinates":[[[-0.9568,50.8398],[-0.9579,50.8399],[-0.9745,50.8423],[-0.9814,50.8349],[-0.9834,50.8382],[-0.9876,50.84],[-0.986,50.8378],[-0.9896,50.8377],[-0.9947,50.8403],[-0.9908,50.8488],[-0.9839,50.848],[-0.9847,50.8524],[-0.9945,50.8537],[-0.9889,50.8596],[-0.9792,50.8611],[-0.9695,50.8583],[-0.9634,50.8673],[-0.9535,50.8682],[-0.9438,50.8531],[-0.9557,50.8527],[-0.9642,50.8486],[-0.9576,50.849],[-0.9568,50.8398]]]}},{"type":"Feature","properties":{"cd":"E05014648","nm":"Chadderton North"},"geometry":{"type":"Polygon","coordinates":[[[-2.1385,53.5568],[-2.1387,53.5563],[-2.1474,53.5443],[-2.1545,53.543],[-2.158,53.5454],[-2.1687,53.5401],[-2.1732,53.5416],[-2.1694,53.5462],[-2.1718,53.5514],[-2.172,53.5582],[-2.1552,53.5654],[-2.1385,53.5568]]]}},{"type":"Feature","properties":{"cd":"E05010930","nm":"Deddington"},"geometry":{"type":"Polygon","coordinates":[[[-1.4015,52.0238],[-1.3959,52.0238],[-1.3951,52.0052],[-1.3877,52.0046],[-1.3871,51.9972],[-1.3642,52.0026],[-1.336,52.003],[-1.3296,51.9957],[-1.319,51.9985],[-1.3116,51.9965],[-1.2964,52.0018],[-1.2834,51.9995],[-1.283,51.9915],[-1.2888,51.9897],[-1.2827,51.9792],[-1.2809,51.9824],[-1.2609,51.9809],[-1.2416,51.9863],[-1.2297,51.9814],[-1.2006,51.9779],[-1.2042,51.9724],[-1.2169,51.9731],[-1.219,51.9708],[-1.2273,51.9563],[-1.2264,51.9474],[-1.2346,51.9491],[-1.2351,51.9394],[-1.255,51.9379],[-1.2936,51.9432],[-1.2977,51.9353],[-1.283,51.9273],[-1.2932,51.9218],[-1.3027,51.9225],[-1.3062,51.9198],[-1.3247,51.9225],[-1.3252,51.9267],[-1.3305,51.9274],[-1.3302,51.9335],[-1.34,51.935],[-1.3325,51.9421],[-1.3453,51.9412],[-1.3464,51.9451],[-1.3619,51.9484],[-1.3614,51.9685],[-1.3649,51.9675],[-1.3772,51.9796],[-1.4019,51.9799],[-1.41,51.9728],[-1.4125,51.9786],[-1.4266,51.9829],[-1.4245,51.9867],[-1.4374,51.9892],[-1.4541,51.9797],[-1.4937,51.9749],[-1.5019,51.9841],[-1.5182,51.9899],[-1.5228,51.9968],[-1.5102,52.0255],[-1.5003,52.0223],[-1.4955,52.0246],[-1.4775,52.0216],[-1.4553,52.0228],[-1.4512,52.0184],[-1.4429,52.016],[-1.4399,52.0179],[-1.4316,52.0139],[-1.4105,52.0197],[-1.4109,52.0232],[-1.4015,52.0238]]]}},{"type":"Feature","properties":{"cd":"E05009428","nm":"Chorleywood South & Maple Cross"},"geometry":{"type":"Polygon","coordinates":[[[-0.5243,51.6579],[-0.5135,51.652],[-0.4988,51.6492],[-0.5108,51.6372],[-0.5,51.6292],[-0.5001,51.6221],[-0.4953,51.6189],[-0.4992,51.6089],[-0.4963,51.6024],[-0.5006,51.5997],[-0.5177,51.6003],[-0.5225,51.6051],[-0.5301,51.6172],[-0.5341,51.6372],[-0.5393,51.638],[-0.5374,51.6429],[-0.5309,51.6491],[-0.5367,51.6524],[-0.5369,51.6606],[-0.5326,51.663],[-0.5243,51.6579]]]}},{"type":"Feature","properties":{"cd":"E58000570","nm":"Leesland & Town"},"geometry":{"type":"Polygon","coordinates":[[[-1.1292,50.7979],[-1.1291,50.7949],[-1.1398,50.7923],[-1.1451,50.7922],[-1.1494,50.793],[-1.1487,50.8011],[-1.1377,50.7971],[-1.1341,50.7994],[-1.1292,50.7979]]]}},{"type":"Feature","properties":{"cd":"E05014165","nm":"Sedgley"},"geometry":{"type":"Polygon","coordinates":[[[-2.266,53.5302],[-2.2641,53.5247],[-2.2466,53.5292],[-2.2486,53.5251],[-2.2518,53.5258],[-2.257,53.5179],[-2.2793,53.5159],[-2.2763,53.5235],[-2.2813,53.5287],[-2.2738,53.5287],[-2.2744,53.531],[-2.266,53.5302]]]}},{"type":"Feature","properties":{"cd":"E05002453","nm":"St Jude"},"geometry":{"type":"Polygon","coordinates":[[[-1.0766,50.7867],[-1.0818,50.7782],[-1.0892,50.7777],[-1.1009,50.7851],[-1.0974,50.7885],[-1.0827,50.7893],[-1.0764,50.7904],[-1.0766,50.7867]]]}},{"type":"Feature","properties":{"cd":"E05013055","nm":"East Chesterton"},"geometry":{"type":"Polygon","coordinates":[[[0.1714,52.2338],[0.1713,52.233],[0.1549,52.2265],[0.1609,52.2208],[0.1461,52.2175],[0.1368,52.211],[0.1346,52.2206],[0.1476,52.2299],[0.1553,52.2373],[0.1714,52.2338]]]}},{"type":"Feature","properties":{"cd":"E05006628","nm":"Ascott and Shipton"},"geometry":{"type":"Polygon","coordinates":[[[-1.5402,51.8515],[-1.5488,51.8518],[-1.5538,51.8472],[-1.5664,51.8475],[-1.5686,51.8451],[-1.5576,51.8432],[-1.56,51.8409],[-1.5758,51.8423],[-1.5793,51.8386],[-1.5885,51.8371],[-1.5985,51.8361],[-1.6094,51.8282],[-1.6198,51.8334],[-1.6149,51.8359],[-1.6177,51.8478],[-1.614,51.8576],[-1.6029,51.864],[-1.6088,51.8655],[-1.602,51.8735],[-1.6093,51.8759],[-1.608,51.8789],[-1.6147,51.8844],[-1.6111,51.8864],[-1.6136,51.8887],[-1.5789,51.8982],[-1.5763,51.9021],[-1.5695,51.9031],[-1.5598,51.8996],[-1.5703,51.8855],[-1.5415,51.8667],[-1.5459,51.8588],[-1.5402,51.8515]]]}},{"type":"Feature","properties":{"cd":"E05011374","nm":"Northenden"},"geometry":{"type":"Polygon","coordinates":[[[-2.2635,53.4161],[-2.2531,53.4188],[-2.2525,53.4225],[-2.2497,53.4199],[-2.2535,53.4092],[-2.2462,53.4067],[-2.2443,53.4125],[-2.2398,53.4117],[-2.2384,53.4074],[-2.2449,53.4036],[-2.2381,53.4008],[-2.2424,53.399],[-2.2565,53.3985],[-2.2566,53.3884],[-2.2736,53.3899],[-2.2689,53.4006],[-2.2675,53.4068],[-2.2832,53.4078],[-2.2805,53.4123],[-2.2744,53.4099],[-2.2778,53.4155],[-2.2736,53.4225],[-2.2659,53.4206],[-2.2635,53.4161]]]}},{"type":"Feature","properties":{"cd":"E05011422","nm":"Kidsgrove & Ravenscliffe"},"geometry":{"type":"Polygon","coordinates":[[[-2.2159,53.0853],[-2.2388,53.0733],[-2.2341,53.0644],[-2.2383,53.0642],[-2.2432,53.0707],[-2.2412,53.0814],[-2.251,53.0844],[-2.2498,53.0879],[-2.2559,53.0907],[-2.2532,53.094],[-2.2464,53.0903],[-2.238,53.101],[-2.2196,53.092],[-2.2301,53.0893],[-2.2293,53.0854],[-2.2159,53.0853]]]}},{"type":"Feature","properties":{"cd":"E05015785","nm":"Emmbrook"},"geometry":{"type":"Polygon","coordinates":[[[-0.8396,51.4276],[-0.8411,51.4197],[-0.8364,51.4117],[-0.8409,51.4077],[-0.8503,51.4082],[-0.8564,51.4161],[-0.8609,51.4153],[-0.8647,51.4193],[-0.8664,51.4154],[-0.8718,51.4159],[-0.85,51.4298],[-0.8396,51.4276]]]}},{"type":"Feature","properties":{"cd":"E05015786","nm":"Evendons"},"geometry":{"type":"Polygon","coordinates":[[[-0.8409,51.4077],[-0.8391,51.4038],[-0.8473,51.388],[-0.8629,51.3918],[-0.868,51.3967],[-0.8608,51.4037],[-0.8629,51.4065],[-0.8701,51.4053],[-0.8706,51.4127],[-0.8746,51.4142],[-0.8718,51.4159],[-0.8664,51.4154],[-0.8647,51.4193],[-0.8609,51.4153],[-0.8564,51.4161],[-0.8503,51.4082],[-0.8409,51.4077]]]}},{"type":"Feature","properties":{"cd":"E05011375","nm":"Old Moat"},"geometry":{"type":"Polygon","coordinates":[[[-2.2328,53.4292],[-2.2366,53.4253],[-2.2487,53.4325],[-2.2441,53.4409],[-2.2185,53.4412],[-2.2328,53.4292]]]}},{"type":"Feature","properties":{"cd":"E05011370","nm":"Longsight"},"geometry":{"type":"Polygon","coordinates":[[[-2.166,53.4536],[-2.1714,53.4485],[-2.1739,53.4513],[-2.186,53.4495],[-2.189,53.4548],[-2.1921,53.4486],[-2.1974,53.4483],[-2.205,53.4553],[-2.2031,53.4591],[-2.1978,53.4606],[-2.1963,53.4654],[-2.1805,53.4625],[-2.166,53.4536]]]}},{"type":"Feature","properties":{"cd":"GAT:winlaton-and-high-spen","nm":"Winlaton & High Spen"},"geometry":{"type":"Polygon","coordinates":[[[-1.7065,54.9458],[-1.7119,54.9364],[-1.7204,54.9375],[-1.7186,54.9314],[-1.7275,54.928],[-1.7376,54.9265],[-1.7351,54.9287],[-1.7431,54.9356],[-1.7516,54.9376],[-1.7676,54.9348],[-1.7728,54.9226],[-1.7827,54.9256],[-1.7962,54.9248],[-1.8033,54.9266],[-1.8054,54.9308],[-1.7931,54.9402],[-1.7708,54.9422],[-1.7656,54.9478],[-1.7366,54.9566],[-1.723,54.9566],[-1.7251,54.9534],[-1.7176,54.9532],[-1.7172,54.948],[-1.7065,54.9458]]]}},{"type":"Feature","properties":{"cd":"E05013110","nm":"Northfield Brook"},"geometry":{"type":"Polygon","coordinates":[[[-1.1877,51.7185],[-1.1883,51.7168],[-1.2002,51.7121],[-1.2074,51.715],[-1.2069,51.7173],[-1.2138,51.7182],[-1.2102,51.7249],[-1.2094,51.7251],[-1.1984,51.7179],[-1.1877,51.7185]]]}},{"type":"Feature","properties":{"cd":"E05013111","nm":"Osney & St Thomas"},"geometry":{"type":"Polygon","coordinates":[[[-1.2822,51.7777],[-1.2838,51.7742],[-1.2734,51.767],[-1.2722,51.759],[-1.2674,51.7531],[-1.2577,51.752],[-1.2565,51.7471],[-1.264,51.7488],[-1.2678,51.7427],[-1.2888,51.749],[-1.3037,51.7726],[-1.3003,51.7691],[-1.295,51.7818],[-1.2822,51.7777]]]}},{"type":"Feature","properties":{"cd":"BNS:central","nm":"Central"},"geometry":{"type":"Polygon","coordinates":[[[-1.4483,53.5538],[-1.4637,53.5443],[-1.4642,53.5395],[-1.4717,53.542],[-1.4846,53.5494],[-1.4896,53.5568],[-1.4743,53.5591],[-1.4624,53.5666],[-1.4483,53.5538]]]}},{"type":"Feature","properties":{"cd":"E05010944","nm":"St Gabriels"},"geometry":{"type":"Polygon","coordinates":[[[-2.8177,53.4155],[-2.8129,53.4075],[-2.8169,53.4039],[-2.8057,53.3992],[-2.8085,53.3983],[-2.8218,53.3962],[-2.8369,53.4004],[-2.8423,53.4065],[-2.8397,53.4134],[-2.8354,53.4159],[-2.8291,53.4133],[-2.8177,53.4155]]]}},{"type":"Feature","properties":{"cd":"E05013940","nm":"New Malden Village"},"geometry":{"type":"Polygon","coordinates":[[[-0.2472,51.4096],[-0.2447,51.4039],[-0.2469,51.3971],[-0.2539,51.3945],[-0.2632,51.3972],[-0.2682,51.4016],[-0.2653,51.4021],[-0.2569,51.4038],[-0.2587,51.4096],[-0.2508,51.4123],[-0.2472,51.4096]]]}},{"type":"Feature","properties":{"cd":"E05011473","nm":"Norbury Park"},"geometry":{"type":"Polygon","coordinates":[[[-0.106,51.4226],[-0.1065,51.4194],[-0.0952,51.4101],[-0.11,51.4053],[-0.1268,51.4127],[-0.1126,51.4232],[-0.106,51.4226]]]}},{"type":"Feature","properties":{"cd":"E05013525","nm":"Hanwell Broadway"},"geometry":{"type":"Polygon","coordinates":[[[-0.3197,51.5134],[-0.3195,51.5109],[-0.3292,51.5096],[-0.3263,51.5042],[-0.3333,51.5001],[-0.3273,51.496],[-0.3312,51.4955],[-0.3353,51.4962],[-0.3443,51.5028],[-0.3438,51.511],[-0.3358,51.5121],[-0.3197,51.5135],[-0.3197,51.5134]]]}},{"type":"Feature","properties":{"cd":"E05013682","nm":"Haselbury"},"geometry":{"type":"Polygon","coordinates":[[[-0.0646,51.6327],[-0.0612,51.6252],[-0.0712,51.6251],[-0.0717,51.6148],[-0.086,51.6163],[-0.0804,51.6265],[-0.066,51.6376],[-0.0646,51.6327]]]}},{"type":"Feature","properties":{"cd":"E05013605","nm":"Woodside"},"geometry":{"type":"Polygon","coordinates":[[[-0.1009,51.5995],[-0.1189,51.5975],[-0.1156,51.6084],[-0.1145,51.6084],[-0.0975,51.6085],[-0.1009,51.5995]]]}},{"type":"Feature","properties":{"cd":"E05011404","nm":"Middleton Park"},"geometry":{"type":"Polygon","coordinates":[[[-1.5142,53.7555],[-1.5167,53.7508],[-1.5151,53.743],[-1.5331,53.7426],[-1.5471,53.7388],[-1.559,53.7394],[-1.5637,53.7473],[-1.5679,53.7463],[-1.5702,53.7535],[-1.5699,53.7572],[-1.5444,53.765],[-1.5393,53.7659],[-1.5394,53.772],[-1.518,53.7696],[-1.514,53.7664],[-1.5142,53.7555]]]}},{"type":"Feature","properties":{"cd":"KIR:ashbrow","nm":"Ashbrow"},"geometry":{"type":"Polygon","coordinates":[[[-1.7314,53.6804],[-1.7467,53.668],[-1.7752,53.6596],[-1.781,53.6601],[-1.7843,53.6647],[-1.7895,53.6641],[-1.7903,53.6675],[-1.8011,53.6657],[-1.8064,53.6682],[-1.8046,53.6726],[-1.8188,53.6729],[-1.8122,53.6776],[-1.7953,53.6814],[-1.78,53.6836],[-1.7599,53.6927],[-1.7463,53.6945],[-1.7314,53.6804]]]}},{"type":"Feature","properties":{"cd":"KIR:cleckheaton","nm":"Cleckheaton"},"geometry":{"type":"Polygon","coordinates":[[[-1.6918,53.7367],[-1.7062,53.7318],[-1.7004,53.7174],[-1.7096,53.7176],[-1.7208,53.7124],[-1.7291,53.7163],[-1.7362,53.7163],[-1.7368,53.7141],[-1.7445,53.7158],[-1.7554,53.7207],[-1.7536,53.7259],[-1.7701,53.7263],[-1.7609,53.7346],[-1.7459,53.7345],[-1.7474,53.7467],[-1.7363,53.7472],[-1.7295,53.7513],[-1.7247,53.7483],[-1.7196,53.7495],[-1.7158,53.7445],[-1.7054,53.7457],[-1.6933,53.7421],[-1.6918,53.7367]]]}},{"type":"Feature","properties":{"cd":"E05013671","nm":"West Hampstead"},"geometry":{"type":"Polygon","coordinates":[[[-0.1802,51.5477],[-0.1795,51.5469],[-0.1911,51.5468],[-0.1925,51.5445],[-0.2034,51.5467],[-0.2035,51.5468],[-0.2037,51.547],[-0.1978,51.548],[-0.1987,51.5516],[-0.1888,51.5529],[-0.1802,51.5477]]]}},{"type":"Feature","properties":{"cd":"E05011411","nm":"Roundhay"},"geometry":{"type":"Polygon","coordinates":[[[-1.5004,53.8483],[-1.4803,53.8425],[-1.4725,53.837],[-1.4769,53.8299],[-1.4953,53.8213],[-1.5102,53.8173],[-1.5144,53.8201],[-1.5335,53.8339],[-1.5254,53.842],[-1.5202,53.8422],[-1.5157,53.8496],[-1.5004,53.8483]]]}},{"type":"Feature","properties":{"cd":"E05010860","nm":"Broomhill & Sharrow Vale"},"geometry":{"type":"Polygon","coordinates":[[[-1.4842,53.3821],[-1.4841,53.3788],[-1.4777,53.3773],[-1.4824,53.3762],[-1.4791,53.3741],[-1.4907,53.369],[-1.4905,53.3657],[-1.5064,53.3629],[-1.5021,53.3674],[-1.5054,53.3693],[-1.5048,53.3754],[-1.5141,53.3769],[-1.5003,53.3809],[-1.4971,53.3868],[-1.4911,53.3869],[-1.4922,53.3849],[-1.4842,53.3821]]]}},{"type":"Feature","properties":{"cd":"E05011257","nm":"Brampton"},"geometry":{"type":"Polygon","coordinates":[[[-0.1922,52.3296],[-0.1935,52.3265],[-0.1895,52.3251],[-0.1794,52.3264],[-0.1824,52.3165],[-0.1993,52.3203],[-0.2099,52.3184],[-0.217,52.3045],[-0.2333,52.307],[-0.2454,52.3026],[-0.249,52.3084],[-0.2636,52.3134],[-0.2843,52.31],[-0.2783,52.3201],[-0.2813,52.3242],[-0.2634,52.3324],[-0.2481,52.3384],[-0.2413,52.3355],[-0.2334,52.3309],[-0.2273,52.3333],[-0.2232,52.3302],[-0.209,52.3407],[-0.1922,52.3296]]]}},{"type":"Feature","properties":{"cd":"E05013181","nm":"Halton View"},"geometry":{"type":"Polygon","coordinates":[[[-2.6923,53.3615],[-2.6932,53.3618],[-2.6934,53.3618],[-2.7057,53.3615],[-2.7124,53.3578],[-2.7131,53.3577],[-2.7145,53.3642],[-2.7222,53.3647],[-2.7172,53.3811],[-2.6906,53.3853],[-2.6977,53.3793],[-2.6923,53.3615]]]}},{"type":"Feature","properties":{"cd":"E05013180","nm":"Halton Lea"},"geometry":{"type":"Polygon","coordinates":[[[-2.6863,53.3287],[-2.6772,53.323],[-2.6727,53.319],[-2.6838,53.3209],[-2.6906,53.3164],[-2.709,53.3221],[-2.7037,53.33],[-2.6863,53.3287]]]}},{"type":"Feature","properties":{"cd":"E05006634","nm":"Carterton South"},"geometry":{"type":"Polygon","coordinates":[[[-1.5814,51.7503],[-1.6064,51.7457],[-1.6066,51.7552],[-1.5944,51.7592],[-1.5847,51.7624],[-1.5814,51.7503]]]}},{"type":"Feature","properties":{"cd":"E05013173","nm":"Bridgewater"},"geometry":{"type":"Polygon","coordinates":[[[-2.721,53.3451],[-2.72,53.3409],[-2.7034,53.3406],[-2.7037,53.33],[-2.7259,53.3367],[-2.736,53.3451],[-2.722,53.3445],[-2.721,53.3451]]]}},{"type":"Feature","properties":{"cd":"E05013764","nm":"Stonecot"},"geometry":{"type":"Polygon","coordinates":[[[-0.2003,51.3849],[-0.1971,51.3808],[-0.2086,51.3714],[-0.2091,51.371],[-0.2098,51.3717],[-0.2142,51.3764],[-0.2206,51.377],[-0.2181,51.3802],[-0.2098,51.3883],[-0.2003,51.3849]]]}},{"type":"Feature","properties":{"cd":"E05013184","nm":"Mersey & Weston"},"geometry":{"type":"Polygon","coordinates":[[[-2.736,53.3451],[-2.7259,53.3367],[-2.7362,53.3353],[-2.7426,53.334],[-2.7452,53.327],[-2.7334,53.3232],[-2.7341,53.3177],[-2.7191,53.3158],[-2.7168,53.3137],[-2.721,53.3128],[-2.731,53.3119],[-2.7346,53.3071],[-2.7393,53.3068],[-2.7525,53.3147],[-2.7525,53.3147],[-2.7634,53.3275],[-2.7578,53.3355],[-2.7595,53.336],[-2.7588,53.3384],[-2.7585,53.3387],[-2.7538,53.3434],[-2.7434,53.3453],[-2.7361,53.3451],[-2.736,53.3451]]]}},{"type":"Feature","properties":{"cd":"GAT:dunston-hill-and-whickham-east","nm":"Dunston Hill & Whickham East"},"geometry":{"type":"Polygon","coordinates":[[[-1.6394,54.9477],[-1.6413,54.9393],[-1.6566,54.9333],[-1.6763,54.933],[-1.6766,54.9361],[-1.6781,54.9511],[-1.6707,54.9498],[-1.6626,54.9532],[-1.6394,54.9477]]]}},{"type":"Feature","properties":{"cd":"E05010925","nm":"Bicester East"},"geometry":{"type":"Polygon","coordinates":[[[-1.1278,51.8956],[-1.1382,51.8993],[-1.1492,51.896],[-1.158,51.8978],[-1.1524,51.9043],[-1.1438,51.9145],[-1.1273,51.9042],[-1.1278,51.8956]]]}},{"type":"Feature","properties":{"cd":"E05013743","nm":"Munster"},"geometry":{"type":"Polygon","coordinates":[[[-0.2056,51.4817],[-0.2039,51.4791],[-0.2099,51.4771],[-0.2076,51.4745],[-0.2113,51.4718],[-0.2186,51.4824],[-0.2072,51.484],[-0.2056,51.4817]]]}},{"type":"Feature","properties":{"cd":"E05009404","nm":"St Helen's"},"geometry":{"type":"Polygon","coordinates":[[[-0.2102,51.5177],[-0.2225,51.5154],[-0.2265,51.5196],[-0.2173,51.5189],[-0.2186,51.5213],[-0.2129,51.5223],[-0.2102,51.5177]]]}},{"type":"Feature","properties":{"cd":"E05013943","nm":"St Mark's & Seething Wells"},"geometry":{"type":"Polygon","coordinates":[[[-0.2777,51.4006],[-0.277,51.3998],[-0.2966,51.3954],[-0.3132,51.3887],[-0.316,51.3876],[-0.3177,51.3937],[-0.3121,51.3981],[-0.3103,51.3996],[-0.304,51.3983],[-0.2888,51.4036],[-0.2777,51.4006]]]}},{"type":"Feature","properties":{"cd":"GAT:dunston-teams-and-riverside","nm":"Dunston, Teams & Riverside"},"geometry":{"type":"Polygon","coordinates":[[[-1.6159,54.9621],[-1.6154,54.9604],[-1.6247,54.9483],[-1.6394,54.9477],[-1.6626,54.9532],[-1.6598,54.9584],[-1.6798,54.9634],[-1.6796,54.9635],[-1.6785,54.9632],[-1.6374,54.9578],[-1.6377,54.957],[-1.6159,54.9621]]]}},{"type":"Feature","properties":{"cd":"E05014530","nm":"Hyde Godley"},"geometry":{"type":"Polygon","coordinates":[[[-2.0487,53.4571],[-2.0435,53.456],[-2.0477,53.4531],[-2.0447,53.4469],[-2.0337,53.4421],[-2.0664,53.44],[-2.0838,53.4535],[-2.0815,53.4576],[-2.0785,53.4555],[-2.0617,53.4611],[-2.0602,53.4569],[-2.0487,53.4571]]]}},{"type":"Feature","properties":{"cd":"E05015003","nm":"Leigh West"},"geometry":{"type":"Polygon","coordinates":[[[-2.5269,53.52],[-2.5159,53.5136],[-2.5226,53.5043],[-2.529,53.4955],[-2.5472,53.4916],[-2.5575,53.4926],[-2.5824,53.4967],[-2.5876,53.4989],[-2.5824,53.5015],[-2.5663,53.4995],[-2.5632,53.5078],[-2.5556,53.5125],[-2.5472,53.5126],[-2.5418,53.5203],[-2.5269,53.52]]]}},{"type":"Feature","properties":{"cd":"SWD:st-andrews-east","nm":"St Andrews East"},"geometry":{"type":"Polygon","coordinates":[[[-1.8143,51.6245],[-1.7815,51.6044],[-1.7787,51.5967],[-1.7901,51.597],[-1.7963,51.6009],[-1.8024,51.5995],[-1.8233,51.5994],[-1.8294,51.6048],[-1.8377,51.6043],[-1.8398,51.6071],[-1.8424,51.6121],[-1.8391,51.6167],[-1.8279,51.6253],[-1.8202,51.6278],[-1.8143,51.6245]]]}},{"type":"Feature","properties":{"cd":"E05011115","nm":"St Giles"},"geometry":{"type":"Polygon","coordinates":[[[-0.0774,51.4743],[-0.074,51.469],[-0.0912,51.4676],[-0.093,51.472],[-0.0923,51.4755],[-0.0858,51.4772],[-0.0903,51.4805],[-0.0838,51.4817],[-0.0774,51.4743]]]}},{"type":"Feature","properties":{"cd":"CLD:sowerby-bridge","nm":"Sowerby Bridge"},"geometry":{"type":"Polygon","coordinates":[[[-1.8931,53.7166],[-1.8792,53.7152],[-1.8745,53.705],[-1.8851,53.7055],[-1.878,53.7015],[-1.9008,53.7083],[-1.9112,53.7011],[-1.9161,53.7026],[-1.9286,53.7101],[-1.9203,53.7122],[-1.9235,53.7131],[-1.9204,53.716],[-1.9128,53.714],[-1.9023,53.7199],[-1.8931,53.7166]]]}},{"type":"Feature","properties":{"cd":"E05015827","nm":"Arbury"},"geometry":{"type":"Polygon","coordinates":[[[-1.4758,52.5175],[-1.4704,52.5135],[-1.4763,52.507],[-1.473,52.4982],[-1.4864,52.4883],[-1.5213,52.4934],[-1.5293,52.4959],[-1.5551,52.5172],[-1.4954,52.5156],[-1.4862,52.5193],[-1.4815,52.5145],[-1.4758,52.5175]]]}},{"type":"Feature","properties":{"cd":"E05015833","nm":"Eastboro"},"geometry":{"type":"Polygon","coordinates":[[[-1.419,52.5378],[-1.4173,52.5345],[-1.4227,52.5316],[-1.4282,52.5168],[-1.4372,52.5184],[-1.4388,52.5102],[-1.4433,52.5124],[-1.4474,52.5104],[-1.4619,52.5252],[-1.4531,52.5213],[-1.4372,52.524],[-1.437,52.5284],[-1.4319,52.5296],[-1.4387,52.5333],[-1.4348,52.543],[-1.419,52.5378]]]}},{"type":"Feature","properties":{"cd":"E05015837","nm":"Milby"},"geometry":{"type":"Polygon","coordinates":[[[-1.4348,52.543],[-1.4387,52.5333],[-1.4519,52.5353],[-1.4597,52.5347],[-1.4578,52.538],[-1.4656,52.5477],[-1.4621,52.5505],[-1.46,52.5516],[-1.4348,52.543]]]}},{"type":"Feature","properties":{"cd":"E05015842","nm":"Stockingford East"},"geometry":{"type":"Polygon","coordinates":[[[-1.4767,52.5179],[-1.4758,52.5175],[-1.4815,52.5145],[-1.4862,52.5193],[-1.4954,52.5156],[-1.5003,52.5178],[-1.5008,52.5214],[-1.4957,52.5218],[-1.4985,52.5252],[-1.4962,52.5275],[-1.4789,52.5268],[-1.4822,52.5229],[-1.4775,52.5222],[-1.4767,52.5179]]]}},{"type":"Feature","properties":{"cd":"E05011160","nm":"Perry Barr"},"geometry":{"type":"Polygon","coordinates":[[[-1.9014,52.5347],[-1.8959,52.5286],[-1.8809,52.5336],[-1.8742,52.5222],[-1.8775,52.5208],[-1.885,52.5126],[-1.9014,52.5163],[-1.9045,52.5167],[-1.917,52.5214],[-1.9294,52.5313],[-1.9331,52.5458],[-1.9185,52.547],[-1.9014,52.5347]]]}},{"type":"Feature","properties":{"cd":"E05011150","nm":"Kingstanding"},"geometry":{"type":"Polygon","coordinates":[[[-1.8588,52.545],[-1.8675,52.5427],[-1.8769,52.5347],[-1.8809,52.5336],[-1.8959,52.5286],[-1.9014,52.5347],[-1.8888,52.5382],[-1.889,52.5421],[-1.8855,52.5413],[-1.882,52.5591],[-1.8588,52.545]]]}},{"type":"Feature","properties":{"cd":"E05011139","nm":"Gravelly Hill"},"geometry":{"type":"Polygon","coordinates":[[[-1.8369,52.5158],[-1.8317,52.5055],[-1.8462,52.5048],[-1.8624,52.5094],[-1.8656,52.5119],[-1.855,52.5131],[-1.8429,52.5257],[-1.8443,52.5218],[-1.8369,52.5158]]]}},{"type":"Feature","properties":{"cd":"E05010921","nm":"Banbury Cross & Neithrop"},"geometry":{"type":"Polygon","coordinates":[[[-1.339,52.0549],[-1.3402,52.0573],[-1.3457,52.0531],[-1.3529,52.0568],[-1.3487,52.0599],[-1.3519,52.0616],[-1.3444,52.0642],[-1.3511,52.0669],[-1.3573,52.0723],[-1.3401,52.0787],[-1.3264,52.0801],[-1.3318,52.0595],[-1.339,52.0549]]]}},{"type":"Feature","properties":{"cd":"E05010922","nm":"Banbury Grimsbury & Hightown"},"geometry":{"type":"Polygon","coordinates":[[[-1.3205,52.0822],[-1.3166,52.0796],[-1.2994,52.0801],[-1.2975,52.0781],[-1.3069,52.0703],[-1.3001,52.0694],[-1.3022,52.065],[-1.3077,52.0643],[-1.3074,52.0576],[-1.3129,52.0515],[-1.3091,52.0488],[-1.31,52.045],[-1.3221,52.0525],[-1.3367,52.0509],[-1.339,52.0549],[-1.3318,52.0595],[-1.3264,52.0801],[-1.3257,52.0841],[-1.3205,52.0822]]]}},{"type":"Feature","properties":{"cd":"E05014115","nm":"Streatham St Leonard's"},"geometry":{"type":"Polygon","coordinates":[[[-0.1269,51.4382],[-0.1269,51.4381],[-0.1296,51.4306],[-0.1241,51.4286],[-0.1295,51.4267],[-0.1313,51.4197],[-0.1356,51.4181],[-0.1378,51.4211],[-0.1384,51.4305],[-0.1353,51.4303],[-0.1398,51.4357],[-0.1375,51.4402],[-0.1269,51.4382]]]}},{"type":"Feature","properties":{"cd":"E05013912","nm":"Forest Gate South"},"geometry":{"type":"Polygon","coordinates":[[[0.0387,51.5481],[0.0312,51.5469],[0.0212,51.5414],[0.0105,51.541],[0.0084,51.5446],[0.0151,51.5478],[0.036,51.551],[0.0439,51.5494],[0.0387,51.5481]]]}},{"type":"Feature","properties":{"cd":"E05013774","nm":"Barnes"},"geometry":{"type":"Polygon","coordinates":[[[-0.2258,51.4787],[-0.2254,51.4764],[-0.2249,51.4759],[-0.2236,51.4722],[-0.233,51.4717],[-0.2456,51.4709],[-0.2516,51.4736],[-0.2515,51.4736],[-0.2514,51.4739],[-0.2485,51.4837],[-0.2355,51.489],[-0.228,51.4851],[-0.2258,51.4787]]]}},{"type":"Feature","properties":{"cd":"E05014999","nm":"Hindley Green"},"geometry":{"type":"Polygon","coordinates":[[[-2.5289,53.5231],[-2.5269,53.52],[-2.5418,53.5203],[-2.5472,53.5126],[-2.5556,53.5125],[-2.5601,53.5152],[-2.5583,53.5208],[-2.5654,53.5212],[-2.5647,53.5243],[-2.5745,53.5303],[-2.5657,53.5335],[-2.5559,53.5314],[-2.5537,53.5362],[-2.5365,53.5278],[-2.5337,53.523],[-2.5289,53.5231]]]}},{"type":"Feature","properties":{"cd":"E05015829","nm":"Bede"},"geometry":{"type":"Polygon","coordinates":[[[-1.4637,52.4908],[-1.4584,52.4895],[-1.4601,52.4852],[-1.4545,52.4777],[-1.4626,52.4791],[-1.4647,52.4834],[-1.4807,52.4695],[-1.4886,52.47],[-1.484,52.4739],[-1.4888,52.4747],[-1.4891,52.4792],[-1.4731,52.4818],[-1.4701,52.4914],[-1.4637,52.4908]]]}},{"type":"Feature","properties":{"cd":"E05011266","nm":"Huntingdon North"},"geometry":{"type":"Polygon","coordinates":[[[-0.1511,52.341],[-0.1707,52.3487],[-0.1683,52.3398],[-0.1807,52.3321],[-0.1743,52.3299],[-0.1794,52.3264],[-0.1895,52.3251],[-0.1935,52.3265],[-0.1922,52.3296],[-0.1909,52.3341],[-0.2,52.3463],[-0.1932,52.3534],[-0.1824,52.3547],[-0.1633,52.3593],[-0.1511,52.341]]]}},{"type":"Feature","properties":{"cd":"E05011306","nm":"The Mordens"},"geometry":{"type":"Polygon","coordinates":[[[-0.0717,52.1587],[-0.054,52.119],[-0.0472,52.103],[-0.0643,52.094],[-0.0686,52.0977],[-0.0736,52.0974],[-0.0985,52.0736],[-0.1009,52.0666],[-0.079,52.0379],[-0.1077,52.0284],[-0.121,52.0195],[-0.1266,52.0209],[-0.1223,52.0296],[-0.1337,52.0462],[-0.1446,52.047],[-0.1551,52.0531],[-0.1475,52.0695],[-0.1576,52.0804],[-0.149,52.0912],[-0.1479,52.1143],[-0.144,52.1177],[-0.1444,52.1382],[-0.1497,52.1388],[-0.1505,52.1436],[-0.1517,52.152],[-0.1453,52.154],[-0.1468,52.158],[-0.1154,52.156],[-0.1077,52.1576],[-0.11,52.1624],[-0.0903,52.1574],[-0.0717,52.1587]]]}},{"type":"Feature","properties":{"cd":"ESY:reigate","nm":"Reigate"},"geometry":{"type":"Polygon","coordinates":[[[-0.188,51.2399],[-0.1838,51.2367],[-0.2033,51.2327],[-0.2075,51.2292],[-0.2167,51.2294],[-0.2179,51.2259],[-0.2342,51.2177],[-0.2354,51.2224],[-0.2465,51.2236],[-0.2499,51.2311],[-0.2449,51.2363],[-0.2307,51.2401],[-0.2263,51.2489],[-0.2315,51.2508],[-0.2268,51.2559],[-0.2165,51.2568],[-0.2083,51.2538],[-0.2063,51.2577],[-0.1971,51.2578],[-0.1841,51.2511],[-0.187,51.2456],[-0.1972,51.2407],[-0.188,51.2399]]]}},{"type":"Feature","properties":{"cd":"E05014834","nm":"Smithills"},"geometry":{"type":"Polygon","coordinates":[[[-2.473,53.6166],[-2.4465,53.5984],[-2.4529,53.5954],[-2.4524,53.5885],[-2.4577,53.58],[-2.4625,53.5887],[-2.4995,53.586],[-2.5082,53.5882],[-2.5038,53.6022],[-2.4775,53.6021],[-2.517,53.6148],[-2.5104,53.6264],[-2.473,53.6166]]]}},{"type":"Feature","properties":{"cd":"E05014525","nm":"Denton West"},"geometry":{"type":"Polygon","coordinates":[[[-2.1153,53.4487],[-2.1189,53.4487],[-2.1233,53.4411],[-2.1229,53.4378],[-2.1307,53.4394],[-2.1417,53.4383],[-2.1434,53.4449],[-2.1585,53.4549],[-2.1492,53.4603],[-2.1452,53.4587],[-2.1389,53.4632],[-2.1255,53.4636],[-2.1316,53.4566],[-2.1176,53.4562],[-2.1153,53.4487]]]}},{"type":"Feature","properties":{"cd":"E05014996","nm":"Douglas"},"geometry":{"type":"Polygon","coordinates":[[[-2.6376,53.5456],[-2.63,53.5422],[-2.626,53.5397],[-2.6373,53.535],[-2.6477,53.541],[-2.6535,53.5359],[-2.6708,53.5304],[-2.6723,53.5303],[-2.6776,53.5385],[-2.67,53.5402],[-2.6648,53.5468],[-2.6562,53.5471],[-2.6618,53.5543],[-2.6376,53.5456]]]}},{"type":"Feature","properties":{"cd":"E05014997","nm":"Golborne & Lowton West"},"geometry":{"type":"Polygon","coordinates":[[[-2.5824,53.4967],[-2.5575,53.4926],[-2.566,53.4893],[-2.5663,53.4821],[-2.5812,53.4752],[-2.5878,53.4679],[-2.5972,53.4688],[-2.5997,53.4611],[-2.6131,53.4618],[-2.6168,53.4662],[-2.6145,53.4704],[-2.6079,53.4708],[-2.6121,53.4811],[-2.6173,53.4818],[-2.6236,53.4846],[-2.6144,53.5015],[-2.5993,53.4968],[-2.5965,53.4897],[-2.5824,53.4967]]]}},{"type":"Feature","properties":{"cd":"E05011277","nm":"Somersham"},"geometry":{"type":"Polygon","coordinates":[[[0.0282,52.3899],[0.0137,52.3837],[0.0171,52.3815],[-0.0008,52.3777],[0.0021,52.3714],[-0.0028,52.3664],[-0.0276,52.3653],[-0.0323,52.3577],[-0.0427,52.3594],[-0.0346,52.3671],[-0.0362,52.3732],[-0.0279,52.3811],[-0.0243,52.3923],[-0.0103,52.3928],[-0.0011,52.3985],[-0.0002,52.4014],[-0.0181,52.4141],[-0.0006,52.4292],[0.0217,52.435],[0.0341,52.4282],[0.019,52.4143],[0.0269,52.4057],[0.0282,52.3899]]]}},{"type":"Feature","properties":{"cd":"E05013045","nm":"Rossmere"},"geometry":{"type":"Polygon","coordinates":[[[-1.1997,54.6688],[-1.2003,54.6589],[-1.2378,54.6551],[-1.244,54.6615],[-1.2404,54.6615],[-1.2411,54.6659],[-1.2355,54.6654],[-1.22,54.6645],[-1.2098,54.671],[-1.1997,54.6688]]]}},{"type":"Feature","properties":{"cd":"E05011138","nm":"Glebe Farm & Tile Cross"},"geometry":{"type":"Polygon","coordinates":[[[-1.7901,52.4945],[-1.7833,52.4945],[-1.7737,52.4856],[-1.7634,52.4873],[-1.7558,52.4719],[-1.7593,52.469],[-1.7676,52.473],[-1.7962,52.483],[-1.8099,52.485],[-1.8172,52.4854],[-1.8309,52.485],[-1.8319,52.4896],[-1.8155,52.4895],[-1.7999,52.4917],[-1.7963,52.4954],[-1.7901,52.4945]]]}},{"type":"Feature","properties":{"cd":"E05013052","nm":"Castle"},"geometry":{"type":"Polygon","coordinates":[[[0.1112,52.2145],[0.1156,52.2128],[0.1136,52.2105],[0.0711,52.2151],[0.0687,52.2149],[0.1012,52.227],[0.1101,52.23],[0.1054,52.2236],[0.1109,52.2207],[0.1112,52.2145]]]}},{"type":"Feature","properties":{"cd":"E05014062","nm":"Goresbrook"},"geometry":{"type":"Polygon","coordinates":[[[0.1482,51.5391],[0.1478,51.5316],[0.1275,51.5317],[0.1277,51.5388],[0.122,51.5399],[0.1277,51.5403],[0.1479,51.5416],[0.1482,51.5391]]]}},{"type":"Feature","properties":{"cd":"E05011248","nm":"Mayfield"},"geometry":{"type":"Polygon","coordinates":[[[0.1075,51.552],[0.1061,51.5509],[0.0935,51.5459],[0.0926,51.5496],[0.0885,51.5477],[0.0862,51.5507],[0.0855,51.559],[0.0937,51.5598],[0.1096,51.5608],[0.1075,51.552]]]}},{"type":"Feature","properties":{"cd":"E05011542","nm":"Southcoates"},"geometry":{"type":"Polygon","coordinates":[[[-0.2783,53.764],[-0.2863,53.7481],[-0.3098,53.7471],[-0.3055,53.7591],[-0.2883,53.7664],[-0.2783,53.764]]]}},{"type":"Feature","properties":{"cd":"E05013669","nm":"St Pancras & Somers Town"},"geometry":{"type":"Polygon","coordinates":[[[-0.1262,51.5291],[-0.1308,51.5273],[-0.139,51.5317],[-0.1355,51.5352],[-0.14,51.5376],[-0.1375,51.5408],[-0.1263,51.5347],[-0.1262,51.5291]]]}},{"type":"Feature","properties":{"cd":"E05013691","nm":"Southbury"},"geometry":{"type":"Polygon","coordinates":[[[-0.0601,51.6494],[-0.0605,51.6449],[-0.066,51.6376],[-0.0767,51.6502],[-0.0648,51.6624],[-0.0567,51.665],[-0.0601,51.6494]]]}},{"type":"Feature","properties":{"cd":"E05013896","nm":"Leyton"},"geometry":{"type":"Polygon","coordinates":[[[-0.0083,51.5699],[-0.0112,51.5646],[-0.0059,51.5567],[-0.0108,51.5526],[-0.0172,51.5516],[-0.0172,51.5517],[-0.03,51.5614],[-0.0237,51.5648],[-0.0254,51.5674],[-0.0171,51.5703],[-0.0083,51.5699]]]}},{"type":"Feature","properties":{"cd":"SWD:lydiard-freshbrook-and-toothill","nm":"Lydiard, Freshbrook & Toothill"},"geometry":{"type":"Polygon","coordinates":[[[-1.8452,51.5617],[-1.8367,51.5616],[-1.8272,51.5563],[-1.8245,51.5497],[-1.8291,51.5453],[-1.8442,51.5431],[-1.8539,51.5462],[-1.8504,51.5467],[-1.8537,51.5505],[-1.8495,51.5536],[-1.8651,51.5596],[-1.8601,51.5652],[-1.8452,51.5617]]]}},{"type":"Feature","properties":{"cd":"SWD:shaw-and-westlea","nm":"Shaw & Westlea"},"geometry":{"type":"Polygon","coordinates":[[[-1.8263,51.5794],[-1.8164,51.5745],[-1.817,51.5647],[-1.8227,51.5638],[-1.8272,51.5563],[-1.8367,51.5616],[-1.8452,51.5617],[-1.8501,51.5681],[-1.8442,51.5702],[-1.8431,51.5787],[-1.8384,51.5801],[-1.8308,51.5818],[-1.8263,51.5794]]]}},{"type":"Feature","properties":{"cd":"SWD:rodbourne-cheney","nm":"Rodbourne Cheney"},"geometry":{"type":"Polygon","coordinates":[[[-1.7866,51.5835],[-1.7887,51.5778],[-1.7824,51.5666],[-1.7893,51.5642],[-1.8164,51.5745],[-1.8263,51.5794],[-1.8231,51.5835],[-1.8199,51.5852],[-1.8137,51.5815],[-1.8105,51.5874],[-1.7866,51.5835]]]}},{"type":"Feature","properties":{"cd":"E05013865","nm":"Battle"},"geometry":{"type":"Polygon","coordinates":[[[-0.9888,51.4684],[-0.9886,51.4611],[-0.9779,51.4598],[-0.9899,51.4558],[-0.9922,51.4521],[-1.005,51.4523],[-1.0016,51.4581],[-1.0138,51.4627],[-1.0082,51.4623],[-1.0065,51.4686],[-0.9888,51.4684]]]}},{"type":"Feature","properties":{"cd":"E05013570","nm":"Heathrow Villages"},"geometry":{"type":"Polygon","coordinates":[[[-0.4529,51.4978],[-0.4533,51.4957],[-0.4118,51.4924],[-0.4169,51.4825],[-0.4111,51.4699],[-0.4336,51.4617],[-0.435,51.4569],[-0.4414,51.4568],[-0.4439,51.4533],[-0.4587,51.4563],[-0.4939,51.4628],[-0.5098,51.4692],[-0.4992,51.4886],[-0.4901,51.4946],[-0.469,51.4955],[-0.4667,51.5027],[-0.4631,51.4989],[-0.4529,51.4978]]]}},{"type":"Feature","properties":{"cd":"E05011536","nm":"Marfleet"},"geometry":{"type":"Polygon","coordinates":[[[-0.2534,53.7646],[-0.2415,53.7548],[-0.2474,53.7417],[-0.2432,53.7388],[-0.2433,53.7387],[-0.2441,53.7377],[-0.2503,53.7333],[-0.2732,53.7409],[-0.3072,53.742],[-0.3089,53.7417],[-0.3098,53.7471],[-0.2863,53.7481],[-0.2783,53.764],[-0.2715,53.7644],[-0.2702,53.7673],[-0.2644,53.7692],[-0.2635,53.7645],[-0.2534,53.7646]]]}},{"type":"Feature","properties":{"cd":"E05011526","nm":"Beverley & Newland"},"geometry":{"type":"Polygon","coordinates":[[[-0.3479,53.7869],[-0.3518,53.7835],[-0.3475,53.7806],[-0.3483,53.7755],[-0.3419,53.7752],[-0.3396,53.7708],[-0.3324,53.7707],[-0.328,53.765],[-0.334,53.7632],[-0.351,53.7629],[-0.3659,53.7614],[-0.3638,53.7689],[-0.3538,53.7684],[-0.3571,53.7787],[-0.365,53.7923],[-0.3594,53.7934],[-0.3479,53.7869]]]}},{"type":"Feature","properties":{"cd":"E05011541","nm":"St Andrew's & Docklands"},"geometry":{"type":"MultiPolygon","coordinates":[[[[-0.3311,53.7383],[-0.3312,53.7383],[-0.3311,53.7386],[-0.3311,53.7383]]],[[[-0.3299,53.7478],[-0.33,53.7475],[-0.3302,53.7478],[-0.3326,53.7383],[-0.3846,53.7243],[-0.3853,53.726],[-0.3743,53.7285],[-0.3802,53.7373],[-0.3676,53.7437],[-0.3446,53.7433],[-0.3469,53.7486],[-0.3299,53.7478]]]]}},{"type":"Feature","properties":{"cd":"E05002080","nm":"Devonport"},"geometry":{"type":"Polygon","coordinates":[[[-4.1666,50.3891],[-4.174,50.3834],[-4.17,50.3821],[-4.1704,50.3738],[-4.1638,50.3696],[-4.1666,50.3665],[-4.1685,50.3641],[-4.1854,50.3672],[-4.1854,50.3673],[-4.1822,50.3693],[-4.1847,50.369],[-4.1815,50.3772],[-4.1823,50.3778],[-4.1822,50.378],[-4.186,50.3823],[-4.1843,50.3843],[-4.1873,50.3839],[-4.1927,50.3902],[-4.1818,50.3956],[-4.1666,50.3891]]]}},{"type":"Feature","properties":{"cd":"E05002081","nm":"Drake"},"geometry":{"type":"Polygon","coordinates":[[[-4.1324,50.3799],[-4.1307,50.3783],[-4.1272,50.3763],[-4.1302,50.3748],[-4.1384,50.3734],[-4.1462,50.3772],[-4.1446,50.3788],[-4.1389,50.383],[-4.1324,50.3799]]]}},{"type":"Feature","properties":{"cd":"E05002083","nm":"Eggbuckland"},"geometry":{"type":"Polygon","coordinates":[[[-4.1191,50.406],[-4.104,50.4054],[-4.0968,50.3954],[-4.107,50.3948],[-4.1347,50.4005],[-4.1358,50.4006],[-4.1511,50.4029],[-4.1479,50.4089],[-4.141,50.4115],[-4.1191,50.406]]]}},{"type":"Feature","properties":{"cd":"E05002084","nm":"Ham"},"geometry":{"type":"Polygon","coordinates":[[[-4.1511,50.4029],[-4.1358,50.4006],[-4.1599,50.3931],[-4.1606,50.3868],[-4.1666,50.3891],[-4.1818,50.3956],[-4.1797,50.3967],[-4.1829,50.3962],[-4.1806,50.4009],[-4.1716,50.4015],[-4.1634,50.4073],[-4.1511,50.4029]]]}},{"type":"Feature","properties":{"cd":"E05013866","nm":"Caversham"},"geometry":{"type":"Polygon","coordinates":[[[-0.9468,51.4717],[-0.9494,51.4649],[-0.9552,51.4653],[-0.983,51.4677],[-0.9797,51.4753],[-0.972,51.4774],[-0.9692,51.4742],[-0.9624,51.4764],[-0.9534,51.4693],[-0.9468,51.4717]]]}},{"type":"Feature","properties":{"cd":"E05013871","nm":"Katesgrove"},"geometry":{"type":"Polygon","coordinates":[[[-0.9626,51.437],[-0.9627,51.4338],[-0.9683,51.4355],[-0.9779,51.4351],[-0.9763,51.4509],[-0.9643,51.4534],[-0.9626,51.437]]]}},{"type":"Feature","properties":{"cd":"E05013864","nm":"Abbey"},"geometry":{"type":"Polygon","coordinates":[[[-0.9592,51.454],[-0.9643,51.4534],[-0.9763,51.4509],[-0.9899,51.4558],[-0.9779,51.4598],[-0.9685,51.4589],[-0.9592,51.454]]]}},{"type":"Feature","properties":{"cd":"E05013061","nm":"Romsey"},"geometry":{"type":"Polygon","coordinates":[[[0.1607,52.1997],[0.1629,52.1952],[0.1389,52.1959],[0.1452,52.2045],[0.1508,52.2112],[0.1495,52.2082],[0.1592,52.2009],[0.1628,52.2015],[0.1607,52.1997]]]}},{"type":"Feature","properties":{"cd":"E05013063","nm":"West Chesterton"},"geometry":{"type":"Polygon","coordinates":[[[0.1346,52.2206],[0.1368,52.211],[0.124,52.2134],[0.1165,52.2098],[0.1136,52.2105],[0.1156,52.2128],[0.1112,52.2145],[0.1188,52.2152],[0.1204,52.2235],[0.1247,52.2221],[0.1298,52.2246],[0.1346,52.2206]]]}},{"type":"Feature","properties":{"cd":"E05002217","nm":"Leigh"},"geometry":{"type":"MultiPolygon","coordinates":[[[[0.6465,51.5377],[0.64,51.5335],[0.6403,51.5379],[0.6465,51.5377]]],[[[0.6709,51.5384],[0.6707,51.5381],[0.6405,51.5401],[0.6406,51.5416],[0.649,51.5427],[0.6485,51.5485],[0.6553,51.5481],[0.6671,51.5471],[0.6709,51.5384]]]]}},{"type":"Feature","properties":{"cd":"E05002228","nm":"West Shoebury"},"geometry":{"type":"Polygon","coordinates":[[[0.7868,51.5473],[0.7775,51.5447],[0.7808,51.5353],[0.7861,51.5327],[0.7779,51.5226],[0.7766,51.5227],[0.7684,51.5255],[0.7683,51.5255],[0.7692,51.5368],[0.7699,51.5518],[0.7867,51.5529],[0.7868,51.5473]]]}},{"type":"Feature","properties":{"cd":"E05002222","nm":"Shoeburyness"},"geometry":{"type":"Polygon","coordinates":[[[0.8212,51.5406],[0.7878,51.5218],[0.7779,51.5226],[0.7861,51.5327],[0.7808,51.5353],[0.7775,51.5447],[0.7868,51.5473],[0.789,51.5424],[0.8109,51.5401],[0.8149,51.5437],[0.8192,51.5422],[0.8212,51.5406]]]}},{"type":"Feature","properties":{"cd":"E05002223","nm":"Southchurch"},"geometry":{"type":"Polygon","coordinates":[[[0.7521,51.5584],[0.7532,51.5549],[0.7699,51.5518],[0.7692,51.5368],[0.7351,51.539],[0.7344,51.5414],[0.7376,51.5419],[0.7354,51.5516],[0.7412,51.5568],[0.739,51.5594],[0.7521,51.5584]]]}},{"type":"Feature","properties":{"cd":"E05014850","nm":"Oxley"},"geometry":{"type":"Polygon","coordinates":[[[-2.1242,52.6195],[-2.1224,52.6009],[-2.1259,52.5996],[-2.1453,52.6106],[-2.165,52.6165],[-2.1685,52.6199],[-2.1617,52.6191],[-2.1628,52.6212],[-2.1516,52.6246],[-2.153,52.6297],[-2.1371,52.6298],[-2.1426,52.6214],[-2.1304,52.6184],[-2.1315,52.616],[-2.1242,52.6195]]]}},{"type":"Feature","properties":{"cd":"E05014028","nm":"Wandsworth Town"},"geometry":{"type":"Polygon","coordinates":[[[-0.1724,51.4613],[-0.1734,51.4591],[-0.1772,51.4533],[-0.179,51.455],[-0.1919,51.4502],[-0.1965,51.4529],[-0.2,51.4603],[-0.195,51.4606],[-0.1847,51.4616],[-0.1724,51.4613]]]}},{"type":"Feature","properties":{"cd":"E05014029","nm":"West Hill"},"geometry":{"type":"Polygon","coordinates":[[[-0.2076,51.4499],[-0.2045,51.439],[-0.2091,51.4383],[-0.2245,51.4386],[-0.2229,51.4483],[-0.211,51.454],[-0.2076,51.4499]]]}},{"type":"Feature","properties":{"cd":"E05015904","nm":"Belle Vale"},"geometry":{"type":"Polygon","coordinates":[[[-2.045,52.4528],[-2.0639,52.4437],[-2.0682,52.4433],[-2.065,52.4487],[-2.0677,52.4538],[-2.0733,52.4516],[-2.0812,52.4573],[-2.0756,52.4591],[-2.0792,52.463],[-2.0761,52.4643],[-2.0721,52.4607],[-2.059,52.462],[-2.048,52.4675],[-2.0475,52.4675],[-2.0501,52.4595],[-2.045,52.4528]]]}},{"type":"Feature","properties":{"cd":"E05015913","nm":"Hayley Green & Cradley South"},"geometry":{"type":"Polygon","coordinates":[[[-2.0639,52.4437],[-2.0593,52.44],[-2.0607,52.4275],[-2.0658,52.4281],[-2.0623,52.4325],[-2.0675,52.4326],[-2.0681,52.4352],[-2.0799,52.4323],[-2.0861,52.4329],[-2.0933,52.4453],[-2.0881,52.4492],[-2.0902,52.4544],[-2.0812,52.4573],[-2.0733,52.4516],[-2.0677,52.4538],[-2.065,52.4487],[-2.0682,52.4433],[-2.0639,52.4437]]]}},{"type":"Feature","properties":{"cd":"E05015910","nm":"Gornal"},"geometry":{"type":"Polygon","coordinates":[[[-2.1204,52.5318],[-2.1221,52.5263],[-2.1162,52.523],[-2.1177,52.519],[-2.1244,52.5126],[-2.1196,52.5116],[-2.1216,52.5064],[-2.1311,52.5057],[-2.1347,52.5104],[-2.1471,52.5135],[-2.1488,52.5147],[-2.1446,52.5214],[-2.152,52.5262],[-2.1356,52.5345],[-2.1361,52.5322],[-2.1204,52.5318]]]}},{"type":"Feature","properties":{"cd":"E05015905","nm":"Brierley Hill & Wordsley South"},"geometry":{"type":"Polygon","coordinates":[[[-2.1068,52.4825],[-2.109,52.4734],[-2.1257,52.4754],[-2.161,52.4707],[-2.1652,52.4718],[-2.1365,52.4871],[-2.133,52.4818],[-2.1285,52.4817],[-2.1194,52.4888],[-2.1068,52.4904],[-2.1068,52.4825]]]}},{"type":"Feature","properties":{"cd":"E05015828","nm":"Attleborough"},"geometry":{"type":"Polygon","coordinates":[[[-1.4474,52.5104],[-1.4439,52.4988],[-1.4501,52.5005],[-1.4662,52.521],[-1.4619,52.5252],[-1.4474,52.5104]]]}},{"type":"Feature","properties":{"cd":"E05011525","nm":"Avenue"},"geometry":{"type":"Polygon","coordinates":[[[-0.3608,53.7459],[-0.3817,53.752],[-0.3745,53.7593],[-0.3659,53.7614],[-0.351,53.7629],[-0.3482,53.7535],[-0.3589,53.7541],[-0.3608,53.7459]]]}},{"type":"Feature","properties":{"cd":"E05011527","nm":"Boothferry"},"geometry":{"type":"Polygon","coordinates":[[[-0.3817,53.752],[-0.3882,53.7493],[-0.3823,53.7437],[-0.3998,53.7371],[-0.4108,53.7356],[-0.4136,53.7404],[-0.4036,53.75],[-0.4035,53.7524],[-0.3952,53.7501],[-0.3978,53.7558],[-0.3928,53.7578],[-0.3817,53.752]]]}},{"type":"Feature","properties":{"cd":"E05011539","nm":"Orchard Park"},"geometry":{"type":"Polygon","coordinates":[[[-0.3571,53.7787],[-0.3755,53.778],[-0.3766,53.7823],[-0.3899,53.7796],[-0.3905,53.7825],[-0.3922,53.7911],[-0.365,53.7923],[-0.3571,53.7787]]]}},{"type":"Feature","properties":{"cd":"E05011538","nm":"North Carr"},"geometry":{"type":"Polygon","coordinates":[[[-0.2944,53.793],[-0.3086,53.7893],[-0.311,53.7823],[-0.32,53.7852],[-0.3164,53.7876],[-0.3286,53.7971],[-0.3298,53.7999],[-0.3423,53.7995],[-0.3486,53.8089],[-0.3161,53.8133],[-0.3039,53.7985],[-0.2944,53.793]]]}},{"type":"Feature","properties":{"cd":"E05011528","nm":"Bricknell"},"geometry":{"type":"Polygon","coordinates":[[[-0.3638,53.7689],[-0.3659,53.7614],[-0.3745,53.7593],[-0.3817,53.752],[-0.3928,53.7578],[-0.3985,53.7672],[-0.3874,53.7707],[-0.3638,53.7689]]]}},{"type":"Feature","properties":{"cd":"SWD:rodbourne-ferndale-and-western","nm":"Rodbourne Ferndale & Western"},"geometry":{"type":"Polygon","coordinates":[[[-1.7893,51.5642],[-1.8117,51.553],[-1.8291,51.5453],[-1.8245,51.5497],[-1.8272,51.5563],[-1.8227,51.5638],[-1.817,51.5647],[-1.8164,51.5745],[-1.7893,51.5642]]]}},{"type":"Feature","properties":{"cd":"E05002451","nm":"Nelson"},"geometry":{"type":"MultiPolygon","coordinates":[[[[-1.0926,50.815],[-1.1016,50.8137],[-1.098,50.8203],[-1.0926,50.815]]],[[[-1.0764,50.8119],[-1.0786,50.8102],[-1.0865,50.8074],[-1.0925,50.8092],[-1.0913,50.809],[-1.0905,50.8116],[-1.0969,50.8113],[-1.0912,50.8148],[-1.0907,50.8168],[-1.1002,50.8269],[-1.0961,50.8281],[-1.0915,50.8282],[-1.0878,50.8261],[-1.0846,50.8223],[-1.0762,50.8211],[-1.0796,50.817],[-1.0747,50.817],[-1.0764,50.8119]]]]}},{"type":"Feature","properties":{"cd":"E05015028","nm":"Manor"},"geometry":{"type":"Polygon","coordinates":[[[-2.1238,53.4133],[-2.1252,53.4064],[-2.1257,53.404],[-2.1207,53.4036],[-2.125,53.4036],[-2.1228,53.4017],[-2.1291,53.3979],[-2.1498,53.396],[-2.156,53.4012],[-2.15,53.4025],[-2.1487,53.4094],[-2.1367,53.4155],[-2.1389,53.4118],[-2.1238,53.4133]]]}},{"type":"Feature","properties":{"cd":"E05014537","nm":"Stalybridge South"},"geometry":{"type":"Polygon","coordinates":[[[-1.9634,53.5098],[-1.9727,53.5025],[-1.9743,53.4884],[-1.9874,53.4816],[-1.9887,53.4747],[-2.012,53.4634],[-2.0101,53.4593],[-2.0151,53.4611],[-2.0289,53.4571],[-2.0455,53.4584],[-2.0443,53.4633],[-2.0501,53.4679],[-2.0446,53.4742],[-2.0513,53.4837],[-2.0368,53.496],[-2.0208,53.4966],[-2.0156,53.501],[-2.0113,53.4996],[-2.0156,53.5031],[-2.0106,53.5065],[-2.0004,53.5081],[-1.9858,53.5164],[-1.9634,53.5098]]]}},{"type":"Feature","properties":{"cd":"E05011155","nm":"Nechells"},"geometry":{"type":"Polygon","coordinates":[[[-1.8317,52.5055],[-1.8314,52.505],[-1.8574,52.4989],[-1.8645,52.4927],[-1.8669,52.4822],[-1.8928,52.4792],[-1.8926,52.486],[-1.8861,52.4985],[-1.8783,52.5065],[-1.8624,52.5094],[-1.8462,52.5048],[-1.8317,52.5055]]]}},{"type":"Feature","properties":{"cd":"E05011170","nm":"Sparkbrook & Balsall Heath East"},"geometry":{"type":"Polygon","coordinates":[[[-1.8593,52.4646],[-1.8488,52.4589],[-1.8431,52.4499],[-1.857,52.4519],[-1.8577,52.4547],[-1.8672,52.4571],[-1.8735,52.4542],[-1.8775,52.451],[-1.8832,52.4541],[-1.8826,52.4622],[-1.8866,52.4632],[-1.8761,52.4711],[-1.8593,52.4646]]]}},{"type":"Feature","properties":{"cd":"E05014160","nm":"Radcliffe East"},"geometry":{"type":"Polygon","coordinates":[[[-2.3139,53.5792],[-2.3028,53.576],[-2.3035,53.5727],[-2.2956,53.57],[-2.3045,53.5689],[-2.3008,53.5618],[-2.3072,53.5573],[-2.3143,53.5593],[-2.315,53.5567],[-2.328,53.5583],[-2.3338,53.5651],[-2.3404,53.578],[-2.3369,53.5821],[-2.3309,53.5805],[-2.3186,53.5841],[-2.3139,53.5792]]]}},{"type":"Feature","properties":{"cd":"E05015018","nm":"Brinnington & Stockport Central"},"geometry":{"type":"Polygon","coordinates":[[[-2.1367,53.4155],[-2.1487,53.4094],[-2.15,53.4025],[-2.156,53.4012],[-2.1626,53.4027],[-2.1656,53.4092],[-2.1668,53.4106],[-2.1565,53.4146],[-2.1474,53.4238],[-2.1415,53.4238],[-2.1492,53.43],[-2.1459,53.4295],[-2.1476,53.4352],[-2.1417,53.4383],[-2.1307,53.4394],[-2.1261,53.4255],[-2.1351,53.4206],[-2.1367,53.4155]]]}},{"type":"Feature","properties":{"cd":"E05015022","nm":"Davenport & Cale Green"},"geometry":{"type":"Polygon","coordinates":[[[-2.156,53.4012],[-2.1498,53.396],[-2.1409,53.39],[-2.1448,53.3876],[-2.1476,53.3888],[-2.1555,53.3823],[-2.1713,53.3877],[-2.1839,53.3968],[-2.1673,53.3963],[-2.1626,53.4027],[-2.156,53.4012]]]}},{"type":"Feature","properties":{"cd":"E05002090","nm":"Plympton St Mary"},"geometry":{"type":"Polygon","coordinates":[[[-4.028,50.3933],[-4.0344,50.3934],[-4.037,50.3903],[-4.045,50.3914],[-4.0436,50.3864],[-4.0842,50.3919],[-4.0874,50.4052],[-4.079,50.4097],[-4.0725,50.4071],[-4.0715,50.4019],[-4.0396,50.4014],[-4.0416,50.3976],[-4.0304,50.3971],[-4.028,50.3933]]]}},{"type":"Feature","properties":{"cd":"E05002096","nm":"Stoke"},"geometry":{"type":"Polygon","coordinates":[[[-4.1606,50.3868],[-4.1446,50.3788],[-4.1462,50.3772],[-4.1585,50.3748],[-4.1638,50.3696],[-4.1704,50.3738],[-4.17,50.3821],[-4.174,50.3834],[-4.1666,50.3891],[-4.1606,50.3868]]]}},{"type":"Feature","properties":{"cd":"WKF:horbury-and-south-ossett","nm":"Horbury & South Ossett"},"geometry":{"type":"Polygon","coordinates":[[[-1.5287,53.6562],[-1.5406,53.648],[-1.5663,53.6566],[-1.5805,53.6577],[-1.5832,53.6617],[-1.5747,53.6618],[-1.5752,53.6714],[-1.5693,53.6715],[-1.5724,53.6748],[-1.5541,53.6799],[-1.5287,53.6562]]]}},{"type":"Feature","properties":{"cd":"GAT:felling","nm":"Felling"},"geometry":{"type":"Polygon","coordinates":[[[-1.5579,54.9595],[-1.561,54.9536],[-1.554,54.9499],[-1.5609,54.9453],[-1.5782,54.9466],[-1.5745,54.95],[-1.5836,54.9506],[-1.5851,54.9537],[-1.5788,54.9638],[-1.5683,54.9639],[-1.5585,54.9596],[-1.5579,54.9595]]]}},{"type":"Feature","properties":{"cd":"E05014823","nm":"Farnworth South"},"geometry":{"type":"Polygon","coordinates":[[[-2.3933,53.5486],[-2.3901,53.5398],[-2.3937,53.5365],[-2.4103,53.5385],[-2.4357,53.542],[-2.4388,53.549],[-2.4243,53.5465],[-2.4231,53.5489],[-2.3933,53.5486]]]}},{"type":"Feature","properties":{"cd":"E05014833","nm":"Rumworth"},"geometry":{"type":"Polygon","coordinates":[[[-2.4364,53.5665],[-2.4462,53.5617],[-2.4576,53.5624],[-2.4647,53.5672],[-2.4614,53.5685],[-2.4643,53.574],[-2.4555,53.5737],[-2.4424,53.5758],[-2.4362,53.5721],[-2.4418,53.5681],[-2.4364,53.5665]]]}},{"type":"Feature","properties":{"cd":"E05014167","nm":"Tottington"},"geometry":{"type":"Polygon","coordinates":[[[-2.3225,53.6181],[-2.3236,53.6132],[-2.3303,53.6145],[-2.3214,53.6077],[-2.3258,53.6008],[-2.3198,53.5959],[-2.3392,53.5984],[-2.3447,53.5965],[-2.351,53.5992],[-2.3547,53.5976],[-2.3684,53.5961],[-2.363,53.6103],[-2.3794,53.6203],[-2.3764,53.6221],[-2.3835,53.6255],[-2.3793,53.6293],[-2.3605,53.6257],[-2.3543,53.6216],[-2.3382,53.6185],[-2.33,53.6215],[-2.3225,53.6181]]]}},{"type":"Feature","properties":{"cd":"E05013023","nm":"Claremont"},"geometry":{"type":"Polygon","coordinates":[[[-2.2956,53.5011],[-2.2912,53.4946],[-2.3018,53.4948],[-2.3019,53.4919],[-2.3253,53.4891],[-2.3293,53.4975],[-2.3263,53.5023],[-2.3029,53.5037],[-2.2956,53.5011]]]}},{"type":"Feature","properties":{"cd":"E05013496","nm":"Alperton"},"geometry":{"type":"Polygon","coordinates":[[[-0.2865,51.5456],[-0.2768,51.5419],[-0.2818,51.5381],[-0.3027,51.532],[-0.3075,51.5331],[-0.3047,51.5399],[-0.3085,51.5432],[-0.3125,51.549],[-0.3124,51.5493],[-0.2992,51.5405],[-0.2968,51.5441],[-0.2865,51.5456]]]}},{"type":"Feature","properties":{"cd":"E58000574","nm":"Lyndhurst & Fordingbridge"},"geometry":{"type":"MultiPolygon","coordinates":[[[[-1.5782,50.8954],[-1.5772,50.8898],[-1.5586,50.8839],[-1.5605,50.8778],[-1.5498,50.881],[-1.5408,50.8765],[-1.5479,50.8668],[-1.5408,50.8602],[-1.5456,50.8536],[-1.5586,50.85],[-1.5661,50.8522],[-1.5711,50.8492],[-1.5729,50.841],[-1.5835,50.848],[-1.5894,50.8455],[-1.6012,50.8613],[-1.6184,50.8569],[-1.6354,50.8463],[-1.639,50.8557],[-1.6363,50.8585],[-1.672,50.8653],[-1.6882,50.8834],[-1.6769,50.9028],[-1.6549,50.9132],[-1.5982,50.9222],[-1.587,50.9195],[-1.5782,50.8954]]],[[[-1.6769,50.9497],[-1.6873,50.9472],[-1.6899,50.9266],[-1.6938,50.9261],[-1.6903,50.9195],[-1.6964,50.9076],[-1.7222,50.9017],[-1.7407,50.8901],[-1.7385,50.8942],[-1.7509,50.9048],[-1.7645,50.8973],[-1.7886,50.8944],[-1.7979,50.9086],[-1.8165,50.9039],[-1.8204,50.9121],[-1.8128,50.9275],[-1.804,50.9332],[-1.8154,50.9402],[-1.8072,50.942],[-1.8104,50.9519],[-1.7947,50.953],[-1.7883,50.949],[-1.7701,50.9479],[-1.7635,50.9418],[-1.7484,50.9424],[-1.7099,50.9604],[-1.6977,50.9604],[-1.6769,50.9497]]]]}},{"type":"Feature","properties":{"cd":"E05013996","nm":"Darwin"},"geometry":{"type":"Polygon","coordinates":[[[0.0861,51.3574],[0.0933,51.3458],[0.1192,51.3443],[0.1167,51.3413],[0.1217,51.3336],[0.1179,51.3296],[0.1049,51.3274],[0.085,51.316],[0.0828,51.3056],[0.0912,51.2968],[0.0816,51.2918],[0.0585,51.2894],[0.0508,51.294],[0.0424,51.2927],[0.0426,51.3013],[0.0505,51.304],[0.0442,51.3081],[0.0389,51.3334],[0.0306,51.3352],[0.0225,51.3276],[0.0033,51.3322],[-0.003,51.3455],[0.0068,51.3518],[0.0148,51.3495],[0.0175,51.3526],[0.0365,51.3477],[0.0458,51.3525],[0.0482,51.3599],[0.0535,51.3601],[0.0543,51.3579],[0.0861,51.3574]]]}},{"type":"Feature","properties":{"cd":"E58000577","nm":"New Milton North, Milford & Hordle"},"geometry":{"type":"MultiPolygon","coordinates":[[[[-1.5534,50.7066],[-1.5547,50.7132],[-1.5513,50.7109],[-1.5485,50.7081],[-1.5513,50.7061],[-1.5545,50.7063],[-1.582,50.7182],[-1.5829,50.7186],[-1.5829,50.7186],[-1.5837,50.719],[-1.6279,50.7291],[-1.6299,50.7295],[-1.6197,50.7353],[-1.6248,50.7495],[-1.6446,50.7759],[-1.6426,50.7849],[-1.6371,50.7847],[-1.621,50.7626],[-1.5901,50.766],[-1.5862,50.7596],[-1.5635,50.7431],[-1.5653,50.7323],[-1.5544,50.7238],[-1.5546,50.7234],[-1.5604,50.7211],[-1.5674,50.7225],[-1.565,50.721],[-1.5711,50.7182],[-1.5795,50.7177],[-1.5534,50.7066]]],[[[-1.6455,50.7489],[-1.6514,50.748],[-1.6492,50.7449],[-1.6546,50.7425],[-1.6594,50.7425],[-1.6576,50.7462],[-1.6621,50.7475],[-1.6846,50.7438],[-1.6818,50.7519],[-1.6817,50.752],[-1.6566,50.756],[-1.6456,50.759],[-1.6455,50.7489]]]]}},{"type":"Feature","properties":{"cd":"E05009353","nm":"Crookham East"},"geometry":{"type":"Polygon","coordinates":[[[-0.8075,51.2753],[-0.8034,51.2722],[-0.8047,51.2694],[-0.8254,51.263],[-0.8245,51.2562],[-0.8374,51.2592],[-0.8458,51.2662],[-0.8483,51.2696],[-0.8412,51.2722],[-0.8386,51.2701],[-0.8288,51.2765],[-0.8075,51.2753]]]}},{"type":"Feature","properties":{"cd":"E05014120","nm":"Billinge & Seneley Green"},"geometry":{"type":"Polygon","coordinates":[[[-2.6802,53.4995],[-2.6663,53.4997],[-2.6629,53.4928],[-2.676,53.4865],[-2.7069,53.4789],[-2.7147,53.4737],[-2.7146,53.478],[-2.7294,53.4927],[-2.7373,53.501],[-2.7317,53.5073],[-2.723,53.51],[-2.71,53.5146],[-2.7055,53.5048],[-2.6802,53.4995]]]}},{"type":"Feature","properties":{"cd":"E05013679","nm":"Edmonton Green"},"geometry":{"type":"Polygon","coordinates":[[[-0.0259,51.6217],[-0.0353,51.613],[-0.0463,51.6113],[-0.0717,51.6148],[-0.0712,51.6251],[-0.0612,51.6252],[-0.0555,51.6269],[-0.0585,51.6226],[-0.0314,51.619],[-0.0259,51.6217]]]}},{"type":"Feature","properties":{"cd":"E05014060","nm":"Eastbury"},"geometry":{"type":"Polygon","coordinates":[[[0.1275,51.5317],[0.1096,51.5301],[0.1007,51.5315],[0.0894,51.5351],[0.0837,51.5379],[0.0936,51.5377],[0.1057,51.5387],[0.122,51.5399],[0.1277,51.5388],[0.1275,51.5317]]]}},{"type":"Feature","properties":{"cd":"E05013534","nm":"Perivale"},"geometry":{"type":"Polygon","coordinates":[[[-0.3027,51.532],[-0.3127,51.5299],[-0.3187,51.5289],[-0.3222,51.5316],[-0.3259,51.5289],[-0.3314,51.5314],[-0.3341,51.5284],[-0.3455,51.5275],[-0.3455,51.536],[-0.337,51.5344],[-0.337,51.5391],[-0.3296,51.5384],[-0.3316,51.5422],[-0.3085,51.5432],[-0.3047,51.5399],[-0.3075,51.5331],[-0.3027,51.532]]]}},{"type":"Feature","properties":{"cd":"E05013535","nm":"Pitshanger"},"geometry":{"type":"Polygon","coordinates":[[[-0.3127,51.5299],[-0.3084,51.5228],[-0.323,51.5208],[-0.3197,51.5135],[-0.3358,51.5121],[-0.3298,51.5146],[-0.3341,51.5284],[-0.3314,51.5314],[-0.3259,51.5289],[-0.3222,51.5316],[-0.3187,51.5289],[-0.3127,51.5299]]]}},{"type":"Feature","properties":{"cd":"E05014132","nm":"St Helens Town Centre"},"geometry":{"type":"Polygon","coordinates":[[[-2.7211,53.4616],[-2.7109,53.4589],[-2.7182,53.4553],[-2.7274,53.4562],[-2.7405,53.4461],[-2.7482,53.442],[-2.7558,53.443],[-2.7475,53.4559],[-2.7396,53.4576],[-2.741,53.4618],[-2.7362,53.4596],[-2.7211,53.4616]]]}},{"type":"Feature","properties":{"cd":"E05011141","nm":"Hall Green South"},"geometry":{"type":"Polygon","coordinates":[[[-1.8329,52.4195],[-1.8436,52.4105],[-1.8494,52.4108],[-1.8584,52.421],[-1.8567,52.4293],[-1.8416,52.4257],[-1.8329,52.4195]]]}},{"type":"Feature","properties":{"cd":"E05011140","nm":"Hall Green North"},"geometry":{"type":"Polygon","coordinates":[[[-1.8431,52.4499],[-1.8426,52.4418],[-1.8383,52.4427],[-1.842,52.4398],[-1.8355,52.4382],[-1.839,52.4341],[-1.8253,52.4293],[-1.8307,52.4228],[-1.8329,52.4195],[-1.8329,52.4195],[-1.8416,52.4257],[-1.8567,52.4293],[-1.8574,52.4337],[-1.8558,52.4381],[-1.857,52.4519],[-1.8431,52.4499]]]}},{"type":"Feature","properties":{"cd":"E05011133","nm":"Druids Heath & Monyhull"},"geometry":{"type":"Polygon","coordinates":[[[-1.8855,52.4143],[-1.8867,52.4047],[-1.8871,52.4047],[-1.9046,52.4031],[-1.9137,52.4075],[-1.9166,52.4084],[-1.9194,52.4132],[-1.9141,52.4154],[-1.906,52.4135],[-1.8881,52.4155],[-1.8855,52.4143]]]}},{"type":"Feature","properties":{"cd":"E05014646","nm":"Alexandra"},"geometry":{"type":"Polygon","coordinates":[[[-2.0846,53.5308],[-2.0659,53.5333],[-2.0768,53.5253],[-2.0707,53.5217],[-2.0772,53.5203],[-2.0921,53.5206],[-2.101,53.5282],[-2.111,53.5251],[-2.1141,53.5319],[-2.1165,53.5379],[-2.1151,53.538],[-2.0846,53.5308]]]}},{"type":"Feature","properties":{"cd":"E05014647","nm":"Chadderton Central"},"geometry":{"type":"Polygon","coordinates":[[[-2.1327,53.5395],[-2.1419,53.5334],[-2.1526,53.5342],[-2.1496,53.5413],[-2.1545,53.543],[-2.1474,53.5443],[-2.1387,53.5563],[-2.1312,53.5522],[-2.1358,53.5459],[-2.1327,53.5395]]]}},{"type":"Feature","properties":{"cd":"E05014653","nm":"Failsworth West"},"geometry":{"type":"Polygon","coordinates":[[[-2.1562,53.5158],[-2.1547,53.5025],[-2.1495,53.5034],[-2.1479,53.4991],[-2.1562,53.4939],[-2.163,53.4928],[-2.1619,53.4983],[-2.1755,53.5027],[-2.1783,53.5068],[-2.1714,53.5132],[-2.1612,53.5129],[-2.1562,53.5158],[-2.1562,53.5158]]]}},{"type":"Feature","properties":{"cd":"E05014657","nm":"Royton South"},"geometry":{"type":"Polygon","coordinates":[[[-2.0997,53.5668],[-2.0936,53.5662],[-2.1017,53.5529],[-2.1059,53.5543],[-2.1085,53.5516],[-2.1138,53.5505],[-2.1317,53.5571],[-2.1201,53.5611],[-2.126,53.5703],[-2.1242,53.5751],[-2.1127,53.5746],[-2.1111,53.5679],[-2.0997,53.5668]]]}},{"type":"Feature","properties":{"cd":"E05014659","nm":"Saddleworth South"},"geometry":{"type":"Polygon","coordinates":[[[-1.9257,53.5532],[-1.9129,53.5516],[-1.9096,53.5384],[-1.9224,53.5308],[-1.9268,53.5209],[-1.9168,53.5145],[-1.922,53.51],[-1.9513,53.5042],[-1.9634,53.5098],[-1.9858,53.5164],[-1.9969,53.5221],[-2.0091,53.5191],[-2.0188,53.5214],[-2.0181,53.5248],[-2.0268,53.5294],[-2.0487,53.5303],[-2.047,53.5424],[-2.0432,53.541],[-2.0369,53.5475],[-2.0319,53.5428],[-2.0234,53.5435],[-2.011,53.5482],[-2.0076,53.5537],[-1.9879,53.5559],[-1.9724,53.5508],[-1.9257,53.5532]]]}},{"type":"Feature","properties":{"cd":"E05014660","nm":"Saddleworth West & Lees"},"geometry":{"type":"Polygon","coordinates":[[[-2.047,53.5424],[-2.0487,53.5303],[-2.0569,53.5307],[-2.0541,53.5223],[-2.0619,53.5223],[-2.0707,53.5217],[-2.0768,53.5253],[-2.0659,53.5333],[-2.0846,53.5308],[-2.0801,53.5374],[-2.0727,53.5431],[-2.073,53.5484],[-2.062,53.5489],[-2.065,53.5433],[-2.0554,53.5453],[-2.047,53.5424]]]}},{"type":"Feature","properties":{"cd":"E05014665","nm":"Werneth"},"geometry":{"type":"Polygon","coordinates":[[[-2.1165,53.5379],[-2.1141,53.5319],[-2.1178,53.5334],[-2.1234,53.5281],[-2.1277,53.5262],[-2.1348,53.529],[-2.1425,53.5309],[-2.1419,53.5334],[-2.1327,53.5395],[-2.1165,53.5379]]]}},{"type":"Feature","properties":{"cd":"E05011434","nm":"Westlands"},"geometry":{"type":"Polygon","coordinates":[[[-2.2219,53.0037],[-2.2234,52.9902],[-2.2358,52.9897],[-2.2454,52.9843],[-2.2568,52.9882],[-2.2352,53.0026],[-2.2366,53.0075],[-2.2291,53.0085],[-2.2219,53.0037]]]}},{"type":"Feature","properties":{"cd":"E05014032","nm":"Caxton & Papworth"},"geometry":{"type":"Polygon","coordinates":[[[-0.0215,52.2536],[-0.0258,52.2356],[-0.0215,52.2259],[-0.0273,52.2201],[-0.0442,52.2212],[-0.0889,52.229],[-0.1034,52.229],[-0.0984,52.2191],[-0.0788,52.2113],[-0.0882,52.1957],[-0.0856,52.191],[-0.1012,52.1854],[-0.1071,52.1938],[-0.1039,52.2004],[-0.1081,52.2069],[-0.1402,52.2079],[-0.1528,52.212],[-0.1759,52.1973],[-0.1787,52.2016],[-0.1891,52.2006],[-0.1956,52.2045],[-0.1869,52.2289],[-0.1756,52.2305],[-0.149,52.2259],[-0.1482,52.2292],[-0.1375,52.2302],[-0.1322,52.2433],[-0.1571,52.2543],[-0.1737,52.2558],[-0.1775,52.2503],[-0.1826,52.2568],[-0.1755,52.2802],[-0.1481,52.2846],[-0.1381,52.2766],[-0.1211,52.2573],[-0.1023,52.2777],[-0.0854,52.2725],[-0.0572,52.2928],[-0.0041,52.2695],[-0.0163,52.2618],[-0.0215,52.2536]]]}},{"type":"Feature","properties":{"cd":"E05002213","nm":"Blenheim Park"},"geometry":{"type":"Polygon","coordinates":[[[0.6745,51.5626],[0.6714,51.5538],[0.682,51.5534],[0.681,51.5514],[0.6773,51.5512],[0.6776,51.5457],[0.6671,51.5471],[0.6553,51.5481],[0.657,51.5603],[0.6632,51.5627],[0.6659,51.5629],[0.6745,51.5626]]]}},{"type":"Feature","properties":{"cd":"NET:elswick","nm":"Elswick"},"geometry":{"type":"Polygon","coordinates":[[[-1.6572,54.9762],[-1.6439,54.974],[-1.6295,54.9717],[-1.6345,54.9633],[-1.6243,54.9656],[-1.6205,54.9624],[-1.6395,54.9604],[-1.6674,54.9648],[-1.6587,54.9764],[-1.6572,54.9762]]]}},{"type":"Feature","properties":{"cd":"NET:lemington","nm":"Lemington"},"geometry":{"type":"MultiPolygon","coordinates":[[[[-1.7004,54.97],[-1.7029,54.9696],[-1.7015,54.9703],[-1.7004,54.97]]],[[[-1.6936,54.985],[-1.6977,54.971],[-1.6977,54.971],[-1.712,54.9743],[-1.7026,54.9713],[-1.7082,54.9688],[-1.715,54.9679],[-1.7202,54.9682],[-1.7261,54.9753],[-1.7381,54.9794],[-1.7382,54.9794],[-1.7323,54.98],[-1.7372,54.987],[-1.7257,54.9881],[-1.7315,54.9959],[-1.7121,54.9884],[-1.6936,54.985]]]]}},{"type":"Feature","properties":{"cd":"NET:manor-park","nm":"Manor Park"},"geometry":{"type":"Polygon","coordinates":[[[-1.5606,54.9959],[-1.5863,54.9903],[-1.5923,54.9918],[-1.5946,54.9971],[-1.5894,54.9998],[-1.5816,54.9982],[-1.5771,55.0053],[-1.5585,55.0055],[-1.5606,54.9959]]]}},{"type":"Feature","properties":{"cd":"COV:henley","nm":"Henley"},"geometry":{"type":"Polygon","coordinates":[[[-1.4522,52.4497],[-1.4436,52.4474],[-1.4465,52.4431],[-1.4241,52.434],[-1.4324,52.4157],[-1.4452,52.4204],[-1.4499,52.4268],[-1.462,52.4259],[-1.4669,52.4295],[-1.4741,52.4275],[-1.4763,52.4294],[-1.4688,52.4349],[-1.4676,52.447],[-1.472,52.449],[-1.468,52.4514],[-1.4588,52.4474],[-1.4522,52.4497]]]}},{"type":"Feature","properties":{"cd":"E05011354","nm":"Burnage"},"geometry":{"type":"Polygon","coordinates":[[[-2.1914,53.4351],[-2.1931,53.4277],[-2.1991,53.427],[-2.2077,53.4201],[-2.2187,53.4217],[-2.2177,53.4245],[-2.2052,53.4406],[-2.2044,53.4421],[-2.2038,53.4423],[-2.1927,53.4441],[-2.1914,53.4351]]]}},{"type":"Feature","properties":{"cd":"E05002216","nm":"Kursaal"},"geometry":{"type":"Polygon","coordinates":[[[0.7344,51.5414],[0.7351,51.539],[0.7309,51.5383],[0.7308,51.5303],[0.7205,51.5326],[0.7185,51.5327],[0.7176,51.5403],[0.7225,51.5435],[0.7344,51.5414]]]}},{"type":"Feature","properties":{"cd":"BNS:darton-east","nm":"Darton East"},"geometry":{"type":"Polygon","coordinates":[[[-1.4839,53.5949],[-1.4895,53.5902],[-1.4857,53.5843],[-1.4913,53.5796],[-1.4967,53.5808],[-1.4969,53.5754],[-1.4896,53.5722],[-1.4995,53.5725],[-1.499,53.5691],[-1.517,53.5726],[-1.5354,53.5939],[-1.5308,53.5931],[-1.5284,53.597],[-1.5187,53.5997],[-1.5104,53.5969],[-1.5014,53.5998],[-1.4966,53.5974],[-1.4951,53.6032],[-1.4916,53.6028],[-1.4921,53.597],[-1.4839,53.5949]]]}},{"type":"Feature","properties":{"cd":"BNS:dodworth-stainborough-and-tankersley","nm":"Dodworth, Stainborough & Tankersley"},"geometry":{"type":"Polygon","coordinates":[[[-1.5094,53.5574],[-1.5075,53.5533],[-1.4975,53.5535],[-1.5029,53.5495],[-1.4978,53.544],[-1.5075,53.5388],[-1.4993,53.5319],[-1.4983,53.5299],[-1.506,53.533],[-1.5421,53.5301],[-1.5504,53.5318],[-1.5484,53.5475],[-1.5555,53.5553],[-1.5409,53.5631],[-1.5283,53.5652],[-1.5253,53.5614],[-1.5187,53.5633],[-1.517,53.5594],[-1.5107,53.5606],[-1.5094,53.5574]]]}},{"type":"Feature","properties":{"cd":"BNS:kingstone","nm":"Kingstone"},"geometry":{"type":"Polygon","coordinates":[[[-1.4717,53.542],[-1.4756,53.5383],[-1.493,53.5397],[-1.4993,53.5319],[-1.5075,53.5388],[-1.4978,53.544],[-1.5029,53.5495],[-1.4975,53.5535],[-1.4896,53.5568],[-1.4846,53.5494],[-1.4717,53.542]]]}},{"type":"Feature","properties":{"cd":"BNS:rockingham","nm":"Rockingham"},"geometry":{"type":"Polygon","coordinates":[[[-1.4568,53.5129],[-1.4482,53.5096],[-1.4418,53.4975],[-1.4376,53.4969],[-1.4409,53.4911],[-1.4522,53.4849],[-1.4504,53.4774],[-1.4552,53.4718],[-1.4559,53.4718],[-1.4719,53.4934],[-1.49,53.5093],[-1.4847,53.5198],[-1.4797,53.516],[-1.4749,53.5179],[-1.4716,53.5145],[-1.4646,53.5154],[-1.4615,53.5114],[-1.4568,53.5129]]]}},{"type":"Feature","properties":{"cd":"E05011363","nm":"Didsbury West"},"geometry":{"type":"Polygon","coordinates":[[[-2.2328,53.4292],[-2.2285,53.4276],[-2.2325,53.4225],[-2.2307,53.4108],[-2.2398,53.4117],[-2.2443,53.4125],[-2.2462,53.4067],[-2.2535,53.4092],[-2.2497,53.4199],[-2.2525,53.4225],[-2.2531,53.4188],[-2.2635,53.4161],[-2.2487,53.4325],[-2.2366,53.4253],[-2.2328,53.4292]]]}},{"type":"Feature","properties":{"cd":"E05013101","nm":"Cutteslowe & Sunnymead"},"geometry":{"type":"Polygon","coordinates":[[[-1.2541,51.786],[-1.258,51.7814],[-1.2703,51.7777],[-1.2785,51.7792],[-1.2804,51.7881],[-1.2541,51.786]]]}},{"type":"Feature","properties":{"cd":"E05013105","nm":"Hinksey Park"},"geometry":{"type":"Polygon","coordinates":[[[-1.2565,51.7471],[-1.2517,51.744],[-1.243,51.7371],[-1.2416,51.7339],[-1.2413,51.7252],[-1.2535,51.728],[-1.2678,51.7427],[-1.264,51.7488],[-1.2565,51.7471]]]}},{"type":"Feature","properties":{"cd":"E05013106","nm":"Holywell"},"geometry":{"type":"Polygon","coordinates":[[[-1.2385,51.7562],[-1.2394,51.7524],[-1.2451,51.7506],[-1.2475,51.7444],[-1.2517,51.744],[-1.2565,51.7471],[-1.2577,51.752],[-1.2532,51.7526],[-1.2594,51.7593],[-1.2503,51.7631],[-1.2385,51.7562]]]}},{"type":"Feature","properties":{"cd":"E05013108","nm":"Lye Valley"},"geometry":{"type":"Polygon","coordinates":[[[-1.1952,51.7452],[-1.194,51.7366],[-1.1975,51.7373],[-1.1988,51.7345],[-1.2106,51.7402],[-1.2087,51.7479],[-1.2052,51.7507],[-1.2001,51.7437],[-1.1952,51.7452]]]}},{"type":"Feature","properties":{"cd":"E05011264","nm":"Holywell-cum-Needingworth"},"geometry":{"type":"Polygon","coordinates":[[[0.0344,52.3857],[0.0419,52.3807],[0.0513,52.3582],[0.0481,52.3559],[0.0439,52.3529],[0.027,52.3515],[0.0096,52.3417],[0.0082,52.3345],[-0.0047,52.3217],[-0.0151,52.3125],[-0.0313,52.3168],[-0.0465,52.3147],[-0.0501,52.3147],[-0.0499,52.3214],[-0.0613,52.3269],[-0.0563,52.3329],[-0.0622,52.3335],[-0.0614,52.3413],[-0.0455,52.3566],[-0.0427,52.3594],[-0.0323,52.3577],[-0.0276,52.3653],[-0.0028,52.3664],[0.0021,52.3714],[-0.0008,52.3777],[0.0171,52.3815],[0.0137,52.3837],[0.0282,52.3899],[0.0344,52.3857]]]}},{"type":"Feature","properties":{"cd":"E05011280","nm":"Warboys"},"geometry":{"type":"Polygon","coordinates":[[[-0.0093,52.4622],[-0.007,52.4568],[0.0088,52.4547],[0.0121,52.4484],[0.0232,52.4425],[0.0217,52.435],[-0.0006,52.4292],[-0.0181,52.4141],[-0.0002,52.4014],[-0.0011,52.3985],[-0.0103,52.3928],[-0.0243,52.3923],[-0.0279,52.3811],[-0.0362,52.3732],[-0.0346,52.3671],[-0.0427,52.3594],[-0.0455,52.3566],[-0.085,52.3583],[-0.0855,52.3605],[-0.0992,52.3618],[-0.1052,52.3701],[-0.1236,52.3598],[-0.1333,52.3632],[-0.1394,52.3611],[-0.1435,52.3642],[-0.1347,52.3768],[-0.1298,52.3781],[-0.1486,52.3852],[-0.147,52.3898],[-0.1589,52.3872],[-0.1682,52.3921],[-0.1669,52.4031],[-0.1995,52.4103],[-0.1958,52.4159],[-0.1882,52.4178],[-0.1917,52.419],[-0.1859,52.4425],[-0.1804,52.4419],[-0.1815,52.4376],[-0.1706,52.4372],[-0.1691,52.4465],[-0.1598,52.4465],[-0.1551,52.4507],[-0.1353,52.4503],[-0.1405,52.4479],[-0.1306,52.4414],[-0.133,52.4344],[-0.1143,52.4306],[-0.1235,52.4254],[-0.0925,52.4228],[-0.0926,52.4276],[-0.0726,52.443],[-0.0579,52.4372],[-0.0226,52.4638],[-0.0093,52.4622]]]}},{"type":"Feature","properties":{"cd":"E05013027","nm":"Little Hulton"},"geometry":{"type":"Polygon","coordinates":[[[-2.4103,53.5385],[-2.4238,53.5311],[-2.413,53.5274],[-2.4108,53.5197],[-2.4216,53.5199],[-2.4541,53.5262],[-2.4511,53.5286],[-2.4446,53.5309],[-2.4357,53.542],[-2.4103,53.5385]]]}},{"type":"Feature","properties":{"cd":"NET:chapel","nm":"Chapel"},"geometry":{"type":"Polygon","coordinates":[[[-1.7029,55.0029],[-1.7121,54.9884],[-1.7315,54.9959],[-1.7421,55.0019],[-1.7225,55.004],[-1.7225,55.0095],[-1.7029,55.0029]]]}},{"type":"Feature","properties":{"cd":"NET:jesmond","nm":"Jesmond"},"geometry":{"type":"MultiPolygon","coordinates":[[[[-1.5891,54.989],[-1.6147,54.9899],[-1.6164,54.9954],[-1.6013,54.9985],[-1.5891,54.989]]],[[[-1.5891,54.989],[-1.589,54.989],[-1.5916,54.9818],[-1.603,54.9792],[-1.6126,54.9829],[-1.6147,54.9899],[-1.5891,54.989]]]]}},{"type":"Feature","properties":{"cd":"E05014158","nm":"North Manor"},"geometry":{"type":"Polygon","coordinates":[[[-2.2899,53.6352],[-2.2829,53.6203],[-2.3005,53.61],[-2.3093,53.6193],[-2.3201,53.6203],[-2.3225,53.6181],[-2.33,53.6215],[-2.3382,53.6185],[-2.3543,53.6216],[-2.3605,53.6257],[-2.3793,53.6293],[-2.3791,53.6309],[-2.3704,53.6316],[-2.3687,53.637],[-2.3545,53.6367],[-2.352,53.6409],[-2.335,53.6332],[-2.3217,53.6317],[-2.3161,53.6341],[-2.31,53.6311],[-2.2899,53.6352]]]}},{"type":"Feature","properties":{"cd":"E05015803","nm":"Cranbrook, Sissinghurst & Frittenden"},"geometry":{"type":"Polygon","coordinates":[[[0.6395,51.1413],[0.6422,51.1405],[0.6365,51.1368],[0.6263,51.139],[0.6199,51.1322],[0.6036,51.1317],[0.609,51.1179],[0.5903,51.1113],[0.5956,51.1083],[0.5965,51.0902],[0.5777,51.083],[0.5649,51.0816],[0.5586,51.0842],[0.5336,51.0699],[0.5303,51.0735],[0.5256,51.0715],[0.5185,51.0748],[0.5073,51.0745],[0.5019,51.0633],[0.4955,51.0595],[0.4892,51.0636],[0.4972,51.0798],[0.4911,51.0831],[0.4816,51.0827],[0.4826,51.0925],[0.4775,51.0946],[0.4889,51.1044],[0.4984,51.1064],[0.5129,51.1237],[0.5076,51.1319],[0.5147,51.1361],[0.5419,51.1344],[0.5618,51.1432],[0.5656,51.1411],[0.5591,51.1339],[0.5639,51.1349],[0.5793,51.1446],[0.5757,51.1561],[0.5932,51.154],[0.6019,51.159],[0.6051,51.1509],[0.6127,51.1524],[0.6172,51.1483],[0.6261,51.1528],[0.6403,51.1525],[0.6365,51.1452],[0.6325,51.1453],[0.6395,51.1413]]]}},{"type":"Feature","properties":{"cd":"E05015808","nm":"Paddock Wood"},"geometry":{"type":"Polygon","coordinates":[[[0.4374,51.1777],[0.4335,51.1716],[0.4267,51.169],[0.4287,51.1645],[0.4216,51.1605],[0.4056,51.1662],[0.3857,51.167],[0.3853,51.1718],[0.3773,51.1749],[0.3799,51.1842],[0.3759,51.1856],[0.3829,51.1872],[0.3888,51.1946],[0.4094,51.1884],[0.4164,51.1805],[0.4374,51.1777]]]}},{"type":"Feature","properties":{"cd":"E05015809","nm":"Pantiles"},"geometry":{"type":"Polygon","coordinates":[[[0.2721,51.1188],[0.2789,51.1147],[0.2756,51.1123],[0.2663,51.1151],[0.2522,51.1144],[0.2432,51.1153],[0.2274,51.1242],[0.2287,51.125],[0.2479,51.1233],[0.2632,51.1295],[0.2741,51.1209],[0.2721,51.1188]]]}},{"type":"Feature","properties":{"cd":"E05015810","nm":"Park"},"geometry":{"type":"Polygon","coordinates":[[[0.3253,51.1229],[0.2987,51.1182],[0.2796,51.1178],[0.2749,51.1207],[0.2721,51.1188],[0.2741,51.1209],[0.2632,51.1295],[0.2634,51.135],[0.2762,51.1356],[0.2822,51.1387],[0.2826,51.135],[0.3083,51.1434],[0.3144,51.1412],[0.3136,51.1341],[0.3231,51.1343],[0.3211,51.1264],[0.3253,51.1229]]]}},{"type":"Feature","properties":{"cd":"E05015813","nm":"Sherwood"},"geometry":{"type":"Polygon","coordinates":[[[0.3083,51.1434],[0.2826,51.135],[0.2822,51.1387],[0.2803,51.1444],[0.2745,51.1461],[0.2764,51.1482],[0.2829,51.1574],[0.2794,51.1624],[0.2887,51.1614],[0.3048,51.1637],[0.3029,51.1496],[0.3083,51.1434]]]}},{"type":"Feature","properties":{"cd":"E05013884","nm":"Chapel End"},"geometry":{"type":"Polygon","coordinates":[[[-0.0171,51.6012],[-0.0107,51.6004],[-0.0033,51.6003],[-0.0012,51.5924],[-0.0087,51.5907],[-0.0174,51.5902],[-0.0235,51.5963],[-0.0271,51.5959],[-0.0204,51.6029],[-0.0171,51.6012]]]}},{"type":"Feature","properties":{"cd":"SND:deptford-and-hendon","nm":"Deptford & Hendon"},"geometry":{"type":"MultiPolygon","coordinates":[[[[-1.3828,54.9095],[-1.383,54.9099],[-1.3799,54.9101],[-1.3828,54.9095]]],[[[-1.3828,54.9095],[-1.3777,54.9096],[-1.3721,54.9096],[-1.3612,54.9173],[-1.3584,54.9137],[-1.3575,54.9146],[-1.3573,54.9144],[-1.3541,54.9178],[-1.3534,54.9184],[-1.3572,54.9146],[-1.3573,54.9145],[-1.3587,54.913],[-1.3587,54.913],[-1.3535,54.9084],[-1.3508,54.906],[-1.3549,54.9076],[-1.3515,54.9053],[-1.3616,54.8983],[-1.358,54.8858],[-1.3682,54.8859],[-1.3811,54.8978],[-1.3812,54.9044],[-1.3828,54.9095]]]]}},{"type":"Feature","properties":{"cd":"SND:doxford-park","nm":"Doxford Park"},"geometry":{"type":"Polygon","coordinates":[[[-1.369,54.8577],[-1.3817,54.8472],[-1.4135,54.8449],[-1.4349,54.8545],[-1.4194,54.8557],[-1.4457,54.8644],[-1.418,54.8711],[-1.3961,54.8697],[-1.3976,54.8734],[-1.3919,54.8759],[-1.3809,54.8729],[-1.386,54.868],[-1.3828,54.8614],[-1.369,54.8577]]]}},{"type":"Feature","properties":{"cd":"SND:farringdon-and-silksworth","nm":"Farringdon & Silksworth"},"geometry":{"type":"Polygon","coordinates":[[[-1.3814,54.8816],[-1.3796,54.8765],[-1.3891,54.8785],[-1.3919,54.8759],[-1.3976,54.8734],[-1.3961,54.8697],[-1.418,54.8711],[-1.4178,54.8774],[-1.4247,54.8822],[-1.4188,54.8881],[-1.4023,54.8885],[-1.3814,54.8816]]]}},{"type":"Feature","properties":{"cd":"BRD:heaton-and-frizinghall","nm":"Heaton & Frizinghall"},"geometry":{"type":"Polygon","coordinates":[[[-1.768,53.819],[-1.7658,53.8162],[-1.78,53.8154],[-1.7821,53.8121],[-1.8018,53.8111],[-1.8032,53.8082],[-1.8136,53.8073],[-1.8187,53.812],[-1.827,53.8126],[-1.8217,53.8199],[-1.8311,53.8187],[-1.8289,53.8223],[-1.8081,53.8248],[-1.8073,53.8226],[-1.7991,53.8272],[-1.7797,53.8265],[-1.7775,53.8241],[-1.7752,53.8293],[-1.768,53.819]]]}},{"type":"Feature","properties":{"cd":"BRD:idle-and-thackley","nm":"Idle & Thackley"},"geometry":{"type":"Polygon","coordinates":[[[-1.694,53.8513],[-1.7037,53.8423],[-1.7031,53.8364],[-1.7063,53.8292],[-1.7122,53.8314],[-1.7156,53.8266],[-1.7204,53.8301],[-1.7314,53.8312],[-1.7336,53.8261],[-1.7469,53.8308],[-1.7467,53.8398],[-1.7528,53.8431],[-1.7292,53.8568],[-1.7136,53.8523],[-1.7103,53.8635],[-1.7021,53.8578],[-1.6951,53.8575],[-1.694,53.8513]]]}},{"type":"Feature","properties":{"cd":"BRD:ilkley-and-addingham","nm":"Ilkley & Addingham"},"geometry":{"type":"Polygon","coordinates":[[[-1.7775,53.9229],[-1.7828,53.9165],[-1.7805,53.9134],[-1.8178,53.8996],[-1.8611,53.9065],[-1.8695,53.9196],[-1.8595,53.9325],[-1.8362,53.9314],[-1.8488,53.936],[-1.8477,53.9408],[-1.8301,53.9404],[-1.8302,53.938],[-1.8051,53.939],[-1.8029,53.936],[-1.7975,53.9365],[-1.798,53.9297],[-1.7824,53.9294],[-1.7775,53.9229]]]}},{"type":"Feature","properties":{"cd":"BRD:keighley-central","nm":"Keighley Central"},"geometry":{"type":"Polygon","coordinates":[[[-1.9093,53.8855],[-1.9018,53.8793],[-1.8881,53.8762],[-1.8966,53.8736],[-1.902,53.8682],[-1.8964,53.8671],[-1.9148,53.8556],[-1.9224,53.8606],[-1.9136,53.8648],[-1.9201,53.8644],[-1.9314,53.8728],[-1.947,53.8776],[-1.9407,53.8798],[-1.9415,53.8874],[-1.9335,53.8842],[-1.9221,53.8885],[-1.9093,53.8855]]]}},{"type":"Feature","properties":{"cd":"BRD:keighley-east","nm":"Keighley East"},"geometry":{"type":"Polygon","coordinates":[[[-1.8178,53.8996],[-1.8388,53.886],[-1.8354,53.8756],[-1.8407,53.8764],[-1.8477,53.8726],[-1.8489,53.8669],[-1.8524,53.8679],[-1.8572,53.8623],[-1.8557,53.8586],[-1.869,53.8604],[-1.8793,53.8542],[-1.892,53.8518],[-1.9,53.8449],[-1.9146,53.8401],[-1.9208,53.8434],[-1.9247,53.8411],[-1.9259,53.844],[-1.9148,53.8556],[-1.8964,53.8671],[-1.902,53.8682],[-1.8966,53.8736],[-1.8881,53.8762],[-1.9018,53.8793],[-1.9093,53.8855],[-1.8611,53.9065],[-1.8178,53.8996]]]}},{"type":"Feature","properties":{"cd":"BRD:keighley-west","nm":"Keighley West"},"geometry":{"type":"Polygon","coordinates":[[[-1.9148,53.8556],[-1.9259,53.844],[-1.9306,53.8462],[-1.9355,53.8445],[-1.9418,53.8506],[-1.9407,53.8548],[-1.9457,53.8541],[-1.9443,53.8601],[-1.958,53.8612],[-1.9567,53.8638],[-1.977,53.8755],[-1.977,53.8756],[-1.947,53.8776],[-1.9314,53.8728],[-1.9201,53.8644],[-1.9136,53.8648],[-1.9224,53.8606],[-1.9148,53.8556]]]}},{"type":"Feature","properties":{"cd":"BRD:thornton-and-allerton","nm":"Thornton & Allerton"},"geometry":{"type":"Polygon","coordinates":[[[-1.8311,53.8187],[-1.8217,53.8199],[-1.827,53.8126],[-1.8187,53.812],[-1.8136,53.8073],[-1.8079,53.8046],[-1.8216,53.7967],[-1.809,53.7919],[-1.8351,53.7875],[-1.8428,53.7812],[-1.8518,53.7857],[-1.8636,53.785],[-1.8734,53.7786],[-1.8956,53.7809],[-1.895,53.7841],[-1.8665,53.7976],[-1.8761,53.8018],[-1.8816,53.8091],[-1.8699,53.8085],[-1.8691,53.8109],[-1.8549,53.8134],[-1.8522,53.8108],[-1.8523,53.8152],[-1.8455,53.8187],[-1.8361,53.8216],[-1.8311,53.8187]]]}},{"type":"Feature","properties":{"cd":"BRD:wharfedale","nm":"Wharfedale"},"geometry":{"type":"Polygon","coordinates":[[[-1.7272,53.9102],[-1.7321,53.896],[-1.7173,53.8923],[-1.7268,53.8882],[-1.7254,53.8857],[-1.7563,53.8847],[-1.7673,53.8902],[-1.7795,53.8912],[-1.7767,53.8939],[-1.7875,53.8969],[-1.795,53.8946],[-1.8004,53.886],[-1.8178,53.8996],[-1.7805,53.9134],[-1.7828,53.9165],[-1.7775,53.9229],[-1.7723,53.9209],[-1.7654,53.9247],[-1.7555,53.921],[-1.7456,53.923],[-1.7422,53.9146],[-1.7272,53.9102]]]}},{"type":"Feature","properties":{"cd":"E05013761","nm":"St Helier East"},"geometry":{"type":"Polygon","coordinates":[[[-0.1699,51.3917],[-0.1653,51.388],[-0.1639,51.3814],[-0.1713,51.3798],[-0.1827,51.3881],[-0.1748,51.3934],[-0.1699,51.3917]]]}},{"type":"Feature","properties":{"cd":"E05013765","nm":"Sutton Central"},"geometry":{"type":"Polygon","coordinates":[[[-0.1879,51.3604],[-0.1939,51.3593],[-0.1977,51.362],[-0.1958,51.3667],[-0.2006,51.3684],[-0.1811,51.3698],[-0.1786,51.3616],[-0.1879,51.3604]]]}},{"type":"Feature","properties":{"cd":"E05013767","nm":"Sutton South"},"geometry":{"type":"Polygon","coordinates":[[[-0.1736,51.358],[-0.1787,51.3513],[-0.1842,51.3541],[-0.1979,51.3513],[-0.2016,51.3579],[-0.1939,51.3593],[-0.1879,51.3604],[-0.1736,51.358]]]}},{"type":"Feature","properties":{"cd":"E05013768","nm":"Sutton West & East Cheam"},"geometry":{"type":"Polygon","coordinates":[[[-0.2006,51.3684],[-0.1958,51.3667],[-0.1977,51.362],[-0.1939,51.3593],[-0.2016,51.3579],[-0.2117,51.3561],[-0.2144,51.3651],[-0.2091,51.371],[-0.2086,51.3714],[-0.2057,51.368],[-0.2006,51.3684]]]}},{"type":"Feature","properties":{"cd":"E05013769","nm":"The Wrythe"},"geometry":{"type":"Polygon","coordinates":[[[-0.157,51.3734],[-0.1596,51.3715],[-0.1674,51.3682],[-0.1711,51.3715],[-0.1811,51.3698],[-0.1826,51.3768],[-0.1761,51.3755],[-0.1713,51.3798],[-0.1639,51.3814],[-0.157,51.3734]]]}},{"type":"Feature","properties":{"cd":"E05013770","nm":"Wallington North"},"geometry":{"type":"Polygon","coordinates":[[[-0.1405,51.3622],[-0.1555,51.3592],[-0.1596,51.3715],[-0.157,51.3734],[-0.1539,51.3773],[-0.1406,51.3709],[-0.1405,51.3622]]]}},{"type":"Feature","properties":{"cd":"E05013771","nm":"Wallington South"},"geometry":{"type":"Polygon","coordinates":[[[-0.1378,51.3596],[-0.149,51.3462],[-0.1601,51.3474],[-0.1592,51.3586],[-0.1555,51.3592],[-0.1405,51.3622],[-0.1378,51.3596]]]}},{"type":"Feature","properties":{"cd":"E05006639","nm":"Eynsham and Cassington"},"geometry":{"type":"Polygon","coordinates":[[[-1.3382,51.82],[-1.3324,51.817],[-1.3374,51.8117],[-1.3256,51.8053],[-1.3223,51.7878],[-1.3303,51.7863],[-1.3485,51.7769],[-1.36,51.775],[-1.3642,51.7678],[-1.3591,51.7637],[-1.3634,51.7618],[-1.3676,51.7653],[-1.3672,51.7731],[-1.3763,51.7638],[-1.3929,51.7651],[-1.4011,51.7684],[-1.3975,51.7732],[-1.4021,51.774],[-1.4112,51.7699],[-1.418,51.7508],[-1.4281,51.7553],[-1.4308,51.748],[-1.434,51.7518],[-1.4466,51.7528],[-1.4532,51.7572],[-1.4523,51.7598],[-1.4603,51.7601],[-1.475,51.7692],[-1.4777,51.7756],[-1.457,51.7831],[-1.4643,51.7852],[-1.4592,51.7924],[-1.4616,51.7977],[-1.4566,51.8015],[-1.4433,51.8002],[-1.4386,51.796],[-1.4308,51.7951],[-1.4125,51.8012],[-1.4062,51.8009],[-1.4034,51.7971],[-1.3797,51.7996],[-1.3652,51.796],[-1.3659,51.8086],[-1.355,51.8123],[-1.3628,51.8179],[-1.3577,51.8207],[-1.3494,51.8184],[-1.3382,51.82]]]}},{"type":"Feature","properties":{"cd":"E05006640","nm":"Freeland and Hanborough"},"geometry":{"type":"Polygon","coordinates":[[[-1.379,51.8325],[-1.3726,51.8264],[-1.3615,51.8298],[-1.3657,51.8212],[-1.3628,51.8179],[-1.355,51.8123],[-1.3659,51.8086],[-1.3652,51.796],[-1.3797,51.7996],[-1.4034,51.7971],[-1.4062,51.8009],[-1.4125,51.8012],[-1.411,51.8089],[-1.4184,51.8209],[-1.4166,51.8299],[-1.4111,51.8296],[-1.4029,51.8334],[-1.3935,51.83],[-1.379,51.8325]]]}},{"type":"Feature","properties":{"cd":"E05010937","nm":"Halewood South"},"geometry":{"type":"Polygon","coordinates":[[[-2.7848,53.3607],[-2.7873,53.3563],[-2.8091,53.3551],[-2.8188,53.348],[-2.8404,53.3473],[-2.8463,53.354],[-2.8521,53.3612],[-2.8307,53.3644],[-2.8352,53.3652],[-2.8317,53.3689],[-2.8225,53.3722],[-2.7848,53.3607]]]}},{"type":"Feature","properties":{"cd":"E05015651","nm":"Blackmore & Doddinghurst"},"geometry":{"type":"Polygon","coordinates":[[[0.345,51.6955],[0.3281,51.6932],[0.3234,51.6878],[0.3325,51.6788],[0.3329,51.67],[0.3437,51.6722],[0.3459,51.6692],[0.3298,51.6668],[0.332,51.6638],[0.3271,51.6568],[0.3122,51.6537],[0.3108,51.6455],[0.2966,51.648],[0.2979,51.6451],[0.2935,51.643],[0.2717,51.6554],[0.2747,51.6577],[0.2845,51.6564],[0.2895,51.6635],[0.2831,51.6699],[0.3021,51.681],[0.3075,51.6943],[0.3238,51.7098],[0.3231,51.7142],[0.334,51.717],[0.345,51.6955]]]}},{"type":"Feature","properties":{"cd":"E05015652","nm":"Brentwood North"},"geometry":{"type":"Polygon","coordinates":[[[0.3099,51.6231],[0.3001,51.6228],[0.2974,51.6198],[0.2854,51.6229],[0.2899,51.6294],[0.3033,51.634],[0.3104,51.6282],[0.3099,51.6231]]]}},{"type":"Feature","properties":{"cd":"E05015586","nm":"Hayling East"},"geometry":{"type":"Polygon","coordinates":[[[-0.9555,50.7937],[-0.9627,50.7895],[-0.9679,50.7901],[-0.9673,50.7872],[-0.9576,50.7898],[-0.9513,50.7869],[-0.9512,50.7842],[-0.9614,50.7822],[-0.9493,50.7831],[-0.9432,50.7867],[-0.937,50.7825],[-0.9368,50.7868],[-0.9365,50.7782],[-0.9465,50.7771],[-0.9787,50.7826],[-0.9831,50.7829],[-0.9779,50.7876],[-0.977,50.7999],[-0.9729,50.8018],[-0.9688,50.8025],[-0.9581,50.8044],[-0.9571,50.8038],[-0.9531,50.8009],[-0.9571,50.7991],[-0.9564,50.797],[-0.9562,50.796],[-0.9558,50.7949],[-0.9555,50.7937]]]}},{"type":"Feature","properties":{"cd":"E05015589","nm":"Leigh Park Hermitage"},"geometry":{"type":"Polygon","coordinates":[[[-0.9716,50.8779],[-0.9737,50.8738],[-0.9815,50.8731],[-0.9942,50.8642],[-1.0166,50.8644],[-1.0134,50.8756],[-1.012,50.8777],[-0.9988,50.8954],[-0.9787,50.8783],[-0.9716,50.8779]]]}},{"type":"Feature","properties":{"cd":"E05008992","nm":"Empress"},"geometry":{"type":"Polygon","coordinates":[[[-0.7457,51.31],[-0.7394,51.2989],[-0.7532,51.2942],[-0.7526,51.285],[-0.7562,51.2842],[-0.7712,51.2838],[-0.7649,51.2894],[-0.7676,51.2922],[-0.7642,51.2961],[-0.7596,51.3029],[-0.7512,51.3046],[-0.7464,51.3106],[-0.7457,51.31]]]}},{"type":"Feature","properties":{"cd":"E05008993","nm":"Fernhill"},"geometry":{"type":"Polygon","coordinates":[[[-0.7642,51.3176],[-0.7654,51.3132],[-0.7832,51.305],[-0.7971,51.3024],[-0.7966,51.3047],[-0.7914,51.3035],[-0.7891,51.3067],[-0.793,51.3081],[-0.7787,51.3175],[-0.7733,51.3168],[-0.7678,51.3201],[-0.7642,51.3176]]]}},{"type":"Feature","properties":{"cd":"E05008995","nm":"Manor Park"},"geometry":{"type":"Polygon","coordinates":[[[-0.7524,51.2447],[-0.7522,51.2369],[-0.7587,51.2339],[-0.7676,51.2361],[-0.7677,51.2361],[-0.7643,51.2434],[-0.7676,51.2485],[-0.7514,51.2488],[-0.7524,51.2447]]]}},{"type":"Feature","properties":{"cd":"E05008999","nm":"St Mark's"},"geometry":{"type":"Polygon","coordinates":[[[-0.7712,51.2838],[-0.7562,51.2842],[-0.7539,51.28],[-0.7333,51.2818],[-0.7311,51.2803],[-0.7316,51.2668],[-0.7564,51.2614],[-0.773,51.2628],[-0.7836,51.2691],[-0.7986,51.2689],[-0.8034,51.2722],[-0.8075,51.2753],[-0.7903,51.2822],[-0.7791,51.285],[-0.7712,51.2838]]]}},{"type":"Feature","properties":{"cd":"E05009000","nm":"Wellington"},"geometry":{"type":"Polygon","coordinates":[[[-0.7316,51.2668],[-0.7333,51.2597],[-0.7514,51.2488],[-0.7676,51.2485],[-0.7784,51.2506],[-0.7869,51.2419],[-0.8017,51.239],[-0.8047,51.2451],[-0.8047,51.2694],[-0.8034,51.2722],[-0.7986,51.2689],[-0.7836,51.2691],[-0.773,51.2628],[-0.7564,51.2614],[-0.7316,51.2668]]]}},{"type":"Feature","properties":{"cd":"E05015496","nm":"Freemantle"},"geometry":{"type":"Polygon","coordinates":[[[-1.4154,50.9189],[-1.4154,50.9149],[-1.4231,50.9143],[-1.4154,50.9079],[-1.4178,50.9009],[-1.4182,50.901],[-1.4325,50.9055],[-1.4404,50.9079],[-1.441,50.9081],[-1.441,50.9081],[-1.4438,50.9122],[-1.4373,50.9129],[-1.4387,50.9182],[-1.434,50.9227],[-1.4273,50.9175],[-1.422,50.9214],[-1.4154,50.9189]]]}},{"type":"Feature","properties":{"cd":"E05013577","nm":"Ruislip"},"geometry":{"type":"Polygon","coordinates":[[[-0.4203,51.5959],[-0.4148,51.5899],[-0.4185,51.5881],[-0.4094,51.5834],[-0.408,51.5748],[-0.4311,51.5676],[-0.4523,51.5732],[-0.4422,51.5754],[-0.4428,51.5796],[-0.4595,51.5812],[-0.4643,51.5888],[-0.4628,51.5955],[-0.4537,51.5908],[-0.453,51.5947],[-0.444,51.5973],[-0.4461,51.6003],[-0.4324,51.6024],[-0.4263,51.5967],[-0.4203,51.5959]]]}},{"type":"Feature","properties":{"cd":"E05011396","nm":"Harewood"},"geometry":{"type":"Polygon","coordinates":[[[-1.4067,53.9278],[-1.3953,53.9262],[-1.3992,53.9149],[-1.3896,53.9143],[-1.3865,53.9125],[-1.3904,53.9081],[-1.3757,53.9036],[-1.3887,53.8931],[-1.3901,53.8843],[-1.3694,53.8769],[-1.385,53.8763],[-1.387,53.8671],[-1.3682,53.8627],[-1.363,53.86],[-1.3678,53.8577],[-1.3602,53.861],[-1.353,53.8568],[-1.3384,53.8517],[-1.3421,53.8452],[-1.3266,53.8404],[-1.3252,53.8353],[-1.3361,53.8336],[-1.3097,53.8229],[-1.3104,53.8199],[-1.3036,53.8165],[-1.3124,53.8144],[-1.3149,53.8096],[-1.3312,53.8126],[-1.3448,53.8085],[-1.3571,53.8089],[-1.3627,53.8048],[-1.3832,53.8048],[-1.3911,53.7995],[-1.4013,53.7998],[-1.4028,53.8016],[-1.4026,53.8081],[-1.4071,53.8099],[-1.3974,53.8138],[-1.4002,53.8197],[-1.4218,53.8175],[-1.4324,53.8261],[-1.4362,53.8247],[-1.4433,53.831],[-1.4462,53.8297],[-1.4499,53.8399],[-1.4613,53.8404],[-1.4613,53.8437],[-1.4803,53.8425],[-1.5004,53.8483],[-1.4973,53.8663],[-1.5606,53.889],[-1.5579,53.9031],[-1.5526,53.903],[-1.5494,53.9107],[-1.5286,53.9087],[-1.4947,53.9153],[-1.486,53.9109],[-1.4674,53.9108],[-1.4634,53.9059],[-1.4512,53.9071],[-1.4405,53.9139],[-1.4324,53.9112],[-1.4336,53.9264],[-1.4302,53.9287],[-1.4067,53.9278]]]}},{"type":"Feature","properties":{"cd":"E05010838","nm":"Rural North"},"geometry":{"type":"Polygon","coordinates":[[[1.0013,51.9634],[1.0116,51.9551],[1.0247,51.9549],[1.0228,51.9465],[1.0057,51.9356],[0.9855,51.9397],[0.9693,51.9397],[0.9492,51.935],[0.9353,51.9225],[0.9295,51.9263],[0.9118,51.929],[0.8897,51.9264],[0.8905,51.9222],[0.872,51.9172],[0.8582,51.9212],[0.8499,51.9304],[0.8424,51.9301],[0.8254,51.9376],[0.8198,51.9276],[0.8205,51.9159],[0.813,51.9161],[0.817,51.9132],[0.8041,51.9088],[0.7984,51.9104],[0.7951,51.9072],[0.7914,51.9096],[0.7825,51.9084],[0.7722,51.9132],[0.7697,51.9049],[0.7586,51.9058],[0.7602,51.8956],[0.7546,51.8934],[0.7628,51.8889],[0.7561,51.8875],[0.7549,51.8899],[0.7451,51.886],[0.7396,51.8771],[0.7407,51.8706],[0.7366,51.8717],[0.7305,51.8676],[0.7176,51.8705],[0.7235,51.8739],[0.7182,51.8779],[0.7228,51.8788],[0.7119,51.8865],[0.7106,51.8952],[0.7001,51.8997],[0.6997,51.9035],[0.7226,51.9036],[0.7291,51.908],[0.7222,51.9102],[0.7401,51.9316],[0.7403,51.94],[0.7469,51.9454],[0.7497,51.9548],[0.764,51.9543],[0.7685,51.9619],[0.7776,51.9599],[0.7815,51.9665],[0.7851,51.9675],[0.7872,51.9631],[0.8109,51.9607],[0.8153,51.9671],[0.8247,51.9685],[0.8502,51.9608],[0.8669,51.9692],[0.8776,51.9665],[0.8866,51.9684],[0.8897,51.9734],[0.9252,51.9762],[0.9294,51.9714],[0.9429,51.9707],[0.9619,51.9769],[0.9713,51.9698],[0.971,51.9624],[1.0013,51.9634]]]}},{"type":"Feature","properties":{"cd":"E05013392","nm":"Shanklin Central"},"geometry":{"type":"Polygon","coordinates":[[[-1.169,50.6368],[-1.1707,50.6313],[-1.1707,50.6313],[-1.1855,50.6313],[-1.1889,50.6282],[-1.2023,50.63],[-1.197,50.6366],[-1.1875,50.633],[-1.1832,50.6375],[-1.169,50.6368]]]}},{"type":"Feature","properties":{"cd":"E05013393","nm":"Shanklin South"},"geometry":{"type":"Polygon","coordinates":[[[-1.1752,50.6068],[-1.1888,50.607],[-1.2011,50.6217],[-1.205,50.6202],[-1.2119,50.6228],[-1.2131,50.6303],[-1.2023,50.63],[-1.1889,50.6282],[-1.1855,50.6313],[-1.1707,50.6313],[-1.1734,50.6168],[-1.1752,50.6068],[-1.1752,50.6068]]]}},{"type":"Feature","properties":{"cd":"E05015726","nm":"Chigwell with Lambourne"},"geometry":{"type":"Polygon","coordinates":[[[0.1511,51.6232],[0.1382,51.6235],[0.1193,51.6154],[0.1167,51.6169],[0.1038,51.6126],[0.0981,51.6154],[0.0959,51.6191],[0.0842,51.6158],[0.077,51.6174],[0.0801,51.6109],[0.0702,51.6091],[0.0686,51.6131],[0.0587,51.6091],[0.048,51.6133],[0.0537,51.6183],[0.051,51.623],[0.0592,51.6245],[0.0598,51.6312],[0.0677,51.6336],[0.0716,51.6393],[0.0843,51.6405],[0.102,51.6529],[0.1057,51.649],[0.1099,51.6518],[0.1201,51.652],[0.1265,51.6582],[0.1513,51.6577],[0.1608,51.6611],[0.1481,51.6352],[0.1511,51.6232]]]}},{"type":"Feature","properties":{"cd":"E05015497","nm":"Harefield"},"geometry":{"type":"Polygon","coordinates":[[[-1.3535,50.9265],[-1.3395,50.9237],[-1.3298,50.9149],[-1.3508,50.9146],[-1.3541,50.9124],[-1.3561,50.9135],[-1.3665,50.9161],[-1.3635,50.9208],[-1.3668,50.9242],[-1.3609,50.9244],[-1.358,50.9281],[-1.3535,50.9265]]]}},{"type":"Feature","properties":{"cd":"E05008994","nm":"Knellwood"},"geometry":{"type":"Polygon","coordinates":[[[-0.7333,51.2818],[-0.7539,51.28],[-0.7562,51.2842],[-0.7526,51.285],[-0.7532,51.2942],[-0.7394,51.2989],[-0.7333,51.2818]]]}},{"type":"Feature","properties":{"cd":"E05008998","nm":"St John's"},"geometry":{"type":"Polygon","coordinates":[[[-0.7761,51.2952],[-0.8029,51.293],[-0.7969,51.2977],[-0.7971,51.3024],[-0.7832,51.305],[-0.7761,51.2952]]]}},{"type":"Feature","properties":{"cd":"E58000545","nm":"Catherington"},"geometry":{"type":"Polygon","coordinates":[[[-1.0016,50.9355],[-1.0089,50.9247],[-1.0062,50.919],[-1.0176,50.9104],[-1.0187,50.9091],[-1.0245,50.9095],[-1.0239,50.9062],[-1.0341,50.9042],[-1.0485,50.9025],[-1.0448,50.9163],[-1.0364,50.922],[-1.0394,50.9278],[-1.0366,50.9317],[-1.038,50.9454],[-1.0159,50.9436],[-1.0174,50.94],[-1.0121,50.9408],[-1.0016,50.9355]]]}},{"type":"Feature","properties":{"cd":"E05013795","nm":"Harrow Road"},"geometry":{"type":"Polygon","coordinates":[[[-0.1973,51.5279],[-0.1974,51.5252],[-0.1903,51.5249],[-0.1898,51.5247],[-0.2016,51.5227],[-0.2073,51.5262],[-0.2014,51.5286],[-0.2031,51.5329],[-0.203,51.5329],[-0.1973,51.5279]]]}},{"type":"Feature","properties":{"cd":"E58000556","nm":"Fareham Titchfield"},"geometry":{"type":"Polygon","coordinates":[[[-1.2366,50.8638],[-1.229,50.8612],[-1.2191,50.8587],[-1.2205,50.8535],[-1.2059,50.8522],[-1.2275,50.8515],[-1.2286,50.8455],[-1.2237,50.8448],[-1.2196,50.8415],[-1.2217,50.8336],[-1.2342,50.8333],[-1.2435,50.8189],[-1.2432,50.8182],[-1.2462,50.8173],[-1.2669,50.8272],[-1.253,50.8478],[-1.2573,50.8575],[-1.2524,50.861],[-1.2547,50.8696],[-1.2535,50.8724],[-1.2366,50.8638]]]}},{"type":"Feature","properties":{"cd":"E05015504","nm":"Swaythling"},"geometry":{"type":"Polygon","coordinates":[[[-1.3574,50.9424],[-1.3806,50.9324],[-1.3808,50.9322],[-1.3808,50.9324],[-1.3808,50.9322],[-1.3858,50.9284],[-1.3951,50.9322],[-1.3933,50.9383],[-1.3878,50.9386],[-1.3925,50.9408],[-1.3908,50.9465],[-1.3799,50.9475],[-1.3669,50.9469],[-1.3574,50.9424]]]}},{"type":"Feature","properties":{"cd":"E05015733","nm":"Loughton St John's"},"geometry":{"type":"Polygon","coordinates":[[[0.0891,51.6656],[0.0756,51.6571],[0.0688,51.6575],[0.0806,51.6473],[0.0669,51.648],[0.0572,51.6495],[0.0574,51.6516],[0.0477,51.6501],[0.0393,51.6557],[0.0447,51.6658],[0.0681,51.677],[0.0891,51.6656]]]}},{"type":"Feature","properties":{"cd":"E05008990","nm":"Cherrywood"},"geometry":{"type":"Polygon","coordinates":[[[-0.7583,51.3159],[-0.7464,51.3106],[-0.7512,51.3046],[-0.7596,51.3029],[-0.7722,51.3064],[-0.7654,51.3132],[-0.7642,51.3176],[-0.7629,51.3187],[-0.7583,51.3159]]]}},{"type":"Feature","properties":{"cd":"GAT:windy-nook-and-whitehills","nm":"Windy Nook & Whitehills"},"geometry":{"type":"Polygon","coordinates":[[[-1.5609,54.9453],[-1.548,54.9411],[-1.5431,54.9314],[-1.5533,54.9277],[-1.5567,54.93],[-1.5624,54.9337],[-1.5717,54.9335],[-1.5834,54.9413],[-1.5782,54.9466],[-1.5609,54.9453]]]}},{"type":"Feature","properties":{"cd":"E05008997","nm":"Rowhill"},"geometry":{"type":"Polygon","coordinates":[[[-0.7676,51.2485],[-0.7643,51.2434],[-0.7677,51.2361],[-0.7759,51.2419],[-0.7869,51.2419],[-0.7784,51.2506],[-0.7676,51.2485]]]}},{"type":"Feature","properties":{"cd":"E05014664","nm":"Waterhead"},"geometry":{"type":"Polygon","coordinates":[[[-2.0679,53.5583],[-2.073,53.5484],[-2.0727,53.5431],[-2.0801,53.5374],[-2.0919,53.5418],[-2.0923,53.5462],[-2.0777,53.5606],[-2.0679,53.5583]]]}},{"type":"Feature","properties":{"cd":"E05014041","nm":"Littleborough Lakeside"},"geometry":{"type":"Polygon","coordinates":[[[-2.0507,53.6795],[-2.0549,53.6757],[-2.0529,53.6703],[-2.0357,53.6593],[-2.0416,53.6425],[-2.03,53.6362],[-2.0309,53.6292],[-2.0509,53.6248],[-2.0753,53.6242],[-2.088,53.6163],[-2.0894,53.6217],[-2.1079,53.6229],[-2.1181,53.6267],[-2.1232,53.6232],[-2.117,53.6307],[-2.1036,53.6394],[-2.1017,53.6424],[-2.1071,53.642],[-2.1003,53.6492],[-2.1147,53.6583],[-2.1141,53.6711],[-2.0873,53.6708],[-2.0831,53.6781],[-2.0733,53.6775],[-2.0567,53.6831],[-2.0512,53.6837],[-2.0507,53.6795]]]}},{"type":"Feature","properties":{"cd":"E05010832","nm":"Marks Tey & Layer"},"geometry":{"type":"Polygon","coordinates":[[[0.8668,51.8526],[0.8812,51.848],[0.8887,51.8462],[0.8861,51.8407],[0.8804,51.841],[0.8778,51.8299],[0.8681,51.8247],[0.8711,51.8215],[0.8614,51.8178],[0.87,51.8056],[0.8903,51.7984],[0.89,51.7931],[0.8947,51.7898],[0.8934,51.7744],[0.8785,51.7857],[0.8712,51.7843],[0.8722,51.7832],[0.8562,51.7874],[0.8596,51.7858],[0.8515,51.7863],[0.8416,51.7823],[0.8375,51.7842],[0.8433,51.7808],[0.8526,51.7828],[0.8402,51.7793],[0.8039,51.7897],[0.8057,51.7919],[0.8159,51.7892],[0.8081,51.7933],[0.8119,51.7991],[0.7791,51.8116],[0.7623,51.823],[0.755,51.8222],[0.75,51.8275],[0.7413,51.8225],[0.733,51.8242],[0.7203,51.8173],[0.7108,51.8173],[0.7089,51.8189],[0.7213,51.8302],[0.7119,51.8346],[0.7332,51.842],[0.7383,51.8379],[0.7416,51.8413],[0.7331,51.8485],[0.7503,51.8536],[0.7459,51.8597],[0.7529,51.8631],[0.7407,51.8706],[0.7396,51.8771],[0.7451,51.886],[0.7549,51.8899],[0.7561,51.8875],[0.7573,51.8795],[0.7635,51.8823],[0.7696,51.8808],[0.7733,51.886],[0.7921,51.8836],[0.8233,51.8914],[0.8257,51.8853],[0.8356,51.8833],[0.8337,51.8798],[0.8175,51.8791],[0.8201,51.8729],[0.8132,51.8705],[0.8196,51.8625],[0.8467,51.8548],[0.8668,51.8526]]]}},{"type":"Feature","properties":{"cd":"NET:west-fenham","nm":"West Fenham"},"geometry":{"type":"Polygon","coordinates":[[[-1.6583,54.9897],[-1.6636,54.9851],[-1.6572,54.9762],[-1.6587,54.9764],[-1.6936,54.985],[-1.6808,54.9953],[-1.6733,54.9902],[-1.6583,54.9897]]]}},{"type":"Feature","properties":{"cd":"NET:wingrove","nm":"Wingrove"},"geometry":{"type":"Polygon","coordinates":[[[-1.6147,54.9899],[-1.6126,54.9829],[-1.6252,54.9832],[-1.6339,54.98],[-1.6412,54.9826],[-1.6439,54.974],[-1.6572,54.9762],[-1.6636,54.9851],[-1.6583,54.9897],[-1.6386,54.9887],[-1.6286,54.9951],[-1.6164,54.9954],[-1.6147,54.9899]]]}},{"type":"Feature","properties":{"cd":"E05013053","nm":"Cherry Hinton"},"geometry":{"type":"Polygon","coordinates":[[[0.1813,52.1695],[0.1637,52.1723],[0.1677,52.181],[0.1594,52.1843],[0.1648,52.1915],[0.1674,52.1892],[0.1702,52.1919],[0.1629,52.1952],[0.1607,52.1997],[0.1676,52.1972],[0.1789,52.2014],[0.1846,52.1915],[0.181,52.1879],[0.1813,52.1695]]]}},{"type":"Feature","properties":{"cd":"E05014151","nm":"Rowner & Holbrook"},"geometry":{"type":"Polygon","coordinates":[[[-1.1571,50.8133],[-1.1628,50.8099],[-1.1818,50.8102],[-1.187,50.8114],[-1.1788,50.8143],[-1.1863,50.8196],[-1.1738,50.8135],[-1.1733,50.8206],[-1.1636,50.8214],[-1.1571,50.8133]]]}},{"type":"Feature","properties":{"cd":"E05011186","nm":"Yardley West & Stechford"},"geometry":{"type":"Polygon","coordinates":[[[-1.8099,52.485],[-1.8066,52.4741],[-1.81,52.4668],[-1.8202,52.4678],[-1.8275,52.4697],[-1.8275,52.4697],[-1.8215,52.4738],[-1.8172,52.4854],[-1.8099,52.485]]]}},{"type":"Feature","properties":{"cd":"E05009429","nm":"Dickinsons"},"geometry":{"type":"Polygon","coordinates":[[[-0.4248,51.6543],[-0.4266,51.6521],[-0.4304,51.6485],[-0.426,51.6454],[-0.4288,51.6413],[-0.445,51.6383],[-0.4607,51.6413],[-0.4668,51.6506],[-0.4632,51.6579],[-0.4494,51.6589],[-0.4529,51.6503],[-0.4413,51.6474],[-0.4248,51.6543]]]}},{"type":"Feature","properties":{"cd":"E05010871","nm":"Graves Park"},"geometry":{"type":"Polygon","coordinates":[[[-1.4431,53.3376],[-1.4421,53.3374],[-1.4617,53.3284],[-1.4631,53.3305],[-1.4735,53.3267],[-1.4885,53.3433],[-1.495,53.3449],[-1.4879,53.3499],[-1.4834,53.354],[-1.4777,53.3499],[-1.4583,53.3512],[-1.4538,53.3423],[-1.459,53.3398],[-1.4431,53.3376]]]}},{"type":"Feature","properties":{"cd":"E05015011","nm":"Wigan West"},"geometry":{"type":"Polygon","coordinates":[[[-2.6402,53.5665],[-2.6376,53.5456],[-2.6618,53.5543],[-2.6755,53.5569],[-2.6731,53.56],[-2.6648,53.5575],[-2.6641,53.5604],[-2.6527,53.5637],[-2.6538,53.5675],[-2.6402,53.5665]]]}},{"type":"Feature","properties":{"cd":"E05015865","nm":"Backworth & Holystone"},"geometry":{"type":"Polygon","coordinates":[[[-1.5073,55.0484],[-1.5056,55.0409],[-1.518,55.0405],[-1.5242,55.0367],[-1.5166,55.0224],[-1.5326,55.0202],[-1.5366,55.0221],[-1.5742,55.0278],[-1.5712,55.0314],[-1.5499,55.0318],[-1.5437,55.0399],[-1.5515,55.0457],[-1.5598,55.0545],[-1.5475,55.0567],[-1.5399,55.0616],[-1.5324,55.0541],[-1.5103,55.0551],[-1.5073,55.0484]]]}},{"type":"Feature","properties":{"cd":"E05015738","nm":"Theydon Bois with Passingford"},"geometry":{"type":"Polygon","coordinates":[[[0.2041,51.709],[0.1984,51.7113],[0.1899,51.7049],[0.2278,51.6998],[0.2458,51.6881],[0.2402,51.6828],[0.2322,51.6834],[0.239,51.6741],[0.215,51.6749],[0.2133,51.6655],[0.2068,51.6645],[0.2082,51.661],[0.1909,51.6598],[0.193,51.6531],[0.1757,51.6558],[0.1946,51.641],[0.2003,51.6249],[0.1812,51.6258],[0.1689,51.6214],[0.1511,51.6232],[0.1481,51.6352],[0.1608,51.6611],[0.1513,51.6577],[0.1265,51.6582],[0.1201,51.652],[0.1099,51.6518],[0.1057,51.649],[0.102,51.6529],[0.1001,51.6547],[0.0891,51.6656],[0.0681,51.677],[0.0809,51.6815],[0.0932,51.682],[0.0965,51.6891],[0.125,51.6795],[0.1356,51.6888],[0.132,51.6954],[0.14,51.7055],[0.1356,51.7072],[0.1783,51.7112],[0.1791,51.7134],[0.1956,51.713],[0.2055,51.7165],[0.2041,51.709]]]}},{"type":"Feature","properties":{"cd":"E05010856","nm":"Wheatley"},"geometry":{"type":"Polygon","coordinates":[[[0.6107,51.5826],[0.6084,51.5761],[0.5986,51.5769],[0.5659,51.5882],[0.5637,51.5916],[0.5801,51.5892],[0.595,51.5882],[0.606,51.5928],[0.6169,51.5877],[0.6077,51.584],[0.6107,51.5826]]]}},{"type":"Feature","properties":{"cd":"E58000569","nm":"Lee"},"geometry":{"type":"Polygon","coordinates":[[[-1.1818,50.8102],[-1.1704,50.7918],[-1.1725,50.7914],[-1.1965,50.7975],[-1.1978,50.8077],[-1.1939,50.811],[-1.187,50.8114],[-1.1818,50.8102]]]}},{"type":"Feature","properties":{"cd":"SWD:penhill-and-pinehurst","nm":"Penhill & Pinehurst"},"geometry":{"type":"Polygon","coordinates":[[[-1.7613,51.5788],[-1.7615,51.5721],[-1.7824,51.5666],[-1.7887,51.5778],[-1.7866,51.5835],[-1.7862,51.5877],[-1.77,51.5879],[-1.7715,51.5858],[-1.7613,51.5788]]]}},{"type":"Feature","properties":{"cd":"E05002227","nm":"West Leigh"},"geometry":{"type":"MultiPolygon","coordinates":[[[[0.6399,51.5335],[0.6267,51.5322],[0.6255,51.5324],[0.6251,51.5366],[0.6401,51.5379],[0.6403,51.5379],[0.6403,51.5379],[0.64,51.5335],[0.6399,51.5335]]],[[[0.6406,51.5416],[0.6405,51.5401],[0.6405,51.5401],[0.6402,51.5402],[0.6272,51.538],[0.625,51.5377],[0.6242,51.5477],[0.6317,51.5576],[0.6338,51.554],[0.6485,51.5485],[0.649,51.5427],[0.6406,51.5416]]]]}},{"type":"Feature","properties":{"cd":"E05015795","nm":"Spencers Wood & Swallowfield"},"geometry":{"type":"Polygon","coordinates":[[[-0.9711,51.4101],[-0.9592,51.4024],[-0.9583,51.3975],[-0.9415,51.3948],[-0.9292,51.3866],[-0.9086,51.3818],[-0.9054,51.3784],[-0.9177,51.3646],[-0.936,51.3663],[-0.9392,51.3632],[-0.9867,51.3599],[-0.9861,51.3628],[-0.9918,51.3667],[-0.9817,51.3757],[-1.0119,51.3929],[-0.9991,51.4123],[-1.0013,51.4263],[-0.9963,51.4196],[-0.9814,51.4206],[-0.9797,51.4129],[-0.9711,51.4101]]]}},{"type":"Feature","properties":{"cd":"E05015800","nm":"Wokingham Without"},"geometry":{"type":"Polygon","coordinates":[[[-0.7968,51.394],[-0.7931,51.3846],[-0.7888,51.3718],[-0.8136,51.3703],[-0.8221,51.3662],[-0.8327,51.3904],[-0.8366,51.399],[-0.829,51.3999],[-0.8329,51.4032],[-0.8018,51.4075],[-0.7968,51.394]]]}},{"type":"Feature","properties":{"cd":"SFT:thornton-and-hightown","nm":"Thornton & Hightown"},"geometry":{"type":"Polygon","coordinates":[[[-1.8441,52.9072],[-1.836,52.9041],[-1.8299,52.8964],[-1.8342,52.8955],[-1.833,52.8874],[-1.8414,52.8837],[-1.8732,52.8826],[-1.9053,52.8864],[-1.9068,52.8908],[-1.9012,52.8924],[-1.8796,52.8964],[-1.8776,52.9001],[-1.8659,52.9],[-1.8668,52.9031],[-1.853,52.9074],[-1.8441,52.9072]]]}},{"type":"Feature","properties":{"cd":"KIR:dalton","nm":"Dalton"},"geometry":{"type":"Polygon","coordinates":[[[-1.7055,53.6566],[-1.7102,53.6477],[-1.7265,53.6516],[-1.7335,53.6502],[-1.7341,53.6453],[-1.7574,53.6457],[-1.7642,53.6431],[-1.7757,53.6448],[-1.7828,53.6512],[-1.7752,53.6596],[-1.7467,53.668],[-1.7314,53.6804],[-1.7272,53.6828],[-1.7243,53.6845],[-1.7056,53.6767],[-1.7174,53.6633],[-1.7055,53.6566]]]}},{"type":"Feature","properties":{"cd":"GAT:saltwell","nm":"Saltwell"},"geometry":{"type":"Polygon","coordinates":[[[-1.5997,54.9541],[-1.5996,54.9434],[-1.5996,54.9399],[-1.6106,54.9369],[-1.6174,54.9492],[-1.6077,54.9545],[-1.5997,54.9541]]]}},{"type":"Feature","properties":{"cd":"GAT:whickham-north-and-swalwell","nm":"Whickham North & Swalwell"},"geometry":{"type":"Polygon","coordinates":[[[-1.6626,54.9532],[-1.6707,54.9498],[-1.6781,54.9511],[-1.6766,54.9361],[-1.688,54.936],[-1.6878,54.941],[-1.6922,54.9393],[-1.6994,54.9475],[-1.6798,54.9634],[-1.6598,54.9584],[-1.6626,54.9532]]]}},{"type":"Feature","properties":{"cd":"E05015866","nm":"Battle Hill"},"geometry":{"type":"Polygon","coordinates":[[[-1.5033,55.0127],[-1.4978,55.0091],[-1.5089,55.0069],[-1.5305,55.0025],[-1.536,55.0019],[-1.5412,55.0053],[-1.5403,55.0149],[-1.5483,55.015],[-1.5366,55.0221],[-1.5326,55.0202],[-1.5166,55.0224],[-1.5033,55.0127]]]}},{"type":"Feature","properties":{"cd":"E05010879","nm":"Southey"},"geometry":{"type":"Polygon","coordinates":[[[-1.4658,53.4283],[-1.4787,53.4279],[-1.4837,53.4138],[-1.4773,53.4115],[-1.485,53.4091],[-1.4912,53.4105],[-1.5,53.4195],[-1.5193,53.4256],[-1.5064,53.4311],[-1.4989,53.4295],[-1.4974,53.4334],[-1.4908,53.4338],[-1.4925,53.4366],[-1.4857,53.4368],[-1.4749,53.4374],[-1.4711,53.4304],[-1.4642,53.4305],[-1.4658,53.4283]]]}},{"type":"Feature","properties":{"cd":"E05014039","nm":"Hopwood Hall"},"geometry":{"type":"Polygon","coordinates":[[[-2.198,53.5869],[-2.1976,53.5809],[-2.2024,53.5786],[-2.1997,53.5732],[-2.1905,53.5734],[-2.1789,53.5694],[-2.1952,53.5579],[-2.203,53.5608],[-2.2063,53.5731],[-2.2125,53.5739],[-2.2427,53.5616],[-2.2481,53.5632],[-2.2433,53.5717],[-2.2507,53.5784],[-2.2403,53.5803],[-2.2288,53.5871],[-2.2095,53.5894],[-2.198,53.5869]]]}},{"type":"Feature","properties":{"cd":"E05014037","nm":"East Middleton"},"geometry":{"type":"Polygon","coordinates":[[[-2.1732,53.5416],[-2.186,53.5291],[-2.1939,53.5316],[-2.1872,53.534],[-2.1859,53.5406],[-2.2001,53.5435],[-2.1949,53.5483],[-2.1718,53.5514],[-2.1694,53.5462],[-2.1732,53.5416]]]}},{"type":"Feature","properties":{"cd":"E05014040","nm":"Kingsway"},"geometry":{"type":"Polygon","coordinates":[[[-2.119,53.6102],[-2.1208,53.5985],[-2.112,53.5962],[-2.1127,53.5928],[-2.1241,53.5891],[-2.1333,53.5913],[-2.1388,53.5996],[-2.1455,53.5985],[-2.1476,53.6076],[-2.1503,53.6115],[-2.1334,53.6182],[-2.1272,53.6163],[-2.1297,53.6123],[-2.119,53.6102]]]}},{"type":"Feature","properties":{"cd":"E05014042","nm":"Milkstone & Deeplish"},"geometry":{"type":"Polygon","coordinates":[[[-2.1503,53.6115],[-2.1476,53.6076],[-2.1659,53.6001],[-2.1732,53.6036],[-2.1656,53.6074],[-2.1736,53.6083],[-2.1735,53.6118],[-2.1663,53.6144],[-2.1629,53.6147],[-2.1638,53.6115],[-2.1503,53.6115]]]}},{"type":"Feature","properties":{"cd":"E05013681","nm":"Grange Park"},"geometry":{"type":"Polygon","coordinates":[[[-0.0796,51.6473],[-0.0759,51.6438],[-0.0806,51.6439],[-0.0934,51.633],[-0.0998,51.6363],[-0.0983,51.6399],[-0.1055,51.639],[-0.1096,51.6399],[-0.1095,51.644],[-0.1094,51.6455],[-0.0993,51.6479],[-0.0973,51.6456],[-0.0912,51.6519],[-0.0819,51.6506],[-0.0796,51.6473]]]}},{"type":"Feature","properties":{"cd":"E05013694","nm":"Upper Edmonton"},"geometry":{"type":"Polygon","coordinates":[[[-0.0717,51.6148],[-0.0463,51.6113],[-0.0353,51.613],[-0.0339,51.6095],[-0.0414,51.6056],[-0.0675,51.6086],[-0.0856,51.6085],[-0.0856,51.6085],[-0.0868,51.6159],[-0.086,51.6163],[-0.0717,51.6148]]]}},{"type":"Feature","properties":{"cd":"E05011121","nm":"Aston"},"geometry":{"type":"Polygon","coordinates":[[[-1.8656,52.5119],[-1.8624,52.5094],[-1.8783,52.5065],[-1.8861,52.4985],[-1.8962,52.5],[-1.9035,52.5085],[-1.9014,52.5163],[-1.885,52.5126],[-1.8775,52.5208],[-1.8656,52.5119]]]}},{"type":"Feature","properties":{"cd":"E05011119","nm":"Allens Cross"},"geometry":{"type":"Polygon","coordinates":[[[-1.9618,52.4212],[-1.9717,52.4163],[-1.9758,52.4079],[-1.9835,52.4095],[-1.9978,52.4097],[-1.986,52.4167],[-1.975,52.4205],[-1.9807,52.4247],[-1.9754,52.4268],[-1.9679,52.4214],[-1.9618,52.4212]]]}},{"type":"Feature","properties":{"cd":"E05011118","nm":"Acocks Green"},"geometry":{"type":"Polygon","coordinates":[[[-1.8093,52.4454],[-1.8173,52.4324],[-1.8253,52.4293],[-1.839,52.4341],[-1.8355,52.4382],[-1.831,52.4483],[-1.8345,52.4522],[-1.824,52.4571],[-1.8139,52.4547],[-1.8093,52.4454]]]}},{"type":"Feature","properties":{"cd":"SOL:kingshurst-and-smiths-wood","nm":"Kingshurst & Smith's Wood"},"geometry":{"type":"Polygon","coordinates":[[[-1.7431,52.5065],[-1.7332,52.4921],[-1.7356,52.4917],[-1.759,52.4952],[-1.7558,52.4995],[-1.7524,52.5018],[-1.7591,52.5101],[-1.7535,52.513],[-1.7431,52.5065]]]}},{"type":"Feature","properties":{"cd":"GAT:birtley-south","nm":"Birtley South"},"geometry":{"type":"Polygon","coordinates":[[[-1.5594,54.882],[-1.5799,54.8778],[-1.5807,54.8811],[-1.5876,54.8943],[-1.5861,54.8999],[-1.5704,54.8985],[-1.5628,54.9051],[-1.5582,54.9027],[-1.5561,54.8848],[-1.5594,54.882]]]}},{"type":"Feature","properties":{"cd":"GAT:high-fell","nm":"High Fell"},"geometry":{"type":"Polygon","coordinates":[[[-1.5567,54.93],[-1.5689,54.9246],[-1.5812,54.9242],[-1.5862,54.9249],[-1.5836,54.929],[-1.5891,54.9317],[-1.5929,54.9358],[-1.587,54.94],[-1.5834,54.9413],[-1.5717,54.9335],[-1.5624,54.9337],[-1.5567,54.93]]]}},{"type":"Feature","properties":{"cd":"E05010999","nm":"Colden Common & Twyford"},"geometry":{"type":"Polygon","coordinates":[[[-1.2923,51.0446],[-1.2847,51.0436],[-1.2768,51.0276],[-1.2823,51.0235],[-1.28,51.0165],[-1.2892,51.0129],[-1.298,51.0006],[-1.288,50.997],[-1.2848,50.9922],[-1.2932,50.9837],[-1.3164,50.9851],[-1.3227,50.9875],[-1.3277,50.9801],[-1.3304,50.9837],[-1.3355,50.9835],[-1.3328,50.9893],[-1.3392,50.994],[-1.3334,50.9993],[-1.3242,51.001],[-1.3304,51.0067],[-1.3253,51.0129],[-1.3279,51.0181],[-1.3195,51.0327],[-1.3198,51.0398],[-1.3156,51.0436],[-1.3018,51.0467],[-1.2923,51.0446]]]}},{"type":"Feature","properties":{"cd":"E05009007","nm":"Hoddesdon North"},"geometry":{"type":"Polygon","coordinates":[[[0.0034,51.7776],[-0.0053,51.7724],[-0.0141,51.7724],[-0.0116,51.761],[-0.0418,51.7634],[-0.0488,51.7613],[-0.0456,51.7702],[-0.023,51.7735],[-0.0181,51.7805],[0.0056,51.7801],[0.0034,51.7776]]]}},{"type":"Feature","properties":{"cd":"E05010846","nm":"Hawkwell East"},"geometry":{"type":"Polygon","coordinates":[[[0.6964,51.5982],[0.7003,51.5866],[0.6989,51.5848],[0.6858,51.6038],[0.6822,51.6074],[0.6892,51.6099],[0.6964,51.5982]]]}},{"type":"Feature","properties":{"cd":"E05010995","nm":"Alresford & Itchen Valley"},"geometry":{"type":"Polygon","coordinates":[[[-1.1318,51.1436],[-1.1298,51.1386],[-1.1121,51.1366],[-1.095,51.1403],[-1.0905,51.112],[-1.0939,51.1078],[-1.085,51.1096],[-1.0725,51.1075],[-1.0833,51.1029],[-1.0858,51.0972],[-1.1004,51.094],[-1.1081,51.0885],[-1.1071,51.0789],[-1.092,51.0676],[-1.095,51.0637],[-1.118,51.0602],[-1.1178,51.0629],[-1.1239,51.0621],[-1.1292,51.0664],[-1.1515,51.0658],[-1.1583,51.0685],[-1.1576,51.0792],[-1.1812,51.0816],[-1.1841,51.0872],[-1.1966,51.0748],[-1.2086,51.0528],[-1.2382,51.033],[-1.2448,51.0451],[-1.2534,51.0486],[-1.2496,51.0547],[-1.2619,51.0647],[-1.2763,51.0635],[-1.2801,51.0672],[-1.2784,51.0719],[-1.2891,51.0742],[-1.2977,51.0756],[-1.297,51.0868],[-1.287,51.0884],[-1.2869,51.0943],[-1.2787,51.1],[-1.2874,51.1206],[-1.2654,51.1243],[-1.2409,51.1221],[-1.234,51.1342],[-1.238,51.1415],[-1.2211,51.1438],[-1.2204,51.1478],[-1.2137,51.1429],[-1.2046,51.1417],[-1.2037,51.1502],[-1.1844,51.1443],[-1.1866,51.1382],[-1.1743,51.1335],[-1.151,51.1362],[-1.1518,51.139],[-1.1318,51.1436]]]}},{"type":"Feature","properties":{"cd":"E05013048","nm":"Throston"},"geometry":{"type":"Polygon","coordinates":[[[-1.2215,54.6991],[-1.2194,54.6934],[-1.2343,54.691],[-1.2478,54.6956],[-1.2665,54.6951],[-1.2654,54.6997],[-1.23,54.7009],[-1.2215,54.6991]]]}},{"type":"Feature","properties":{"cd":"E05013038","nm":"Burn Valley"},"geometry":{"type":"Polygon","coordinates":[[[-1.1997,54.6796],[-1.1997,54.6688],[-1.2098,54.671],[-1.2109,54.6761],[-1.2154,54.6755],[-1.2164,54.6782],[-1.2255,54.6764],[-1.2358,54.6778],[-1.235,54.6859],[-1.2111,54.6826],[-1.2117,54.6893],[-1.2024,54.6866],[-1.1997,54.6796]]]}},{"type":"Feature","properties":{"cd":"E05013042","nm":"Hart"},"geometry":{"type":"Polygon","coordinates":[[[-1.2519,54.7196],[-1.255,54.7188],[-1.23,54.7009],[-1.2654,54.6997],[-1.2665,54.6951],[-1.2649,54.6902],[-1.2861,54.6976],[-1.2885,54.6947],[-1.2912,54.6979],[-1.3135,54.6971],[-1.3139,54.7012],[-1.3013,54.7081],[-1.3037,54.7185],[-1.2903,54.7184],[-1.2703,54.7272],[-1.2586,54.7261],[-1.2519,54.7196]]]}},{"type":"Feature","properties":{"cd":"E05013039","nm":"De Bruce"},"geometry":{"type":"MultiPolygon","coordinates":[[[[-1.2127,54.7061],[-1.216,54.6984],[-1.2215,54.6991],[-1.23,54.7009],[-1.255,54.7188],[-1.2519,54.7196],[-1.2437,54.7226],[-1.2435,54.7225],[-1.2428,54.7223],[-1.2316,54.7177],[-1.2379,54.7151],[-1.2127,54.7061]]],[[[-1.2419,54.7227],[-1.2425,54.7224],[-1.2432,54.7226],[-1.2434,54.7227],[-1.2424,54.7231],[-1.2422,54.723],[-1.2419,54.7227]]]]}},{"type":"Feature","properties":{"cd":"E05013047","nm":"Seaton"},"geometry":{"type":"Polygon","coordinates":[[[-1.2003,54.6234],[-1.2052,54.6227],[-1.2124,54.6223],[-1.2126,54.6217],[-1.2108,54.6277],[-1.2174,54.6275],[-1.2262,54.6359],[-1.2079,54.6471],[-1.2003,54.6589],[-1.1997,54.6688],[-1.1997,54.6796],[-1.1985,54.6796],[-1.1985,54.6796],[-1.1973,54.6782],[-1.1761,54.6536],[-1.1648,54.6476],[-1.1583,54.6483],[-1.158,54.6483],[-1.1688,54.6443],[-1.1618,54.6354],[-1.1664,54.6373],[-1.1659,54.6339],[-1.1604,54.6352],[-1.1656,54.6319],[-1.1888,54.6327],[-1.2003,54.6234]]]}},{"type":"Feature","properties":{"cd":"SWD:priory-vale","nm":"Priory Vale"},"geometry":{"type":"Polygon","coordinates":[[[-1.8024,51.5995],[-1.8073,51.5942],[-1.8197,51.5902],[-1.8199,51.5852],[-1.8231,51.5835],[-1.8376,51.5872],[-1.8318,51.5967],[-1.8398,51.5999],[-1.8398,51.6071],[-1.8377,51.6043],[-1.8294,51.6048],[-1.8233,51.5994],[-1.8024,51.5995]]]}},{"type":"Feature","properties":{"cd":"E05014830","nm":"Kearsley"},"geometry":{"type":"Polygon","coordinates":[[[-2.3442,53.5456],[-2.3382,53.5336],[-2.3459,53.5375],[-2.3537,53.5351],[-2.3508,53.5297],[-2.3544,53.5262],[-2.3854,53.5315],[-2.3937,53.5365],[-2.3901,53.5398],[-2.3933,53.5486],[-2.3821,53.552],[-2.3736,53.5539],[-2.3442,53.5456]]]}},{"type":"Feature","properties":{"cd":"E05010946","nm":"Stockbridge"},"geometry":{"type":"Polygon","coordinates":[[[-2.8234,53.4274],[-2.8358,53.4231],[-2.8422,53.4255],[-2.8501,53.4243],[-2.8599,53.43],[-2.8668,53.4284],[-2.8734,53.4365],[-2.8701,53.4417],[-2.858,53.4409],[-2.8481,53.4317],[-2.8266,53.4299],[-2.8234,53.4274]]]}},{"type":"Feature","properties":{"cd":"E05011368","nm":"Hulme"},"geometry":{"type":"Polygon","coordinates":[[[-2.2352,53.472],[-2.2261,53.4643],[-2.2355,53.4616],[-2.2357,53.458],[-2.2537,53.4599],[-2.2598,53.4653],[-2.2682,53.4697],[-2.2653,53.4727],[-2.2633,53.4757],[-2.2633,53.4757],[-2.2546,53.4711],[-2.2352,53.472]]]}},{"type":"Feature","properties":{"cd":"E05011350","nm":"Ancoats & Beswick"},"geometry":{"type":"Polygon","coordinates":[[[-2.1997,53.4883],[-2.1942,53.4718],[-2.2168,53.4753],[-2.2327,53.4848],[-2.2238,53.4883],[-2.217,53.4843],[-2.205,53.4895],[-2.1997,53.4883]]]}},{"type":"Feature","properties":{"cd":"E05011353","nm":"Brooklands"},"geometry":{"type":"Polygon","coordinates":[[[-2.2689,53.4006],[-2.2879,53.4006],[-2.295,53.4037],[-2.2899,53.3932],[-2.3002,53.3922],[-2.3086,53.3989],[-2.3199,53.4116],[-2.3043,53.4099],[-2.2977,53.4084],[-2.2939,53.4136],[-2.2778,53.4155],[-2.2744,53.4099],[-2.2805,53.4123],[-2.2832,53.4078],[-2.2675,53.4068],[-2.2689,53.4006]]]}},{"type":"Feature","properties":{"cd":"E05014044","nm":"Norden"},"geometry":{"type":"Polygon","coordinates":[[[-2.2201,53.6689],[-2.2177,53.669],[-2.2071,53.6608],[-2.2052,53.6544],[-2.1896,53.648],[-2.1824,53.6483],[-2.1805,53.6405],[-2.1854,53.6382],[-2.1863,53.6363],[-2.1898,53.6343],[-2.1863,53.6283],[-2.1971,53.6242],[-2.1923,53.6221],[-2.1936,53.6191],[-2.2011,53.6213],[-2.2214,53.6184],[-2.226,53.6132],[-2.2224,53.6068],[-2.2275,53.6035],[-2.2328,53.5989],[-2.2351,53.601],[-2.2456,53.5991],[-2.251,53.6072],[-2.2594,53.6061],[-2.2666,53.6092],[-2.2718,53.6145],[-2.258,53.6165],[-2.2568,53.6204],[-2.2629,53.625],[-2.2699,53.6461],[-2.2614,53.6542],[-2.2366,53.6669],[-2.2366,53.667],[-2.2258,53.6708],[-2.2201,53.6689]]]}},{"type":"Feature","properties":{"cd":"E05014049","nm":"Spotland & Falinge"},"geometry":{"type":"Polygon","coordinates":[[[-2.1625,53.625],[-2.1594,53.6191],[-2.1629,53.6147],[-2.1663,53.6144],[-2.1778,53.6162],[-2.1852,53.613],[-2.1924,53.6161],[-2.1879,53.6205],[-2.1923,53.6221],[-2.1971,53.6242],[-2.1863,53.6283],[-2.1898,53.6343],[-2.1863,53.6363],[-2.1792,53.6312],[-2.1793,53.6262],[-2.1625,53.625]]]}},{"type":"Feature","properties":{"cd":"E05014534","nm":"Mossley"},"geometry":{"type":"Polygon","coordinates":[[[-2.0487,53.5303],[-2.0268,53.5294],[-2.0181,53.5248],[-2.0188,53.5214],[-2.0091,53.5191],[-1.9969,53.5221],[-1.9858,53.5164],[-2.0004,53.5081],[-2.0106,53.5065],[-2.0285,53.5119],[-2.0416,53.5059],[-2.0401,53.5019],[-2.0619,53.4992],[-2.0547,53.5112],[-2.0559,53.5138],[-2.0624,53.5132],[-2.0619,53.5223],[-2.0541,53.5223],[-2.0569,53.5307],[-2.0487,53.5303]]]}},{"type":"Feature","properties":{"cd":"E05014994","nm":"Atherton South & Lilford"},"geometry":{"type":"Polygon","coordinates":[[[-2.4725,53.5233],[-2.4767,53.5128],[-2.4885,53.5151],[-2.4883,53.5088],[-2.5068,53.4994],[-2.5189,53.5002],[-2.5181,53.5044],[-2.5226,53.5043],[-2.5159,53.5136],[-2.5269,53.52],[-2.5289,53.5231],[-2.5158,53.5293],[-2.5106,53.5289],[-2.5088,53.5233],[-2.5051,53.5246],[-2.5008,53.5215],[-2.4725,53.5233]]]}},{"type":"Feature","properties":{"cd":"SAW:great-bridge","nm":"Great Bridge"},"geometry":{"type":"Polygon","coordinates":[[[-2.0223,52.5304],[-2.0224,52.5242],[-2.0263,52.5243],[-2.0245,52.5214],[-2.0295,52.5183],[-2.0484,52.5242],[-2.0568,52.5337],[-2.0588,52.5361],[-2.0543,52.5392],[-2.0395,52.5425],[-2.0348,52.5411],[-2.032,52.5328],[-2.0223,52.5304]]]}},{"type":"Feature","properties":{"cd":"E05013395","nm":"Ventnor & St Lawrence"},"geometry":{"type":"Polygon","coordinates":[[[-1.1962,50.5951],[-1.2102,50.5926],[-1.2499,50.5809],[-1.2691,50.5796],[-1.2691,50.5796],[-1.2698,50.5837],[-1.2452,50.5883],[-1.2459,50.5946],[-1.2523,50.5975],[-1.2403,50.6048],[-1.24,50.6048],[-1.2301,50.5933],[-1.1941,50.5988],[-1.1988,50.5968],[-1.1962,50.5951]]]}},{"type":"Feature","properties":{"cd":"SAW:rowley","nm":"Rowley"},"geometry":{"type":"Polygon","coordinates":[[[-2.036,52.4943],[-2.0385,52.4915],[-2.0333,52.4893],[-2.04,52.4874],[-2.0403,52.4817],[-2.0449,52.4841],[-2.0577,52.4797],[-2.0755,52.4772],[-2.0705,52.4816],[-2.0643,52.4872],[-2.0703,52.4919],[-2.0627,52.4999],[-2.0578,52.4987],[-2.0553,52.5012],[-2.0454,52.4965],[-2.0381,52.4983],[-2.036,52.4943]]]}},{"type":"Feature","properties":{"cd":"SAW:langley","nm":"Langley"},"geometry":{"type":"Polygon","coordinates":[[[-2.0244,52.4962],[-2.0213,52.4932],[-2.0162,52.496],[-2.0068,52.4914],[-2.0102,52.4825],[-2.0145,52.4822],[-2.0067,52.4761],[-2.0185,52.4744],[-2.0229,52.4803],[-2.0316,52.4802],[-2.0281,52.4875],[-2.0333,52.4893],[-2.0385,52.4915],[-2.036,52.4943],[-2.0293,52.4974],[-2.0244,52.4962]]]}},{"type":"Feature","properties":{"cd":"SAW:smethwick","nm":"Smethwick"},"geometry":{"type":"Polygon","coordinates":[[[-1.9731,52.4973],[-1.9683,52.4906],[-1.972,52.4831],[-1.9784,52.4809],[-1.9899,52.4833],[-1.995,52.4912],[-1.9764,52.4986],[-1.9731,52.4973]]]}},{"type":"Feature","properties":{"cd":"E05014077","nm":"Eltham Page"},"geometry":{"type":"Polygon","coordinates":[[[0.0455,51.4641],[0.0511,51.4555],[0.0478,51.4514],[0.0322,51.4529],[0.03,51.4659],[0.0388,51.4623],[0.0455,51.4641]]]}},{"type":"Feature","properties":{"cd":"E05013986","nm":"Upminster"},"geometry":{"type":"Polygon","coordinates":[[[0.3224,51.5405],[0.2653,51.5322],[0.2666,51.523],[0.2623,51.5179],[0.2538,51.5179],[0.2509,51.5288],[0.2458,51.5235],[0.2429,51.5244],[0.231,51.525],[0.2336,51.5326],[0.2298,51.5376],[0.2164,51.5382],[0.217,51.5421],[0.2328,51.5509],[0.2395,51.5591],[0.2606,51.5592],[0.2902,51.5645],[0.313,51.5658],[0.3153,51.5578],[0.3278,51.551],[0.3339,51.5425],[0.3314,51.54],[0.3224,51.5405]]]}},{"type":"Feature","properties":{"cd":"E05013564","nm":"Belmore"},"geometry":{"type":"Polygon","coordinates":[[[-0.3834,51.5175],[-0.3834,51.5175],[-0.3904,51.5132],[-0.422,51.5229],[-0.4201,51.5298],[-0.4118,51.534],[-0.4097,51.5278],[-0.4016,51.5261],[-0.3903,51.5177],[-0.3834,51.5175]]]}},{"type":"Feature","properties":{"cd":"E05013565","nm":"Charville"},"geometry":{"type":"Polygon","coordinates":[[[-0.4168,51.5402],[-0.4194,51.5383],[-0.4118,51.5341],[-0.4118,51.534],[-0.4201,51.5298],[-0.422,51.5229],[-0.4383,51.5264],[-0.4414,51.5365],[-0.4181,51.5417],[-0.4168,51.5402]]]}},{"type":"Feature","properties":{"cd":"E05013566","nm":"Colham & Cowley"},"geometry":{"type":"Polygon","coordinates":[[[-0.4529,51.5328],[-0.4383,51.5264],[-0.4476,51.5229],[-0.4438,51.519],[-0.451,51.5157],[-0.462,51.5195],[-0.4629,51.5227],[-0.4719,51.5218],[-0.4769,51.5175],[-0.4804,51.5209],[-0.4916,51.5189],[-0.489,51.5291],[-0.4764,51.5265],[-0.4761,51.5347],[-0.4722,51.5348],[-0.4588,51.5353],[-0.4529,51.5328]]]}},{"type":"Feature","properties":{"cd":"E05013567","nm":"Eastcote"},"geometry":{"type":"Polygon","coordinates":[[[-0.3859,51.5709],[-0.4008,51.5653],[-0.408,51.5748],[-0.4094,51.5834],[-0.4185,51.5881],[-0.4148,51.5899],[-0.3956,51.5906],[-0.3859,51.5709]]]}},{"type":"Feature","properties":{"cd":"E05013568","nm":"Harefield Village"},"geometry":{"type":"Polygon","coordinates":[[[-0.4597,51.6132],[-0.4571,51.6123],[-0.4511,51.6103],[-0.4587,51.6072],[-0.4567,51.6021],[-0.4628,51.5955],[-0.4643,51.5888],[-0.4827,51.5965],[-0.4996,51.5967],[-0.5006,51.5997],[-0.4963,51.6024],[-0.4992,51.6089],[-0.4953,51.6189],[-0.5001,51.6221],[-0.5,51.6292],[-0.4971,51.6317],[-0.4597,51.6132]]]}},{"type":"Feature","properties":{"cd":"E05013569","nm":"Hayes Town"},"geometry":{"type":"Polygon","coordinates":[[[-0.4074,51.5028],[-0.424,51.5013],[-0.4428,51.5057],[-0.4502,51.5072],[-0.451,51.5157],[-0.4438,51.519],[-0.437,51.5142],[-0.4261,51.5125],[-0.4269,51.5172],[-0.4108,51.514],[-0.4109,51.5115],[-0.4042,51.5101],[-0.4074,51.5028]]]}},{"type":"Feature","properties":{"cd":"E05013571","nm":"Hillingdon East"},"geometry":{"type":"Polygon","coordinates":[[[-0.4334,51.5495],[-0.4116,51.5481],[-0.4181,51.5417],[-0.4414,51.5365],[-0.4383,51.5264],[-0.4529,51.5328],[-0.4507,51.5411],[-0.4595,51.5444],[-0.4548,51.5476],[-0.4645,51.5478],[-0.4573,51.5551],[-0.4334,51.5495]]]}},{"type":"Feature","properties":{"cd":"E05013621","nm":"Hounslow East"},"geometry":{"type":"Polygon","coordinates":[[[-0.3534,51.4761],[-0.3467,51.476],[-0.3478,51.4739],[-0.3419,51.4722],[-0.3551,51.4655],[-0.359,51.466],[-0.355,51.4705],[-0.3608,51.4771],[-0.3534,51.4761]]]}},{"type":"Feature","properties":{"cd":"E05013622","nm":"Hounslow Heath"},"geometry":{"type":"Polygon","coordinates":[[[-0.3627,51.4617],[-0.3696,51.457],[-0.3878,51.4494],[-0.3895,51.4492],[-0.3903,51.4513],[-0.4014,51.459],[-0.3931,51.4613],[-0.3661,51.468],[-0.3627,51.4617]]]}},{"type":"Feature","properties":{"cd":"E05013623","nm":"Hounslow South"},"geometry":{"type":"Polygon","coordinates":[[[-0.3417,51.459],[-0.3427,51.4581],[-0.3696,51.457],[-0.3696,51.457],[-0.3627,51.4617],[-0.3551,51.4655],[-0.3419,51.4722],[-0.3383,51.4741],[-0.3352,51.466],[-0.3412,51.4662],[-0.3417,51.459]]]}},{"type":"Feature","properties":{"cd":"E05013624","nm":"Hounslow West"},"geometry":{"type":"Polygon","coordinates":[[[-0.373,51.4716],[-0.3671,51.4712],[-0.3661,51.468],[-0.3931,51.4613],[-0.3928,51.4749],[-0.3787,51.4704],[-0.378,51.4734],[-0.373,51.4716]]]}},{"type":"Feature","properties":{"cd":"E05013612","nm":"Cranford"},"geometry":{"type":"Polygon","coordinates":[[[-0.3939,51.4751],[-0.3928,51.4749],[-0.3931,51.4613],[-0.4014,51.459],[-0.4087,51.4679],[-0.4111,51.4699],[-0.4169,51.4825],[-0.4118,51.4924],[-0.4035,51.4911],[-0.4034,51.485],[-0.4076,51.484],[-0.4041,51.4778],[-0.3939,51.4751]]]}},{"type":"Feature","properties":{"cd":"E05013614","nm":"Feltham West"},"geometry":{"type":"Polygon","coordinates":[[[-0.4094,51.4469],[-0.4237,51.4375],[-0.4179,51.433],[-0.4186,51.4321],[-0.4278,51.4293],[-0.44,51.4306],[-0.4398,51.4346],[-0.4477,51.435],[-0.4463,51.44],[-0.4259,51.4445],[-0.422,51.4511],[-0.4094,51.4469]]]}},{"type":"Feature","properties":{"cd":"E05013616","nm":"Hanworth Village"},"geometry":{"type":"Polygon","coordinates":[[[-0.3671,51.4417],[-0.3761,51.4355],[-0.3762,51.4355],[-0.3884,51.428],[-0.385,51.4213],[-0.3913,51.4223],[-0.4078,51.4236],[-0.4186,51.4321],[-0.4179,51.433],[-0.3985,51.4317],[-0.4003,51.4354],[-0.3947,51.435],[-0.3898,51.4405],[-0.3967,51.4442],[-0.3895,51.4492],[-0.3878,51.4494],[-0.3782,51.4425],[-0.3671,51.4417]]]}},{"type":"Feature","properties":{"cd":"E05013617","nm":"Heston Central"},"geometry":{"type":"Polygon","coordinates":[[[-0.373,51.4716],[-0.378,51.4734],[-0.3787,51.4704],[-0.3928,51.4749],[-0.3939,51.4751],[-0.3863,51.4837],[-0.3813,51.4833],[-0.3811,51.4882],[-0.3764,51.489],[-0.373,51.485],[-0.373,51.4716]]]}},{"type":"Feature","properties":{"cd":"E05013618","nm":"Heston East"},"geometry":{"type":"Polygon","coordinates":[[[-0.367,51.4928],[-0.3634,51.489],[-0.3684,51.4831],[-0.3607,51.4815],[-0.3622,51.4793],[-0.3528,51.4806],[-0.3534,51.4761],[-0.3608,51.4771],[-0.3632,51.4781],[-0.3671,51.4712],[-0.373,51.4716],[-0.373,51.485],[-0.3764,51.489],[-0.3811,51.4882],[-0.3814,51.4921],[-0.375,51.494],[-0.3719,51.4905],[-0.367,51.4928]]]}},{"type":"Feature","properties":{"cd":"E05014105","nm":"Kennington"},"geometry":{"type":"Polygon","coordinates":[[[-0.1033,51.4913],[-0.1085,51.4858],[-0.104,51.4809],[-0.1082,51.4803],[-0.1107,51.4813],[-0.1146,51.487],[-0.1182,51.4924],[-0.1115,51.4965],[-0.1033,51.4913]]]}},{"type":"Feature","properties":{"cd":"E05014113","nm":"Streatham Hill East"},"geometry":{"type":"Polygon","coordinates":[[[-0.1214,51.4443],[-0.1129,51.4411],[-0.1149,51.4374],[-0.1112,51.4371],[-0.1178,51.4331],[-0.1269,51.4381],[-0.1269,51.4382],[-0.1244,51.4451],[-0.1214,51.4443]]]}},{"type":"Feature","properties":{"cd":"E05013714","nm":"Bellingham"},"geometry":{"type":"Polygon","coordinates":[[[-0.0242,51.4386],[-0.0149,51.4238],[-0.0077,51.4145],[-0.021,51.416],[-0.021,51.421],[-0.0333,51.4246],[-0.0399,51.4243],[-0.0375,51.4307],[-0.0291,51.4325],[-0.0266,51.4363],[-0.0256,51.4405],[-0.0242,51.4386]]]}},{"type":"Feature","properties":{"cd":"E05013596","nm":"Northumberland Park"},"geometry":{"type":"Polygon","coordinates":[[[-0.0414,51.6056],[-0.0523,51.5935],[-0.0681,51.5974],[-0.0675,51.6086],[-0.0414,51.6056]]]}},{"type":"Feature","properties":{"cd":"E05013598","nm":"Seven Sisters"},"geometry":{"type":"Polygon","coordinates":[[[-0.0721,51.584],[-0.0724,51.5756],[-0.0762,51.5749],[-0.0857,51.575],[-0.0815,51.5799],[-0.078,51.5811],[-0.0842,51.5857],[-0.0721,51.584]]]}},{"type":"Feature","properties":{"cd":"E05013599","nm":"South Tottenham"},"geometry":{"type":"Polygon","coordinates":[[[-0.0532,51.5869],[-0.0612,51.5778],[-0.0724,51.5756],[-0.0721,51.584],[-0.0703,51.589],[-0.0532,51.5869]]]}},{"type":"Feature","properties":{"cd":"E05013597","nm":"St Ann's"},"geometry":{"type":"Polygon","coordinates":[[[-0.0868,51.5862],[-0.0842,51.5857],[-0.078,51.5811],[-0.0815,51.5799],[-0.099,51.5824],[-0.0983,51.5873],[-0.0868,51.5862]]]}},{"type":"Feature","properties":{"cd":"E05013600","nm":"Stroud Green"},"geometry":{"type":"Polygon","coordinates":[[[-0.1063,51.5796],[-0.104,51.565],[-0.1044,51.5648],[-0.1107,51.5686],[-0.1157,51.572],[-0.1189,51.5747],[-0.1143,51.5762],[-0.117,51.5806],[-0.1119,51.5821],[-0.1063,51.5796]]]}},{"type":"Feature","properties":{"cd":"E05013601","nm":"Tottenham Central"},"geometry":{"type":"Polygon","coordinates":[[[-0.0695,51.5941],[-0.0703,51.589],[-0.0721,51.584],[-0.0842,51.5857],[-0.0868,51.5862],[-0.0834,51.5931],[-0.079,51.594],[-0.0721,51.596],[-0.0695,51.5941]]]}},{"type":"Feature","properties":{"cd":"E05013602","nm":"Tottenham Hale"},"geometry":{"type":"Polygon","coordinates":[[[-0.0523,51.5935],[-0.0532,51.5869],[-0.0703,51.589],[-0.0695,51.5941],[-0.0681,51.5974],[-0.0523,51.5935]]]}},{"type":"Feature","properties":{"cd":"E05013603","nm":"West Green"},"geometry":{"type":"Polygon","coordinates":[[[-0.079,51.594],[-0.0834,51.5931],[-0.0868,51.5862],[-0.0983,51.5873],[-0.1034,51.5905],[-0.095,51.5953],[-0.096,51.5983],[-0.0795,51.5982],[-0.079,51.594]]]}},{"type":"Feature","properties":{"cd":"E05013604","nm":"White Hart Lane"},"geometry":{"type":"Polygon","coordinates":[[[-0.0795,51.5982],[-0.096,51.5983],[-0.1009,51.5995],[-0.0975,51.6085],[-0.0856,51.6085],[-0.0856,51.6085],[-0.087,51.6033],[-0.0799,51.603],[-0.0795,51.5982]]]}},{"type":"Feature","properties":{"cd":"E05013543","nm":"Canons"},"geometry":{"type":"Polygon","coordinates":[[[-0.281,51.6123],[-0.2837,51.6085],[-0.2918,51.6071],[-0.3011,51.6073],[-0.3049,51.6128],[-0.308,51.618],[-0.2926,51.6217],[-0.281,51.6123]]]}},{"type":"Feature","properties":{"cd":"E05013544","nm":"Centenary"},"geometry":{"type":"Polygon","coordinates":[[[-0.2918,51.6071],[-0.2844,51.5977],[-0.2901,51.5963],[-0.3109,51.593],[-0.3143,51.5981],[-0.3071,51.601],[-0.3079,51.6057],[-0.3011,51.6073],[-0.2918,51.6071]]]}},{"type":"Feature","properties":{"cd":"E05013545","nm":"Edgware"},"geometry":{"type":"Polygon","coordinates":[[[-0.2783,51.6098],[-0.2671,51.6004],[-0.2871,51.5946],[-0.2901,51.5963],[-0.2844,51.5977],[-0.2918,51.6071],[-0.2837,51.6085],[-0.281,51.6123],[-0.2783,51.6098]]]}},{"type":"Feature","properties":{"cd":"E05013546","nm":"Greenhill"},"geometry":{"type":"Polygon","coordinates":[[[-0.317,51.5821],[-0.3266,51.5786],[-0.3266,51.5783],[-0.3419,51.5794],[-0.342,51.5798],[-0.342,51.5806],[-0.3341,51.5819],[-0.3351,51.5864],[-0.3276,51.5887],[-0.317,51.5821]]]}},{"type":"Feature","properties":{"cd":"E05013547","nm":"Harrow on the Hill"},"geometry":{"type":"Polygon","coordinates":[[[-0.3266,51.5783],[-0.3221,51.5697],[-0.3298,51.5671],[-0.3313,51.5614],[-0.3356,51.5566],[-0.3475,51.5597],[-0.3531,51.569],[-0.3498,51.5752],[-0.3436,51.5746],[-0.3419,51.5794],[-0.3266,51.5783]]]}},{"type":"Feature","properties":{"cd":"E05013548","nm":"Harrow Weald"},"geometry":{"type":"Polygon","coordinates":[[[-0.3292,51.6098],[-0.3276,51.604],[-0.3498,51.5993],[-0.3573,51.6029],[-0.3528,51.6039],[-0.3552,51.6096],[-0.3682,51.6207],[-0.3626,51.6235],[-0.3399,51.6307],[-0.3425,51.6209],[-0.3292,51.6098]]]}},{"type":"Feature","properties":{"cd":"E05013549","nm":"Hatch End"},"geometry":{"type":"Polygon","coordinates":[[[-0.3573,51.6029],[-0.3651,51.6072],[-0.3731,51.6009],[-0.3794,51.6054],[-0.3848,51.6041],[-0.3846,51.6162],[-0.3682,51.6207],[-0.3552,51.6096],[-0.3528,51.6039],[-0.3573,51.6029]]]}},{"type":"Feature","properties":{"cd":"E05013550","nm":"Headstone"},"geometry":{"type":"Polygon","coordinates":[[[-0.3573,51.6029],[-0.3498,51.5993],[-0.3462,51.5976],[-0.3491,51.5968],[-0.342,51.5806],[-0.342,51.5798],[-0.3478,51.5803],[-0.3591,51.5847],[-0.358,51.5892],[-0.3637,51.5903],[-0.3731,51.6009],[-0.3651,51.6072],[-0.3573,51.6029]]]}},{"type":"Feature","properties":{"cd":"E05013551","nm":"Kenton East"},"geometry":{"type":"Polygon","coordinates":[[[-0.2871,51.5946],[-0.2904,51.5935],[-0.2842,51.5905],[-0.2825,51.5851],[-0.3068,51.5865],[-0.3109,51.593],[-0.2901,51.5963],[-0.2871,51.5946]]]}},{"type":"Feature","properties":{"cd":"E05013552","nm":"Kenton West"},"geometry":{"type":"Polygon","coordinates":[[[-0.3143,51.5981],[-0.3109,51.593],[-0.3068,51.5865],[-0.317,51.5821],[-0.3276,51.5887],[-0.3318,51.5907],[-0.3237,51.5917],[-0.3212,51.5982],[-0.3187,51.6008],[-0.3143,51.5981]]]}},{"type":"Feature","properties":{"cd":"E05013559","nm":"Roxeth"},"geometry":{"type":"Polygon","coordinates":[[[-0.3475,51.5597],[-0.3623,51.5572],[-0.3759,51.5531],[-0.3778,51.555],[-0.3801,51.5596],[-0.3568,51.5682],[-0.3531,51.569],[-0.3475,51.5597]]]}},{"type":"Feature","properties":{"cd":"E05013562","nm":"Wealdstone South"},"geometry":{"type":"Polygon","coordinates":[[[-0.3212,51.5982],[-0.3237,51.5917],[-0.3318,51.5907],[-0.3381,51.5938],[-0.3367,51.5975],[-0.3235,51.6],[-0.3212,51.5982]]]}},{"type":"Feature","properties":{"cd":"E05013975","nm":"Heaton"},"geometry":{"type":"Polygon","coordinates":[[[0.2305,51.6002],[0.2128,51.5927],[0.194,51.5951],[0.1936,51.6032],[0.2071,51.6115],[0.2132,51.6102],[0.2141,51.6061],[0.2204,51.6076],[0.2305,51.6002]]]}},{"type":"Feature","properties":{"cd":"E05013981","nm":"St Alban's"},"geometry":{"type":"Polygon","coordinates":[[[0.2016,51.5743],[0.1973,51.5693],[0.185,51.5681],[0.1789,51.5737],[0.1921,51.5774],[0.2016,51.5743]]]}},{"type":"Feature","properties":{"cd":"E05013982","nm":"St Andrew's"},"geometry":{"type":"Polygon","coordinates":[[[0.213,51.5704],[0.2333,51.5625],[0.2395,51.5591],[0.2328,51.5509],[0.2297,51.5565],[0.2055,51.5511],[0.2078,51.5553],[0.2025,51.5563],[0.2097,51.5603],[0.213,51.5704],[0.213,51.5704]]]}},{"type":"Feature","properties":{"cd":"E05013983","nm":"St Edward's"},"geometry":{"type":"Polygon","coordinates":[[[0.1921,51.5774],[0.1789,51.5737],[0.175,51.5728],[0.1739,51.5785],[0.1649,51.5818],[0.1727,51.5864],[0.1788,51.58],[0.1997,51.5865],[0.2047,51.5814],[0.1921,51.5774]]]}},{"type":"Feature","properties":{"cd":"E05013572","nm":"Hillingdon West"},"geometry":{"type":"Polygon","coordinates":[[[-0.4529,51.5328],[-0.4588,51.5353],[-0.4722,51.5348],[-0.4812,51.5441],[-0.4754,51.5429],[-0.4713,51.5476],[-0.4645,51.5478],[-0.4548,51.5476],[-0.4595,51.5444],[-0.4507,51.5411],[-0.4529,51.5328]]]}},{"type":"Feature","properties":{"cd":"E05013573","nm":"Ickenham & South Harefield"},"geometry":{"type":"Polygon","coordinates":[[[-0.4643,51.5888],[-0.4595,51.5812],[-0.4428,51.5796],[-0.4422,51.5754],[-0.4523,51.5732],[-0.4311,51.5676],[-0.4214,51.5644],[-0.4237,51.5591],[-0.4201,51.5576],[-0.4296,51.5573],[-0.4287,51.5524],[-0.4334,51.5495],[-0.4573,51.5551],[-0.477,51.5596],[-0.4828,51.5628],[-0.484,51.5751],[-0.4948,51.5848],[-0.4996,51.5967],[-0.4827,51.5965],[-0.4643,51.5888]]]}},{"type":"Feature","properties":{"cd":"E05013575","nm":"Northwood Hills"},"geometry":{"type":"Polygon","coordinates":[[[-0.404,51.6132],[-0.3977,51.5969],[-0.3956,51.5906],[-0.4148,51.5899],[-0.4203,51.5959],[-0.412,51.6017],[-0.4185,51.605],[-0.412,51.6142],[-0.404,51.6132]]]}},{"type":"Feature","properties":{"cd":"E05013574","nm":"Northwood"},"geometry":{"type":"Polygon","coordinates":[[[-0.412,51.6142],[-0.4185,51.605],[-0.412,51.6017],[-0.4203,51.5959],[-0.4263,51.5967],[-0.4324,51.6024],[-0.4461,51.6003],[-0.444,51.5973],[-0.453,51.5947],[-0.4537,51.5908],[-0.4628,51.5955],[-0.4567,51.6021],[-0.4587,51.6072],[-0.4511,51.6103],[-0.4571,51.6123],[-0.4406,51.6201],[-0.412,51.6142]]]}},{"type":"Feature","properties":{"cd":"E05013576","nm":"Pinkwell"},"geometry":{"type":"Polygon","coordinates":[[[-0.4074,51.5028],[-0.4038,51.5029],[-0.4069,51.4997],[-0.4118,51.4924],[-0.4533,51.4957],[-0.4529,51.4978],[-0.4481,51.5049],[-0.4428,51.5057],[-0.424,51.5013],[-0.4074,51.5028]]]}},{"type":"Feature","properties":{"cd":"E05013579","nm":"South Ruislip"},"geometry":{"type":"Polygon","coordinates":[[[-0.3819,51.5631],[-0.3801,51.5596],[-0.3778,51.555],[-0.395,51.548],[-0.3987,51.5479],[-0.3953,51.5426],[-0.4168,51.5402],[-0.4181,51.5417],[-0.4116,51.5481],[-0.4334,51.5495],[-0.4287,51.5524],[-0.4296,51.5573],[-0.4201,51.5576],[-0.4237,51.5591],[-0.4214,51.5644],[-0.4115,51.5612],[-0.4008,51.5653],[-0.3859,51.5709],[-0.3819,51.5631]]]}},{"type":"Feature","properties":{"cd":"E05014099","nm":"Clapham Common & Abbeville"},"geometry":{"type":"Polygon","coordinates":[[[-0.1291,51.4598],[-0.1293,51.4554],[-0.137,51.4496],[-0.1423,51.451],[-0.1477,51.4523],[-0.1481,51.4564],[-0.1497,51.4613],[-0.1434,51.4612],[-0.1373,51.4572],[-0.1291,51.4598]]]}},{"type":"Feature","properties":{"cd":"E05014100","nm":"Clapham East"},"geometry":{"type":"Polygon","coordinates":[[[-0.1227,51.4666],[-0.1218,51.4636],[-0.1294,51.4641],[-0.1291,51.4598],[-0.1373,51.4572],[-0.1434,51.4612],[-0.1312,51.4644],[-0.127,51.4686],[-0.1227,51.4666]]]}},{"type":"Feature","properties":{"cd":"E05013715","nm":"Blackheath"},"geometry":{"type":"Polygon","coordinates":[[[0.0104,51.4585],[0.0115,51.4567],[-0.0038,51.4588],[-0.0131,51.4689],[-0.014,51.4727],[0.0121,51.4732],[0.018,51.4738],[0.0165,51.4691],[0.0126,51.4698],[0.0133,51.4668],[0.0091,51.4659],[0.0104,51.4585]]]}},{"type":"Feature","properties":{"cd":"E05013717","nm":"Catford South"},"geometry":{"type":"Polygon","coordinates":[[[-0.0027,51.4309],[-0.0005,51.4263],[-0.0109,51.4273],[-0.0149,51.4238],[-0.0242,51.4386],[-0.0195,51.4389],[-0.0203,51.4432],[-0.0103,51.4417],[-0.009,51.4447],[-0.0021,51.4446],[-0.0027,51.4309]]]}},{"type":"Feature","properties":{"cd":"E05014111","nm":"Stockwell West & Larkhall"},"geometry":{"type":"Polygon","coordinates":[[[-0.1284,51.4796],[-0.118,51.4765],[-0.1268,51.4688],[-0.1366,51.4684],[-0.1398,51.4713],[-0.1339,51.4757],[-0.1307,51.4802],[-0.1284,51.4796]]]}},{"type":"Feature","properties":{"cd":"E05014112","nm":"Streatham Common & Vale"},"geometry":{"type":"Polygon","coordinates":[[[-0.1143,51.4243],[-0.1126,51.4232],[-0.1268,51.4127],[-0.1277,51.4123],[-0.1481,51.4129],[-0.1432,51.4173],[-0.1404,51.4193],[-0.1378,51.4211],[-0.1356,51.4181],[-0.1313,51.4197],[-0.1295,51.4267],[-0.1143,51.4243]]]}},{"type":"Feature","properties":{"cd":"E05014114","nm":"Streatham Hill West & Thornton"},"geometry":{"type":"Polygon","coordinates":[[[-0.1244,51.4451],[-0.1269,51.4382],[-0.1375,51.4402],[-0.1359,51.442],[-0.1436,51.4418],[-0.1456,51.446],[-0.1351,51.448],[-0.13,51.4439],[-0.1285,51.4462],[-0.1244,51.4451]]]}},{"type":"Feature","properties":{"cd":"E05014119","nm":"West Dulwich"},"geometry":{"type":"Polygon","coordinates":[[[-0.0929,51.4411],[-0.0893,51.432],[-0.1,51.4313],[-0.1047,51.4365],[-0.0981,51.4395],[-0.104,51.4407],[-0.1051,51.4456],[-0.1111,51.4454],[-0.11,51.4458],[-0.1008,51.4503],[-0.0929,51.4411]]]}},{"type":"Feature","properties":{"cd":"E05014104","nm":"Herne Hill & Loughborough Junction"},"geometry":{"type":"Polygon","coordinates":[[[-0.093,51.472],[-0.0912,51.4676],[-0.0922,51.4611],[-0.1008,51.4503],[-0.11,51.4458],[-0.1114,51.4563],[-0.1052,51.4572],[-0.1045,51.4646],[-0.1015,51.4703],[-0.0994,51.4726],[-0.096,51.4699],[-0.093,51.472]]]}},{"type":"Feature","properties":{"cd":"E05014095","nm":"Brixton Acre Lane"},"geometry":{"type":"Polygon","coordinates":[[[-0.1218,51.4636],[-0.1149,51.463],[-0.1157,51.4612],[-0.1224,51.4505],[-0.1301,51.4527],[-0.1293,51.4554],[-0.1291,51.4598],[-0.1294,51.4641],[-0.1218,51.4636]]]}},{"type":"Feature","properties":{"cd":"E05014097","nm":"Brixton Rush Common"},"geometry":{"type":"Polygon","coordinates":[[[-0.1114,51.4563],[-0.11,51.4458],[-0.1111,51.4454],[-0.1193,51.4472],[-0.1214,51.4443],[-0.1244,51.4451],[-0.1224,51.4505],[-0.1157,51.4612],[-0.1114,51.4563]]]}},{"type":"Feature","properties":{"cd":"E05013914","nm":"Green Street West"},"geometry":{"type":"Polygon","coordinates":[[[0.0354,51.5354],[0.027,51.5334],[0.0275,51.5367],[0.0221,51.5368],[0.0212,51.5414],[0.0312,51.5469],[0.0354,51.5354]]]}},{"type":"Feature","properties":{"cd":"E05013915","nm":"Little Ilford"},"geometry":{"type":"Polygon","coordinates":[[[0.0636,51.5573],[0.0649,51.5564],[0.0684,51.5444],[0.0683,51.5443],[0.057,51.5409],[0.0572,51.5464],[0.0534,51.5538],[0.0443,51.5576],[0.042,51.5615],[0.0503,51.564],[0.0602,51.5564],[0.0636,51.5573]]]}},{"type":"Feature","properties":{"cd":"E05013916","nm":"Manor Park"},"geometry":{"type":"Polygon","coordinates":[[[0.0572,51.5464],[0.0484,51.5483],[0.0498,51.5436],[0.0427,51.5423],[0.0387,51.5481],[0.0439,51.5494],[0.036,51.551],[0.0354,51.5553],[0.0463,51.5548],[0.0443,51.5576],[0.0534,51.5538],[0.0572,51.5464]]]}},{"type":"Feature","properties":{"cd":"E05013917","nm":"Maryland"},"geometry":{"type":"Polygon","coordinates":[[[0.0163,51.5532],[0.0151,51.5478],[0.0084,51.5446],[-0.0003,51.5439],[-0.0042,51.551],[-0.0002,51.5517],[0.0096,51.5512],[0.0146,51.555],[0.0163,51.5532]]]}},{"type":"Feature","properties":{"cd":"E05013918","nm":"Plaistow North"},"geometry":{"type":"Polygon","coordinates":[[[0.0221,51.5368],[0.0275,51.5367],[0.027,51.5334],[0.0354,51.5354],[0.0378,51.5302],[0.0293,51.5259],[0.018,51.5314],[0.0186,51.537],[0.0221,51.5368]]]}},{"type":"Feature","properties":{"cd":"E05013919","nm":"Plaistow South"},"geometry":{"type":"Polygon","coordinates":[[[0.0394,51.5254],[0.0413,51.5197],[0.0234,51.5173],[0.0226,51.5224],[0.0293,51.5259],[0.0378,51.5302],[0.0394,51.5254]]]}},{"type":"Feature","properties":{"cd":"E05013920","nm":"Plaistow West & Canning Town East"},"geometry":{"type":"Polygon","coordinates":[[[0.0293,51.5259],[0.0226,51.5224],[0.0234,51.5173],[0.0173,51.5171],[0.0124,51.5196],[0.012,51.53],[0.018,51.5314],[0.0293,51.5259]]]}},{"type":"Feature","properties":{"cd":"E05013922","nm":"Royal Albert"},"geometry":{"type":"Polygon","coordinates":[[[0.0474,51.509],[0.079,51.5068],[0.0773,51.5052],[0.0771,51.5049],[0.0709,51.5006],[0.0687,51.4991],[0.0391,51.4986],[0.0403,51.5095],[0.0474,51.509]]]}},{"type":"Feature","properties":{"cd":"E05013923","nm":"Royal Victoria"},"geometry":{"type":"Polygon","coordinates":[[[0.0187,51.5096],[0.0403,51.5095],[0.0391,51.4986],[0.0244,51.4983],[0.019,51.5015],[0.0157,51.5035],[0.0135,51.5049],[0.0094,51.5079],[0.0098,51.5084],[0.006,51.5102],[0.0187,51.5096]]]}},{"type":"Feature","properties":{"cd":"E05013925","nm":"Stratford Olympic Park"},"geometry":{"type":"Polygon","coordinates":[[[-0.0042,51.551],[-0.0003,51.5439],[-0.018,51.5322],[-0.0213,51.537],[-0.0165,51.5433],[-0.0172,51.5516],[-0.0108,51.5526],[-0.0087,51.5499],[-0.0042,51.551]]]}},{"type":"Feature","properties":{"cd":"E05013924","nm":"Stratford"},"geometry":{"type":"Polygon","coordinates":[[[0.0105,51.541],[0.0007,51.5366],[0.0048,51.5283],[-0.0078,51.5254],[-0.0137,51.5298],[-0.018,51.5322],[-0.0003,51.5439],[0.0084,51.5446],[0.0105,51.541]]]}},{"type":"Feature","properties":{"cd":"E05013927","nm":"West Ham"},"geometry":{"type":"Polygon","coordinates":[[[0.0221,51.5368],[0.0186,51.537],[0.018,51.5314],[0.012,51.53],[0.0048,51.5283],[0.0007,51.5366],[0.0105,51.541],[0.0212,51.5414],[0.0221,51.5368]]]}},{"type":"Feature","properties":{"cd":"E05011235","nm":"Barkingside"},"geometry":{"type":"Polygon","coordinates":[[[0.0795,51.5862],[0.0822,51.5825],[0.0745,51.5751],[0.0675,51.5763],[0.057,51.5764],[0.0552,51.5805],[0.0701,51.5875],[0.0732,51.5889],[0.0795,51.5862]]]}},{"type":"Feature","properties":{"cd":"E05011236","nm":"Bridge"},"geometry":{"type":"Polygon","coordinates":[[[0.0587,51.6091],[0.0728,51.6047],[0.0762,51.5971],[0.0566,51.6011],[0.0539,51.5984],[0.0456,51.5998],[0.0322,51.6036],[0.0408,51.6157],[0.0537,51.6183],[0.048,51.6133],[0.0587,51.6091]]]}},{"type":"Feature","properties":{"cd":"E05011238","nm":"Churchfields"},"geometry":{"type":"Polygon","coordinates":[[[0.0322,51.6036],[0.0456,51.5998],[0.0376,51.5939],[0.0125,51.5954],[0.0125,51.5954],[0.0164,51.6039],[0.0196,51.6076],[0.0322,51.6036]]]}},{"type":"Feature","properties":{"cd":"E05011239","nm":"Clayhall"},"geometry":{"type":"Polygon","coordinates":[[[0.0701,51.5875],[0.0552,51.5805],[0.057,51.5764],[0.0443,51.5759],[0.0399,51.5842],[0.0378,51.5937],[0.0489,51.5901],[0.0633,51.5911],[0.0701,51.5875]]]}},{"type":"Feature","properties":{"cd":"E05011240","nm":"Clementswood"},"geometry":{"type":"Polygon","coordinates":[[[0.0862,51.5507],[0.0752,51.5496],[0.0714,51.5565],[0.0855,51.559],[0.0862,51.5507]]]}},{"type":"Feature","properties":{"cd":"E05011241","nm":"Cranbrook"},"geometry":{"type":"Polygon","coordinates":[[[0.0569,51.5625],[0.0443,51.5759],[0.057,51.5764],[0.0675,51.5763],[0.0682,51.5693],[0.0569,51.5625]]]}},{"type":"Feature","properties":{"cd":"E05011242","nm":"Fairlop"},"geometry":{"type":"Polygon","coordinates":[[[0.1095,51.6007],[0.091,51.5954],[0.0888,51.5867],[0.0808,51.5881],[0.0852,51.5937],[0.0762,51.5971],[0.0728,51.6047],[0.0794,51.607],[0.0888,51.6049],[0.0947,51.6108],[0.0936,51.604],[0.1051,51.6066],[0.1095,51.6007]]]}},{"type":"Feature","properties":{"cd":"E05011243","nm":"Fullwell"},"geometry":{"type":"Polygon","coordinates":[[[0.0762,51.5971],[0.0852,51.5937],[0.0808,51.5881],[0.0795,51.5862],[0.0732,51.5889],[0.0701,51.5875],[0.0633,51.5911],[0.0489,51.5901],[0.0378,51.5937],[0.0376,51.5939],[0.0456,51.5998],[0.0539,51.5984],[0.0566,51.6011],[0.0762,51.5971]]]}},{"type":"Feature","properties":{"cd":"E05011245","nm":"Hainault"},"geometry":{"type":"Polygon","coordinates":[[[0.1482,51.599],[0.1419,51.5966],[0.1291,51.6085],[0.1095,51.6007],[0.1051,51.6066],[0.0936,51.604],[0.0947,51.6108],[0.0923,51.6136],[0.0981,51.6154],[0.1038,51.6126],[0.1167,51.6169],[0.1193,51.6154],[0.1382,51.6235],[0.1475,51.6122],[0.1482,51.599]]]}},{"type":"Feature","properties":{"cd":"E05013777","nm":"Ham, Petersham & Richmond Riverside"},"geometry":{"type":"MultiPolygon","coordinates":[[[[-0.3043,51.4516],[-0.3057,51.451],[-0.3055,51.4551],[-0.3043,51.4516]]],[[[-0.2563,51.4363],[-0.2786,51.4234],[-0.2866,51.4202],[-0.2878,51.4227],[-0.2906,51.429],[-0.2948,51.4264],[-0.3016,51.4314],[-0.3107,51.4322],[-0.3144,51.4282],[-0.319,51.4295],[-0.3184,51.4296],[-0.3259,51.4329],[-0.3269,51.4335],[-0.3299,51.4417],[-0.3299,51.4417],[-0.3059,51.4485],[-0.3025,51.4523],[-0.3049,51.4562],[-0.2996,51.4558],[-0.2954,51.4498],[-0.2827,51.4494],[-0.283,51.4467],[-0.2661,51.4375],[-0.2563,51.4363]]]]}},{"type":"Feature","properties":{"cd":"E05013779","nm":"Hampton North"},"geometry":{"type":"Polygon","coordinates":[[[-0.3602,51.4221],[-0.385,51.4213],[-0.3884,51.428],[-0.3762,51.4355],[-0.367,51.4328],[-0.3602,51.4221]]]}},{"type":"Feature","properties":{"cd":"E05013780","nm":"Hampton Wick & South Teddington"},"geometry":{"type":"Polygon","coordinates":[[[-0.319,51.4295],[-0.3144,51.4282],[-0.3084,51.425],[-0.3085,51.4135],[-0.3103,51.3996],[-0.3121,51.3981],[-0.3185,51.4009],[-0.3122,51.4103],[-0.3186,51.4108],[-0.3203,51.4182],[-0.3295,51.423],[-0.3283,51.427],[-0.3202,51.4295],[-0.3199,51.4294],[-0.319,51.4295]]]}},{"type":"Feature","properties":{"cd":"E05013778","nm":"Hampton"},"geometry":{"type":"Polygon","coordinates":[[[-0.3525,51.4205],[-0.3517,51.4117],[-0.3359,51.411],[-0.3354,51.4085],[-0.3186,51.4108],[-0.3122,51.4103],[-0.3185,51.4009],[-0.3121,51.3981],[-0.3177,51.3937],[-0.3259,51.3914],[-0.3382,51.4008],[-0.3591,51.4119],[-0.3739,51.4085],[-0.3834,51.4085],[-0.3896,51.4107],[-0.3866,51.4201],[-0.3913,51.4223],[-0.385,51.4213],[-0.3602,51.4221],[-0.3525,51.4205]]]}},{"type":"Feature","properties":{"cd":"E05013781","nm":"Heathfield"},"geometry":{"type":"Polygon","coordinates":[[[-0.3696,51.457],[-0.3772,51.4521],[-0.353,51.4488],[-0.3671,51.4417],[-0.3782,51.4425],[-0.3878,51.4494],[-0.3696,51.457],[-0.3696,51.457]]]}},{"type":"Feature","properties":{"cd":"E05013782","nm":"Kew"},"geometry":{"type":"MultiPolygon","coordinates":[[[[-0.307,51.4763],[-0.3084,51.4757],[-0.3044,51.4791],[-0.307,51.4763]]],[[[-0.2838,51.4862],[-0.2838,51.4862],[-0.2839,51.4862],[-0.2838,51.4862]]],[[[-0.2735,51.4764],[-0.2705,51.4727],[-0.277,51.469],[-0.2883,51.4677],[-0.2907,51.4744],[-0.2936,51.4704],[-0.3098,51.4737],[-0.2954,51.4848],[-0.2873,51.4865],[-0.2782,51.4823],[-0.278,51.4821],[-0.2735,51.4764]]],[[[-0.2908,51.487],[-0.2954,51.486],[-0.2925,51.4872],[-0.2908,51.487]]]]}},{"type":"Feature","properties":{"cd":"E05013783","nm":"Mortlake & Barnes Common"},"geometry":{"type":"MultiPolygon","coordinates":[[[[-0.2551,51.4729],[-0.2552,51.4726],[-0.2557,51.4726],[-0.2551,51.4729]]],[[[-0.2516,51.4736],[-0.2456,51.4709],[-0.233,51.4717],[-0.2336,51.4653],[-0.2395,51.4649],[-0.253,51.4652],[-0.2715,51.4676],[-0.2768,51.4668],[-0.277,51.469],[-0.2705,51.4727],[-0.2705,51.4727],[-0.2602,51.4703],[-0.2516,51.4736]]]]}},{"type":"Feature","properties":{"cd":"E05013784","nm":"North Richmond"},"geometry":{"type":"Polygon","coordinates":[[[-0.277,51.469],[-0.2768,51.4668],[-0.2715,51.4676],[-0.2717,51.4642],[-0.2782,51.4643],[-0.2894,51.4617],[-0.3033,51.4648],[-0.3137,51.4607],[-0.3139,51.4607],[-0.3192,51.4684],[-0.3101,51.4735],[-0.3098,51.4737],[-0.2936,51.4704],[-0.2907,51.4744],[-0.2883,51.4677],[-0.277,51.469]]]}},{"type":"Feature","properties":{"cd":"E05013786","nm":"South Richmond"},"geometry":{"type":"Polygon","coordinates":[[[-0.2782,51.4643],[-0.2794,51.4596],[-0.2844,51.4618],[-0.2828,51.4564],[-0.2776,51.4566],[-0.2827,51.4494],[-0.2954,51.4498],[-0.2996,51.4558],[-0.3049,51.4562],[-0.305,51.4565],[-0.3137,51.4607],[-0.3033,51.4648],[-0.2894,51.4617],[-0.2782,51.4643]]]}},{"type":"Feature","properties":{"cd":"E05014992","nm":"Astley"},"geometry":{"type":"Polygon","coordinates":[[[-2.4304,53.5047],[-2.4385,53.4924],[-2.4361,53.4719],[-2.4356,53.4699],[-2.4345,53.465],[-2.4897,53.4603],[-2.4891,53.4758],[-2.4963,53.4809],[-2.4678,53.4911],[-2.4748,53.493],[-2.4676,53.4994],[-2.478,53.5112],[-2.442,53.5125],[-2.4424,53.5034],[-2.4304,53.5047]]]}},{"type":"Feature","properties":{"cd":"E05013951","nm":"Cunningham"},"geometry":{"type":"Polygon","coordinates":[[[-0.3055,51.7458],[-0.3037,51.7376],[-0.3011,51.7315],[-0.312,51.73],[-0.3193,51.7312],[-0.3264,51.7457],[-0.3197,51.7493],[-0.3055,51.7458]]]}},{"type":"Feature","properties":{"cd":"E05013954","nm":"Harpenden South"},"geometry":{"type":"Polygon","coordinates":[[[-0.3477,51.7923],[-0.3504,51.7952],[-0.3696,51.7873],[-0.3752,51.7912],[-0.3684,51.7937],[-0.3708,51.7979],[-0.3586,51.8027],[-0.3374,51.8106],[-0.3358,51.8109],[-0.3193,51.812],[-0.3397,51.7987],[-0.3359,51.7938],[-0.3477,51.7923]]]}},{"type":"Feature","properties":{"cd":"E05013097","nm":"Blackbird Leys"},"geometry":{"type":"Polygon","coordinates":[[[-1.194,51.7366],[-1.1792,51.7362],[-1.1758,51.7335],[-1.1903,51.727],[-1.1842,51.7216],[-1.1877,51.7185],[-1.1984,51.7179],[-1.2094,51.7251],[-1.2059,51.7264],[-1.1988,51.7345],[-1.1975,51.7373],[-1.194,51.7366]]]}},{"type":"Feature","properties":{"cd":"E05013115","nm":"St Mary's"},"geometry":{"type":"Polygon","coordinates":[[[-1.2291,51.7444],[-1.243,51.7371],[-1.2517,51.744],[-1.2475,51.7444],[-1.2451,51.7506],[-1.2291,51.7444]]]}},{"type":"Feature","properties":{"cd":"E05013116","nm":"Summertown"},"geometry":{"type":"Polygon","coordinates":[[[-1.2534,51.7696],[-1.2647,51.7648],[-1.2734,51.767],[-1.2838,51.7742],[-1.2822,51.7777],[-1.2785,51.7792],[-1.2703,51.7777],[-1.258,51.7814],[-1.2485,51.7772],[-1.2534,51.7696]]]}},{"type":"Feature","properties":{"cd":"E05013117","nm":"Temple Cowley"},"geometry":{"type":"Polygon","coordinates":[[[-1.1988,51.7345],[-1.2059,51.7264],[-1.212,51.7343],[-1.2237,51.7377],[-1.2201,51.7383],[-1.224,51.7407],[-1.2228,51.7458],[-1.2198,51.7477],[-1.2087,51.7479],[-1.2106,51.7402],[-1.1988,51.7345]]]}},{"type":"Feature","properties":{"cd":"E05013185","nm":"Norton North"},"geometry":{"type":"Polygon","coordinates":[[[-2.6525,53.3242],[-2.6624,53.323],[-2.6711,53.3262],[-2.6772,53.323],[-2.6863,53.3287],[-2.6836,53.3349],[-2.6784,53.3365],[-2.6805,53.3435],[-2.6699,53.344],[-2.6643,53.3319],[-2.6536,53.33],[-2.6525,53.3242]]]}},{"type":"Feature","properties":{"cd":"E05013183","nm":"Hough Green"},"geometry":{"type":"Polygon","coordinates":[[[-2.7577,53.3807],[-2.7537,53.3793],[-2.755,53.3755],[-2.7662,53.3739],[-2.7813,53.3717],[-2.7813,53.3717],[-2.7721,53.383],[-2.7577,53.3807]]]}},{"type":"Feature","properties":{"cd":"E05013175","nm":"Daresbury, Moore & Sandymoor"},"geometry":{"type":"Polygon","coordinates":[[[-2.5952,53.3225],[-2.6091,53.3121],[-2.6103,53.3182],[-2.6211,53.3192],[-2.628,53.3245],[-2.6391,53.326],[-2.6384,53.328],[-2.6525,53.3242],[-2.6536,53.33],[-2.6643,53.3319],[-2.6699,53.344],[-2.6805,53.3435],[-2.6908,53.346],[-2.6896,53.3499],[-2.6746,53.3537],[-2.6306,53.364],[-2.6268,53.3546],[-2.6315,53.346],[-2.6141,53.3477],[-2.6066,53.343],[-2.6191,53.3311],[-2.6149,53.3289],[-2.6104,53.3304],[-2.5952,53.3225]]]}}]}